cid,재출현연도수,지정횟수,최초연도,최종연도,누적사고,누적사상,누적사망,누적중상,위도,경도,지점명,시도,시군구,시설유형,재출현,지속성,PRI,RPI_사망기준
5941,14,32,2013,2026,234,294,26,178,34.740728868742316,127.72996672301359,전남광주통합특별시 여수시 교동(여객선터미널입구교차로 부근),전남광주통합특별시,여수시,역·터미널,True,1.0,294.0,26.0
2274,14,30,2013,2026,288,293,9,196,37.5799997392885,127.04309885871236,서울 동대문구 제기동(청량리전통시장 부근),서울특별시,동대문구,전통시장,True,1.0,293.0,9.0
3506,14,35,2013,2026,206,211,11,164,35.095980670178484,129.02626033217706,부산 서구 충무동3가(충무동골목시장 부근),부산광역시,서구,전통시장,True,1.0,211.0,11.0
670,14,18,2013,2026,178,190,4,140,35.15923307781239,129.05868753329239,부산 부산진구 부전동(약산약국 부근),부산광역시,부산진구,약국,True,1.0,190.0,4.0
5808,14,28,2013,2026,182,182,15,150,35.135446971199926,129.0905571074033,부산 남구 대연동(못골약국 부근),부산광역시,남구,약국,True,1.0,182.0,15.0
4450,14,27,2013,2026,169,180,8,131,34.8431025403134,128.42163422386716,경남 통영시 태평동(충무데마파트종합상설시장 부근),경상남도,통영시,전통시장,True,1.0,180.0,8.0
5911,14,25,2013,2026,158,159,4,137,36.35047128812496,126.59485354464375,충남 보령시 대천동(큰행복약국 부근),충청남도,보령시,약국,True,1.0,159.0,4.0
5334,14,22,2013,2026,148,158,6,118,35.162325478617866,129.0620714016078,부산 부산진구 부전동(부전사거리 부근),부산광역시,부산진구,교차로·사거리,True,1.0,158.0,6.0
5824,13,22,2013,2026,138,142,0,116,35.21449901811268,129.10522621531356,부산 금정구 서동(서동미로시장 부근),부산광역시,금정구,전통시장,True,0.9285714285714286,131.85714285714286,0.0
6047,13,15,2013,2026,116,126,0,85,37.4996946800604,126.93102624238,서울 동작구 상도동(상도119안전센터 부근),서울특별시,동작구,기타,True,0.9285714285714286,117.0,0.0
1422,13,19,2013,2026,120,122,6,80,37.43129378506389,127.12905531225512,경기 성남시 중원구 성남동(모란역 수인분당선 부근),경기도,성남시 중원구,기타,True,0.9285714285714286,113.28571428571429,5.571428571428571
4848,12,23,2015,2026,124,126,2,110,36.781983253462,127.00408988981526,충남 아산시 온천동(역전삼거리 부근),충청남도,아산시,교차로·사거리,True,0.8571428571428571,108.0,1.7142857142857142
5450,13,19,2013,2026,102,104,7,72,35.56430502362485,126.85395428750088,전북 정읍시 시기동(유한당약국 부근),전북특별자치도,정읍시,약국,True,0.9285714285714286,96.57142857142857,6.5
5417,12,12,2013,2025,96,112,4,78,36.627963311912,127.49113068936909,충북 청주시 상당구 석교동(시장약국 부근),충청북도,청주시 상당구,전통시장,True,0.8571428571428571,96.0,3.4285714285714284
2200,14,17,2013,2026,95,95,4,66,35.96451635760023,128.9380035111973,경북 영천시 완산동(영천공설시장 부근),경상북도,영천시,전통시장,True,1.0,95.0,4.0
1487,13,16,2013,2026,91,97,2,79,37.0063535204985,127.26789045871868,경기 안성시 석정동(기린약국 부근),경기도,안성시,약국,True,0.9285714285714286,90.07142857142857,1.8571428571428572
917,12,17,2014,2026,100,103,7,80,36.78222485796106,126.45853330506422,충남 서산시 동문동(동문동사거리 부근),충청남도,서산시,교차로·사거리,True,0.8571428571428571,88.28571428571428,6.0
5124,13,13,2013,2026,90,92,1,61,37.74039069872116,127.0512993313073,경기 의정부시 의정부동(녹색거리상점가 부근),경기도,의정부시,기타,True,0.9285714285714286,85.42857142857143,0.9285714285714286
397,13,14,2013,2026,89,90,5,79,36.281374918338216,126.90941481313129,충남 부여군 부여읍(두레네약국 부근),충청남도,부여군,약국,True,0.9285714285714286,83.57142857142857,4.642857142857143
455,12,17,2013,2026,93,95,8,72,36.03433543960853,129.36456449112842,경북 포항시 북구 죽도동(문경새재약국 부근),경상북도,포항시 북구,약국,True,0.8571428571428571,81.42857142857143,6.857142857142857
5203,13,13,2014,2026,83,87,0,70,35.80148740395554,126.88462258705239,전북 김제시 요촌동(전통시장사거리 부근),전북특별자치도,김제시,전통시장,True,0.9285714285714286,80.78571428571429,0.0
1017,12,14,2014,2026,91,94,0,81,35.20456238777486,128.57665064583364,경남 창원시 마산합포구 동성동(편한약국 부근),경상남도,창원시 마산합포구,약국,True,0.8571428571428571,80.57142857142857,0.0
5694,12,15,2014,2026,86,88,4,70,36.11726445977447,128.1235329000521,경북 김천시 황금동(황금먹거리시장 부근),경상북도,김천시,전통시장,True,0.8571428571428571,75.42857142857143,3.4285714285714284
4071,12,16,2013,2026,80,87,8,63,35.09161485230475,129.04344130590482,부산 영도구 봉래동3가(봉래교차로 부근),부산광역시,영도구,교차로·사거리,True,0.8571428571428571,74.57142857142857,6.857142857142857
5503,10,10,2014,2026,95,104,5,78,37.5783473827147,127.03829897210751,서울 동대문구 제기동(경동시장교차로 부근),서울특별시,동대문구,전통시장,True,0.7142857142857143,74.28571428571429,3.5714285714285716
3793,13,14,2013,2026,79,80,2,65,36.89321015991736,126.62994619537665,충남 당진시 읍내동(당진시장오거리 부근),충청남도,당진시,전통시장,True,0.9285714285714286,74.28571428571429,1.8571428571428572
2826,12,13,2013,2026,78,86,6,64,35.227881218335924,128.883053510492,경남 김해시 부원동(중앙지구대 부근),경상남도,김해시,기타,True,0.8571428571428571,73.71428571428571,5.142857142857142
4196,12,16,2013,2026,83,86,4,63,36.33074574410288,127.43268328164056,대전 동구 중동(대전역네거리 부근),대전광역시,동구,기타,True,0.8571428571428571,73.71428571428571,3.4285714285714284
1482,13,16,2014,2026,77,79,3,50,37.53926254215681,127.20564650430413,경기 하남시 신장동(지에스약국 부근),경기도,하남시,약국,True,0.9285714285714286,73.35714285714286,2.7857142857142856
5438,12,12,2013,2026,82,84,2,69,36.075338140676166,126.68787428657,충남 서천군 서천읍(시장약국 부근),충청남도,서천군,전통시장,True,0.8571428571428571,72.0,1.7142857142857142
6149,10,15,2013,2026,95,96,1,82,37.39659326143126,126.92142623166546,경기 안양시 만안구 안양동(안양4동행정복지센터 부근),경기도,안양시 만안구,주민센터·행정,True,0.7142857142857143,68.57142857142857,0.7142857142857143
418,11,11,2013,2026,84,85,8,55,35.98031510785627,126.719585331075,전북 군산시 대명동(군산화물역사거리 부근),전북특별자치도,군산시,교차로·사거리,True,0.7857142857142857,66.78571428571428,6.285714285714286
2823,13,13,2013,2026,69,70,0,59,34.927726932493925,128.06898099196715,경남 사천시 서동(서부치안센터 부근),경상남도,사천시,기타,True,0.9285714285714286,65.0,0.0
2288,13,14,2013,2026,65,69,4,54,37.59806562198329,127.09416665679178,서울 중랑구 망우동(우림맛솜씨길 골목형상점가 부근),서울특별시,중랑구,기타,True,0.9285714285714286,64.07142857142857,3.7142857142857144
3849,11,12,2013,2023,68,74,1,59,35.84470444629341,129.2165046211575,경북 경주시 황오동(역전삼거리 부근),경상북도,경주시,교차로·사거리,True,0.7857142857142857,58.14285714285714,0.7857142857142857
6139,11,12,2013,2026,71,74,3,54,37.44108058161875,127.13280704419593,경기 성남시 수정구 수진동(녹용당 약국 부근),경기도,성남시 수정구,약국,True,0.7857142857142857,58.14285714285714,2.357142857142857
2100,11,11,2013,2026,72,73,5,56,37.138105232849455,128.212693254931,충북 제천시 중앙로2가(동문시장 부근),충청북도,제천시,전통시장,True,0.7857142857142857,57.357142857142854,3.9285714285714284
2718,10,11,2015,2024,77,79,0,65,36.45793160098072,127.12454299521109,충남 공주시 산성동(공주산성시장 부근),충청남도,공주시,전통시장,True,0.7142857142857143,56.42857142857143,0.0
5322,10,11,2013,2026,63,76,1,51,35.130152279498546,129.04781218764765,부산 동구 수정동(수정전통시장 부근),부산광역시,동구,전통시장,True,0.7142857142857143,54.285714285714285,0.7142857142857143
62,11,13,2013,2025,62,69,8,45,37.61036638820669,126.92818078368562,서울 은평구 대조동(대조불광시장교차로 부근),서울특별시,은평구,전통시장,True,0.7857142857142857,54.214285714285715,6.285714285714286
4426,12,12,2013,2026,62,63,0,54,36.41369354322392,128.16020467123184,경북 상주시 남성동(상주중앙시장 부근),경상북도,상주시,전통시장,True,0.8571428571428571,54.0,0.0
6110,11,11,2013,2026,60,67,4,52,35.244475769971544,129.21636064745928,부산 기장군 기장읍(대영약국 부근),부산광역시,기장군,약국,True,0.7857142857142857,52.64285714285714,3.142857142857143
4533,11,11,2013,2026,66,67,7,49,37.59127846538818,126.9413634274781,서울 서대문구 홍은동(홍은사거리 부근),서울특별시,서대문구,교차로·사거리,True,0.7857142857142857,52.64285714285714,5.5
5198,12,12,2013,2026,59,59,5,41,35.951222993770585,126.95810219078567,전북 익산시 남중동(아기별어린이집 부근),전북특별자치도,익산시,기타,True,0.8571428571428571,50.57142857142857,4.285714285714286
3536,11,13,2013,2026,62,62,2,49,35.20355501607553,129.08105616044415,부산 동래구 수안동(동래만세거리 부근),부산광역시,동래구,기타,True,0.7857142857142857,48.714285714285715,1.5714285714285714
5994,11,11,2013,2026,58,61,3,41,37.57252995498536,127.01782461763909,서울 중구 황학동(독일사약국 부근),서울특별시,중구,약국,True,0.7857142857142857,47.92857142857143,2.357142857142857
488,10,11,2013,2026,62,64,5,53,35.194410166423545,128.0877720877542,경남 진주시 장대동(진주논개시장 부근),경상남도,진주시,전통시장,True,0.7142857142857143,45.714285714285715,3.5714285714285716
2078,9,13,2013,2026,68,71,5,40,37.75487274780585,128.8992658165369,강원 강릉시 옥천동(옥천오거리 부근),강원특별자치도,강릉시,교차로·사거리,True,0.6428571428571429,45.642857142857146,3.2142857142857144
2034,10,10,2013,2026,58,61,1,29,37.6855056307196,126.7704884730181,경기 고양시 일산서구 일산동(일산시장 부근),경기도,고양시 일산서구,전통시장,True,0.7142857142857143,43.57142857142857,0.7142857142857143
2739,10,13,2013,2023,60,61,7,38,35.812196136767156,127.14717236724576,전북 전주시 완산구 전동(풍남문교차로 부근),전북특별자치도,전주시 완산구,교차로·사거리,True,0.7142857142857143,43.57142857142857,5.0
1646,9,9,2014,2026,60,67,6,32,37.570276971198226,126.98963570250766,서울 종로구 종로2가(종로2가지구대 부근),서울특별시,종로구,기타,True,0.6428571428571429,43.07142857142858,3.8571428571428577
3324,10,10,2013,2026,59,60,5,36,35.844171358547996,129.2068936862674,경북 경주시 성건동(중앙시장네거리 부근),경상북도,경주시,전통시장,True,0.7142857142857143,42.85714285714286,3.5714285714285716
3972,10,10,2013,2026,56,59,0,39,37.6380566907235,127.0257131644798,서울 강북구 번동(수유역교차로 부근),서울특별시,강북구,교차로·사거리,True,0.7142857142857143,42.142857142857146,0.0
6028,10,11,2016,2026,55,59,2,47,37.58927683290128,126.91792013112818,서울 은평구 응암동(대림골목시장 부근),서울특별시,은평구,전통시장,True,0.7142857142857143,42.142857142857146,1.4285714285714286
4565,10,11,2015,2026,57,58,7,40,37.48227017567964,126.94344069880736,서울 관악구 봉천동(한길약국 부근),서울특별시,관악구,약국,True,0.7142857142857143,41.42857142857143,5.0
1703,9,9,2015,2026,55,64,4,39,37.625705610077226,127.02645175788444,서울 강북구 미아동(미아역교차로 부근),서울특별시,강북구,교차로·사거리,True,0.6428571428571429,41.142857142857146,2.5714285714285716
5411,9,11,2014,2026,60,63,3,56,37.40876961756509,127.25855997279545,경기 광주시 역동(중앙약국 부근),경기도,광주시,약국,True,0.6428571428571429,40.5,1.9285714285714288
1804,9,11,2013,2026,57,59,5,47,35.13796049547781,129.05974539315983,부산 동구 범일동(통영숯불바다장어 부근),부산광역시,동구,기타,True,0.6428571428571429,37.92857142857143,3.2142857142857144
5091,10,10,2013,2026,51,53,3,44,35.167801935879005,129.11544381285222,부산 수영구 수영동(수영팔도시장 부근),부산광역시,수영구,전통시장,True,0.7142857142857143,37.85714285714286,2.142857142857143
4133,9,11,2013,2025,58,58,2,44,35.869047961609276,128.58021989554945,대구 중구 대신동(대신119안전센터 부근),대구광역시,중구,기타,True,0.6428571428571429,37.28571428571429,1.2857142857142858
3392,9,9,2013,2026,56,57,2,28,37.57415595845889,127.02334144937277,서울 동대문구 신설동(양가네분식 부근),서울특별시,동대문구,기타,True,0.6428571428571429,36.642857142857146,1.2857142857142858
3266,10,11,2013,2026,51,51,2,46,35.83293815424782,127.14526033540837,전북 전주시 덕진구 인후동2가(다나은약국 부근),전북특별자치도,전주시 덕진구,약국,True,0.7142857142857143,36.42857142857143,1.4285714285714286
4657,8,8,2014,2025,59,62,2,47,35.87586885087225,128.6050492407315,대구 북구 칠성동1가(칠성교네거리 부근),대구광역시,북구,기타,True,0.5714285714285714,35.42857142857142,1.1428571428571428
2713,10,11,2013,2026,47,48,1,32,36.81026080356064,127.14844365070954,충남 천안시 동남구 대흥동(미소팜약국 부근),충청남도,천안시 동남구,약국,True,0.7142857142857143,34.285714285714285,0.7142857142857143
5037,9,9,2013,2026,50,53,0,41,37.51628047129933,126.90628364764922,서울 영등포구 영등포동4가(영등포역교차로 부근),서울특별시,영등포구,교차로·사거리,True,0.6428571428571429,34.07142857142858,0.0
5059,9,9,2013,2026,50,53,0,43,35.11588925436989,129.03967816326423,부산 동구 초량동(텍사스거리 부근),부산광역시,동구,기타,True,0.6428571428571429,34.07142857142858,0.0
5689,9,9,2014,2026,45,52,5,35,35.27569063445378,126.50242603696178,전남광주통합특별시 영광군 영광읍(영광터미널시장 부근),전남광주통합특별시,영광군,전통시장,True,0.6428571428571429,33.42857142857143,3.2142857142857144
5986,9,9,2014,2025,50,50,5,39,35.56807948117255,128.16174710427276,경남 합천군 합천읍(큰별약국 부근),경상남도,합천군,약국,True,0.6428571428571429,32.142857142857146,3.2142857142857144
4962,9,9,2013,2025,48,50,2,41,34.85679857546133,128.42792422563969,경남 통영시 북신동(무전사거리 부근),경상남도,통영시,교차로·사거리,True,0.6428571428571429,32.142857142857146,1.2857142857142858
2330,8,8,2013,2026,49,56,1,36,37.6192494270375,126.92096270054938,서울 은평구 갈현동(연신내역 GTX-A 부근),서울특별시,은평구,기타,True,0.5714285714285714,32.0,0.5714285714285714
1547,9,9,2014,2025,48,49,4,35,35.82464352666822,127.14435597174023,전북 전주시 완산구 태평동(신중앙시장 부근),전북특별자치도,전주시 완산구,전통시장,True,0.6428571428571429,31.500000000000004,2.5714285714285716
2259,8,8,2013,2025,47,55,2,40,37.55388368711988,127.010741108066,서울 중구 신당동(약수역사거리 부근),서울특별시,중구,교차로·사거리,True,0.5714285714285714,31.428571428571427,1.1428571428571428
5695,8,10,2013,2026,54,55,2,47,36.5664146937565,128.7274840036379,경북 안동시 대석동(한솔약국 부근),경상북도,안동시,약국,True,0.5714285714285714,31.428571428571427,1.1428571428571428
137,9,10,2013,2026,47,48,3,37,35.1025886092075,129.0268609553367,부산 중구 보수동2가(보수사거리 부근),부산광역시,중구,교차로·사거리,True,0.6428571428571429,30.85714285714286,1.9285714285714288
841,9,9,2014,2026,46,48,5,35,37.58606592918122,127.21231925615865,경기 남양주시 와부읍(덕소삼거리 부근),경기도,남양주시,교차로·사거리,True,0.6428571428571429,30.85714285714286,3.2142857142857144
1525,9,9,2013,2026,46,48,1,39,36.302055311456996,127.56824589573378,충북 옥천군 옥천읍(통계청사거리 부근),충청북도,옥천군,교차로·사거리,True,0.6428571428571429,30.85714285714286,0.6428571428571429
4626,9,10,2013,2026,46,47,1,34,35.182770841823995,129.0735729824097,부산 연제구 거제동(거제3치안센터 부근),부산광역시,연제구,기타,True,0.6428571428571429,30.214285714285715,0.6428571428571429
6135,9,10,2015,2026,45,47,0,40,36.6004378837044,127.29836198742751,세종 조치원읍(성지약국 부근),세종특별자치시,,약국,True,0.6428571428571429,30.214285714285715,0.0
5614,9,9,2013,2026,46,46,2,33,37.27537669993489,127.01922764352533,경기 수원시 팔달구 지동(영동사거리 부근),경기도,수원시 팔달구,교차로·사거리,True,0.6428571428571429,29.571428571428573,1.2857142857142858
513,9,9,2014,2024,44,46,0,31,37.565646812832334,127.01958437541111,서울 중구 신당동(신당역 2호선 부근),서울특별시,중구,기타,True,0.6428571428571429,29.571428571428573,0.0
5309,9,9,2013,2026,46,46,1,38,37.50739741331766,126.96176735886712,서울 동작구 흑석동(신세명약국 부근),서울특별시,동작구,약국,True,0.6428571428571429,29.571428571428573,0.6428571428571429
2468,8,8,2013,2022,42,51,3,30,35.1866912294925,129.08305077167677,부산광역시 연제구 연산동(연산교차로 부근),부산광역시,연제구,교차로·사거리,True,0.5714285714285714,29.142857142857142,1.7142857142857142
5982,7,10,2015,2026,55,57,1,53,34.8403159578127,127.89425054441219,경남 남해군 남해읍(창원지방법원 진주지원 남해군법원 부근),경상남도,남해군,기타,True,0.5,28.5,0.5
6030,9,9,2014,2026,42,43,2,30,37.58826970131267,126.94501258839533,서울 서대문구 홍제동(홍제1동주민센터 부근),서울특별시,서대문구,주민센터·행정,True,0.6428571428571429,27.642857142857146,1.2857142857142858
3142,8,8,2014,2026,48,48,9,31,37.484254911654624,126.81268984959063,경기 부천시 소사구 괴안동(역곡남부역사거리 부근),경기도,부천시 소사구,교차로·사거리,True,0.5714285714285714,27.428571428571427,5.142857142857142
4751,9,9,2016,2025,42,42,6,32,37.48111559656556,126.80510957945333,경기 부천시 소사구 괴안동(괴안삼거리 부근),경기도,부천시 소사구,교차로·사거리,True,0.6428571428571429,27.000000000000004,3.8571428571428577
1228,9,9,2013,2025,41,42,1,37,35.078950671371665,129.07045696048442,부산 영도구 동삼동(동삼시장 부근),부산광역시,영도구,전통시장,True,0.6428571428571429,27.000000000000004,0.6428571428571429
1006,8,8,2013,2026,42,47,1,24,35.823803086840876,128.73658412873775,경북 경산시 중방동(경산오거리 부근),경상북도,경산시,교차로·사거리,True,0.5714285714285714,26.857142857142854,0.5714285714285714
627,8,8,2013,2022,44,46,2,32,37.47410693393875,126.9188737799395,서울특별시 관악구 신림동(뿌리약국 부근),서울특별시,관악구,약국,True,0.5714285714285714,26.285714285714285,1.1428571428571428
2941,8,8,2013,2024,44,46,6,32,37.454778485285374,126.90105928884788,서울 금천구 시흥동(시흥사거리 부근),서울특별시,금천구,교차로·사거리,True,0.5714285714285714,26.285714285714285,3.4285714285714284
6020,8,8,2014,2026,46,46,0,43,37.6135023625245,127.03018938152837,서울 강북구 미아동(미아사거리역 4호선 부근),서울특별시,강북구,교차로·사거리,True,0.5714285714285714,26.285714285714285,0.0
2703,8,8,2013,2024,44,46,0,39,36.973940243949,127.93049531931226,충북 충주시 충의동(다나은약국 부근),충청북도,충주시,약국,True,0.5714285714285714,26.285714285714285,0.0
2878,8,8,2013,2025,44,45,1,27,37.59345881166163,127.0177975588945,서울 성북구 동선동4가(새성신약국 부근),서울특별시,성북구,약국,True,0.5714285714285714,25.71428571428571,0.5714285714285714
1501,8,8,2013,2023,44,44,0,31,37.351324791646874,127.94807446090887,강원 원주시 일산동(지하상가사거리 부근),강원특별자치도,원주시,마트·상가,True,0.5714285714285714,25.142857142857142,0.0
6012,7,9,2018,2026,50,50,2,42,37.58055138959422,127.08766634993577,서울 중랑구 면목동(면목시장 부근),서울특별시,중랑구,전통시장,True,0.5,25.0,1.0
1830,8,8,2016,2026,36,43,3,34,35.18674469614975,129.12541386841812,부산 해운대구 재송동(광명약국 부근),부산광역시,해운대구,약국,True,0.5714285714285714,24.57142857142857,1.7142857142857142
756,8,8,2013,2026,42,42,6,22,35.15440272397375,126.90135389839287,전남광주통합특별시 서구 양동(양동시장역교차로 부근),전남광주통합특별시,서구,전통시장,True,0.5714285714285714,24.0,3.4285714285714284
5518,8,8,2013,2026,41,42,2,29,37.59913060931837,127.03409941479988,서울 성북구 종암동(종암동주민센터 부근),서울특별시,성북구,주민센터·행정,True,0.5714285714285714,24.0,1.1428571428571428
4435,8,10,2016,2026,41,41,0,34,35.2648642787679,128.6235309746385,경남 창원시 의창구 소답동(큰별예나어린이집 부근),경상남도,창원시 의창구,기타,True,0.5714285714285714,23.428571428571427,0.0
3364,8,8,2014,2025,40,41,0,35,35.233011949114996,128.8806888165355,경남 김해시 서상동(분성사거리 부근),경상남도,김해시,교차로·사거리,True,0.5714285714285714,23.428571428571427,0.0
5328,7,8,2013,2023,39,46,3,35,35.08790829716138,129.0414689686989,부산 영도구 영선동3가(영선2동행정복지센터 부근),부산광역시,영도구,주민센터·행정,True,0.5,23.0,1.5
2380,7,7,2013,2026,42,45,3,26,37.504651317058574,126.93896730240843,서울 동작구 상도동(장승배기교차로 부근),서울특별시,동작구,교차로·사거리,True,0.5,22.5,1.5
2285,7,7,2013,2026,39,45,2,32,37.599513464207426,127.09873905116201,서울 중랑구 망우동(신내지하차도교차로 부근),서울특별시,중랑구,교차로·사거리,True,0.5,22.5,1.0
5738,8,8,2013,2025,39,39,0,33,37.582567329810374,127.03960287250474,서울 동대문구 제기동(청량 종합도매시장 부근),서울특별시,동대문구,전통시장,True,0.5714285714285714,22.285714285714285,0.0
718,8,8,2013,2026,38,39,4,29,35.88895311682025,128.56762093240576,대구 서구 비산동(세송약국 부근),대구광역시,서구,약국,True,0.5714285714285714,22.285714285714285,2.2857142857142856
4733,8,8,2015,2026,38,39,0,33,37.440112377659375,127.14548523267638,경기 성남시 수정구 신흥동(신흥종로약국 부근),경기도,성남시 수정구,약국,True,0.5714285714285714,22.285714285714285,0.0
34,8,9,2013,2025,38,39,3,28,37.60760816372344,127.01016708978824,서울 성북구 정릉동(개울장 부근),서울특별시,성북구,기타,True,0.5714285714285714,22.285714285714285,1.7142857142857142
2029,8,8,2013,2026,37,38,4,30,37.334924283781376,126.81259960665412,경기 안산시 단원구 선부동(시립달미어린이집 부근),경기도,안산시 단원구,기타,True,0.5714285714285714,21.71428571428571,2.2857142857142856
5631,8,8,2013,2024,37,38,1,23,36.99546747659288,127.08337871493976,경기 평택시 통복동(경기약국 부근),경기도,평택시,약국,True,0.5714285714285714,21.71428571428571,0.5714285714285714
5817,7,9,2013,2026,43,43,2,35,35.16444886612922,129.16035937702702,부산 해운대구 우동(해운대역 부산2호선 부근),부산광역시,해운대구,기타,True,0.5,21.5,1.0
4928,8,8,2016,2024,35,37,1,31,36.82774492120175,128.62119838645376,경북 영주시 영주동(보영반점 부근),경상북도,영주시,기타,True,0.5714285714285714,21.142857142857142,0.5714285714285714
6198,7,7,2014,2026,42,42,1,35,36.783983107428995,127.58223953476671,충북 증평군 증평읍(증평장뜰시장 부근),충청북도,증평군,전통시장,True,0.5,21.0,0.5
764,7,7,2014,2026,40,42,0,33,35.17184979441286,126.92125893789772,전남광주통합특별시 북구 우산동(치킨퐁237 서방점 부근),전남광주통합특별시,북구,기타,True,0.5,21.0,0.0
1890,7,7,2015,2026,38,42,2,28,35.85002116222528,128.57213560513057,대구 남구 대명동(성당시장네거리 부근),대구광역시,남구,전통시장,True,0.5,21.0,1.0
5658,6,8,2021,2026,45,48,11,33,36.798246519961126,127.15228780583863,충남 천안시 동남구 영성동(이천원국수집 부근),충청남도,천안시 동남구,기타,True,0.42857142857142855,20.57142857142857,4.714285714285714
51,7,7,2013,2024,34,41,0,32,37.660084356371,127.073333576583,서울 노원구 중계동(상계1번약국 부근),서울특별시,노원구,약국,True,0.5,20.5,0.0
3905,8,8,2014,2026,34,35,2,30,35.27635175679675,128.40536692081963,경남 함안군 가야읍(롯데약국 부근),경상남도,함안군,약국,True,0.5714285714285714,20.0,1.1428571428571428
5965,7,7,2014,2026,40,40,0,38,35.195707621241,128.07676927930416,경남 진주시 봉곡동(봉곡광장교차로 부근),경상남도,진주시,교차로·사거리,True,0.5,20.0,0.0
4466,7,7,2018,2025,40,40,5,26,34.97670943569572,128.32578917223958,경남 고성군 고성읍(가야약국 부근),경상남도,고성군,약국,True,0.5,20.0,2.5
4124,7,7,2015,2025,38,39,5,29,35.17569622225257,129.10739902604357,부산 수영구 망미동(망미중앙시장 부근),부산광역시,수영구,전통시장,True,0.5,19.5,2.5
462,7,7,2013,2020,34,39,1,24,36.56340976189485,128.7230739111047,경상북도 안동시 당북동(제일생명사거리 부근),경상북도,안동시,교차로·사거리,True,0.5,19.5,0.5
2338,8,8,2013,2025,34,34,1,24,37.620614785757624,126.92517768717937,서울 은평구 불광동(연신종로약국 부근),서울특별시,은평구,약국,True,0.5714285714285714,19.428571428571427,0.5714285714285714
3840,8,8,2013,2026,34,34,2,26,35.06164254096588,126.98526836100612,전남광주통합특별시 화순군 화순읍(경찰서사거리 부근),전남광주통합특별시,화순군,교차로·사거리,True,0.5714285714285714,19.428571428571427,1.1428571428571428
5665,6,6,2021,2026,44,45,0,43,36.78060961066483,126.99940255103782,충남 아산시 온천동(신천온천탕 부근),충청남도,아산시,기타,True,0.42857142857142855,19.285714285714285,0.0
4952,7,7,2013,2021,37,38,3,25,35.196181944085,128.08349979258244,경상남도 진주시 대안동(광미사거리 부근),경상남도,진주시,교차로·사거리,True,0.5,19.0,1.5
6273,7,7,2014,2026,37,38,2,26,34.94621842595157,127.49409311058743,전남광주통합특별시 순천시 풍덕동(남부시장사거리 부근),전남광주통합특별시,순천시,전통시장,True,0.5,19.0,1.0
5347,7,7,2014,2025,35,38,2,28,35.105846397140716,128.96921035564156,부산 사하구 당리동(드림약국 부근),부산광역시,사하구,약국,True,0.5,19.0,1.0
4261,7,7,2013,2022,36,38,0,27,37.90073347026014,127.05239874440757,경기도 동두천시 생연동(큰시장사거리 부근),경기도,동두천시,전통시장,True,0.5,19.0,0.0
211,6,6,2013,2024,42,44,0,31,35.8764933310165,128.6017453113527,대구 북구 칠성동1가(대성시장교차로 부근),대구광역시,북구,전통시장,True,0.42857142857142855,18.857142857142858,0.0
3029,7,7,2015,2024,34,37,6,23,35.871147313887,128.59397351648371,대구 중구 사일동(중앙네거리 부근),대구광역시,중구,기타,True,0.5,18.5,3.0
4747,7,7,2014,2026,35,37,3,21,37.48110351155886,126.79463581308515,경기 부천시 소사구 소사본동(세종병원입구교차로 부근),경기도,부천시 소사구,병원·의원,True,0.5,18.5,1.5
4255,7,7,2014,2026,36,37,4,23,37.081706446630434,127.05643427103999,경기 평택시 지산동(송탄시장 부근),경기도,평택시,전통시장,True,0.5,18.5,2.0
5532,7,7,2014,2026,37,37,6,28,37.54074130079986,126.94845022841528,서울 마포구 도화동(아카데미약국 부근),서울특별시,마포구,약국,True,0.5,18.5,3.0
5189,7,7,2013,2026,36,36,3,28,36.75426136155843,126.29555389552813,충남 태안군 태안읍(보람약국 부근),충청남도,태안군,약국,True,0.5,18.0,1.5
4463,7,8,2013,2024,36,36,1,25,35.34274960526075,129.03717783058974,경남 양산시 중부동(양산종합시장 부근),경상남도,양산시,전통시장,True,0.5,18.0,0.5
2006,7,7,2016,2025,35,36,1,32,37.390686404446,126.95089994853429,경기 안양시 동안구 호계동(범계역사거리 부근),경기도,안양시 동안구,교차로·사거리,True,0.5,18.0,0.5
2194,6,6,2013,2026,39,41,0,26,36.823392451102,128.62314531361383,경북 영주시 영주동(골목시장 부근),경상북도,영주시,전통시장,True,0.42857142857142855,17.57142857142857,0.0
949,7,7,2013,2023,30,35,1,15,34.803244563881,126.39349082994472,전남 목포시 산정동(동부광장교차로 부근),전남광주통합특별시,목포시,교차로·사거리,True,0.5,17.5,0.5
546,7,7,2014,2022,34,35,1,21,37.602529989725426,127.038279068254,서울특별시 성북구 하월곡동(성북트리즘빌딩앞교차 부근),서울특별시,성북구,기타,True,0.5,17.5,0.5
6040,7,7,2015,2026,32,35,2,27,37.492859396416286,126.88335586323201,서울 구로구 구로동(구로2동주민센터 부근),서울특별시,구로구,주민센터·행정,True,0.5,17.5,1.0
3365,7,7,2014,2026,33,35,2,30,35.20041414858385,128.8147510151136,경남 김해시 무계동(장유재래시장 부근),경상남도,김해시,전통시장,True,0.5,17.5,1.0
401,7,7,2013,2022,31,34,2,25,36.60105010359457,126.66825494979285,충청남도 홍성군 홍성읍(오관사거리 부근),충청남도,홍성군,교차로·사거리,True,0.5,17.0,1.0
5012,7,7,2013,2023,33,34,1,22,37.66580616177443,127.04318828636086,서울 도봉구 방학동(방학역교차로 부근),서울특별시,도봉구,교차로·사거리,True,0.5,17.0,0.5
5771,7,7,2013,2025,34,34,1,25,37.492933537054434,126.856802015385,서울 구로구 개봉동(개봉지구대 부근),서울특별시,구로구,기타,True,0.5,17.0,0.5
4516,7,7,2013,2022,33,33,1,22,37.61181935616471,127.03439925432313,서울특별시 성북구 하월곡동(방천시장입구교차로 부근),서울특별시,성북구,전통시장,True,0.5,16.5,0.5
5895,7,7,2018,2026,33,33,2,25,37.69159621572028,126.5986337803297,경기 김포시 통진읍(마송사거리 부근),경기도,김포시,교차로·사거리,True,0.5,16.5,1.0
1427,7,7,2015,2023,32,32,0,27,37.443743658606145,127.15608150572915,경기 성남시 중원구 금광동(단대오거리 부근),경기도,성남시 중원구,교차로·사거리,True,0.5,16.0,0.0
532,7,7,2013,2026,30,32,1,26,37.58975871232514,127.05533649041014,서울 동대문구 회기동(회기역앞교차로 부근),서울특별시,동대문구,역·터미널,True,0.5,16.0,0.5
2881,6,6,2015,2026,36,37,0,25,37.604229179298834,127.02432561749434,서울 성북구 길음동(길음역교차로 부근),서울특별시,성북구,교차로·사거리,True,0.42857142857142855,15.857142857142856,0.0
5778,6,6,2014,2026,35,37,0,35,37.487992393314336,126.98095086652,서울 동작구 사당동(남성사계시장 부근),서울특별시,동작구,전통시장,True,0.42857142857142855,15.857142857142856,0.0
5596,6,7,2013,2026,37,37,2,33,35.88573123265143,128.63401552791157,대구 동구 신암동(대구광역시 동구청 부근),대구광역시,동구,주민센터·행정,True,0.42857142857142855,15.857142857142856,0.8571428571428571
2902,7,7,2015,2023,27,31,5,17,37.67754621797815,127.05513440103343,서울 노원구 상계동(수락산역교차로 부근),서울특별시,노원구,교차로·사거리,True,0.5,15.5,2.5
6196,7,7,2013,2026,31,31,2,20,36.17506007274043,127.77691665020673,충북 영동군 영동읍(성신약국 부근),충청북도,영동군,약국,True,0.5,15.5,1.0
2245,7,7,2014,2026,31,31,2,19,33.49969349382257,126.52183098554443,제주 제주시 삼도일동(리라어린이집 부근),제주특별자치도,제주시,기타,True,0.5,15.5,1.0
5597,6,6,2015,2026,31,36,4,23,35.837656614041,128.55753005883034,대구 남구 대명동(서부정류장역 대구1호선 부근),대구광역시,남구,역·터미널,True,0.42857142857142855,15.428571428571427,1.7142857142857142
5497,6,7,2015,2026,36,36,1,33,35.070095174709856,127.75040801555744,경남 하동군 하동읍(섬진강약국 부근),경상남도,하동군,약국,True,0.42857142857142855,15.428571428571427,0.42857142857142855
2773,6,6,2013,2025,34,35,0,31,34.60797263599367,127.286884797154,전남 고흥군 고흥읍(읍내파출소 부근),전남광주통합특별시,고흥군,기타,True,0.42857142857142855,15.0,0.0
6130,6,7,2014,2026,35,35,0,33,35.55620697590843,129.30851188832827,울산 중구 우정동(태화약국 부근),울산광역시,중구,약국,True,0.42857142857142855,15.0,0.0
3998,5,5,2017,2026,31,41,0,29,37.548453736175205,126.86541574275161,서울 양천구 목동(약초원한약국 부근),서울특별시,양천구,약국,True,0.35714285714285715,14.642857142857142,0.0
1473,6,6,2014,2026,34,34,3,24,37.65252800746817,127.30685793125367,경기 남양주시 화도읍(송우약국 부근),경기도,남양주시,약국,True,0.42857142857142855,14.571428571428571,1.2857142857142856
5130,6,6,2013,2025,33,33,0,30,37.483460576905834,126.77656901793351,경기 부천시 소사구 심곡본동(3층온누리약국 부근),경기도,부천시 소사구,약국,True,0.42857142857142855,14.142857142857142,0.0
3343,6,6,2016,2022,32,33,1,24,35.996381086369,128.39897858834232,경상북도 칠곡군 왜관읍(왜관지하도서측 부근),경상북도,칠곡군,기타,True,0.42857142857142855,14.142857142857142,0.42857142857142855
20,6,6,2013,2024,32,33,2,25,37.578327746648505,127.03418714480267,서울 동대문구 제기동(제기동역 1호선 부근),서울특별시,동대문구,기타,True,0.42857142857142855,14.142857142857142,0.8571428571428571
3147,6,6,2014,2019,31,33,1,19,37.484802187921666,126.783304430656,경기도 부천시 심곡동(부천프라자약국 부근),경기도,부천시,약국,True,0.42857142857142855,14.142857142857142,0.42857142857142855
365,6,6,2013,2023,28,32,0,27,38.074523539696834,128.6234823572925,강원 양양군 양양읍 남문리(남문4리사무소 부근),강원특별자치도,양양군,기타,True,0.42857142857142855,13.714285714285714,0.0
3369,6,6,2014,2026,31,32,0,23,34.88612224798267,128.624113535111,경남 거제시 고현동(거제고현시장 상인회 부근),경상남도,거제시,전통시장,True,0.42857142857142855,13.714285714285714,0.0
5216,6,6,2014,2026,32,32,0,32,35.063225774986,126.52201946989283,전남광주통합특별시 함평군 함평읍(이기세약국 부근),전남광주통합특별시,함평군,약국,True,0.42857142857142855,13.714285714285714,0.0
4003,7,7,2013,2025,26,27,8,15,37.52904586317286,126.86377879096915,서울 양천구 목동(홍익병원앞교차로 부근),서울특별시,양천구,병원·의원,True,0.5,13.5,4.0
3686,7,7,2013,2023,26,27,0,21,37.48080821601257,126.855334966917,경기 광명시 광명동(행복한교회 부근),경기도,광명시,기타,True,0.5,13.5,0.0
1534,7,7,2014,2022,26,27,3,21,36.20623582887843,127.08356379470585,충청남도 논산시 반월동(반월동191 부근),충청남도,논산시,기타,True,0.5,13.5,1.5
3544,6,6,2013,2026,31,31,1,23,35.21095670178183,129.0077998087855,부산 북구 덕천동(밝은약국 부근),부산광역시,북구,약국,True,0.42857142857142855,13.285714285714285,0.42857142857142855
3515,6,6,2014,2022,31,31,0,20,35.120383297502165,129.03883977418732,부산광역시 동구 초량동(초량육거리 부근),부산광역시,동구,기타,True,0.42857142857142855,13.285714285714285,0.0
541,6,6,2014,2026,29,31,0,23,37.59515501641667,127.08582211309749,서울 중랑구 상봉동(상봉삼거리 부근),서울특별시,중랑구,교차로·사거리,True,0.42857142857142855,13.285714285714285,0.0
4293,6,6,2014,2026,30,30,3,22,37.8557822047205,126.785386842677,경기 파주시 문산읍(문산자유시장 부근),경기도,파주시,전통시장,True,0.42857142857142855,12.857142857142856,1.2857142857142856
105,6,6,2013,2022,27,30,2,17,37.47673994399417,126.98059117714217,서울특별시 동작구 사당동(사당역사거리 부근),서울특별시,동작구,교차로·사거리,True,0.42857142857142855,12.857142857142856,0.8571428571428571
1153,6,6,2015,2024,28,30,1,19,37.52295051154533,126.85094791938799,서울 양천구 신정동(선약국 부근),서울특별시,양천구,약국,True,0.42857142857142855,12.857142857142856,0.42857142857142855
2235,6,6,2016,2025,30,30,0,27,35.48537841966467,128.75690840913816,경남 밀양시 삼문동(중앙약국 부근),경상남도,밀양시,약국,True,0.42857142857142855,12.857142857142856,0.0
867,6,6,2013,2021,28,30,2,16,37.87698351407884,127.72396521047733,강원도 춘천시 약사동(중앙파출소앞교차로 부근),강원특별자치도,춘천시,교차로·사거리,True,0.42857142857142855,12.857142857142856,0.8571428571428571
5727,6,6,2014,2024,30,30,0,26,33.25248468131883,126.56107031260183,제주 서귀포시 서귀동(동산프라자약국 부근),제주특별자치도,서귀포시,약국,True,0.42857142857142855,12.857142857142856,0.0
5938,6,6,2016,2025,29,29,5,21,34.810775775205,126.41845555245384,전남 목포시 상동(옵티마현대약국 부근),전남광주통합특별시,목포시,약국,True,0.42857142857142855,12.428571428571427,2.142857142857143
5212,6,7,2014,2023,29,29,4,20,34.945569982335286,127.50065295997601,전남 순천시 조곡동(백제온누리약국 부근),전남광주통합특별시,순천시,약국,True,0.42857142857142855,12.428571428571427,1.7142857142857142
798,6,6,2013,2025,28,28,1,21,37.278001865627495,127.01672766325834,경기 수원시 팔달구 팔달로3가(팔달문로터리 부근),경기도,수원시 팔달구,기타,True,0.42857142857142855,12.0,0.42857142857142855
6183,6,6,2014,2026,27,28,0,17,37.207915067702835,127.03474205552584,경기 화성시 병점구 병점동(병점사거리 부근),경기도,화성시 병점구,교차로·사거리,True,0.42857142857142855,12.0,0.0
910,6,6,2014,2024,28,28,1,23,36.800450369731166,127.14923995368817,충남 천안시 동남구 사직동(남산중앙약국 부근),충청남도,천안시 동남구,약국,True,0.42857142857142855,12.0,0.42857142857142855
164,5,5,2013,2026,33,33,1,27,35.2221226860606,129.083737975288,부산 동래구 온천동(멍석포차 부근),부산광역시,동래구,기타,True,0.35714285714285715,11.785714285714286,0.35714285714285715
182,6,6,2013,2026,27,27,0,22,35.225405236084,129.091758798482,부산 금정구 부곡동(부곡시장 부근),부산광역시,금정구,전통시장,True,0.42857142857142855,11.571428571428571,0.0
167,6,6,2013,2025,27,27,2,20,35.13681096734417,129.071892244979,부산 남구 문현동(21세기우리네약국 부근),부산광역시,남구,약국,True,0.42857142857142855,11.571428571428571,0.8571428571428571
4737,6,6,2016,2025,26,27,2,18,37.749568065998666,127.04463327540701,경기 의정부시 의정부동(수온누리약국 부근),경기도,의정부시,약국,True,0.42857142857142855,11.571428571428571,0.8571428571428571
25,6,6,2013,2026,27,27,3,16,37.590451134592335,127.0934265928385,서울 중랑구 망우동(신혜원어린이집 부근),서울특별시,중랑구,기타,True,0.42857142857142855,11.571428571428571,1.2857142857142856
2726,6,6,2017,2026,27,27,2,23,36.782782514512334,126.4512752965365,충남 서산시 읍내동(착한육회천국 부근),충청남도,서산시,기타,True,0.42857142857142855,11.571428571428571,0.8571428571428571
5776,6,6,2015,2026,27,27,2,21,37.51209441823183,126.91728059074849,서울 영등포구 신길동(신길약국 부근),서울특별시,영등포구,약국,True,0.42857142857142855,11.571428571428571,0.8571428571428571
2930,6,6,2014,2023,27,27,3,18,37.547033007772164,126.87194057570566,서울 양천구 목동(대명교회 부근),서울특별시,양천구,기타,True,0.42857142857142855,11.571428571428571,1.2857142857142856
1350,6,6,2013,2020,27,27,1,16,37.49601824080017,126.72488029663951,인천광역시 부평구 부평동(대정로241 부근),인천광역시,부평구,기타,True,0.42857142857142855,11.571428571428571,0.42857142857142855
3162,6,6,2013,2021,24,27,2,16,37.65221296845467,126.77759483718317,경기도 고양시 일산동구 마두동(마두동770 부근),경기도,고양시 일산동구,기타,True,0.42857142857142855,11.571428571428571,0.8571428571428571
4304,6,6,2015,2022,23,26,2,19,37.62716442085233,126.71069253658216,경기도 김포시 북변동(한국전력공사앞 부근),경기도,김포시,기타,True,0.42857142857142855,11.142857142857142,0.8571428571428571
1824,6,6,2016,2025,26,26,2,20,35.11991313155583,129.11220396259466,부산 남구 용호동(신중앙약국 부근),부산광역시,남구,약국,True,0.42857142857142855,11.142857142857142,0.8571428571428571
2157,5,5,2016,2023,28,31,3,22,34.741136030328406,127.736946687776,전남 여수시 관문동(진남관 부근),전남광주통합특별시,여수시,기타,True,0.35714285714285715,11.071428571428571,1.0714285714285714
932,5,5,2014,2019,30,31,2,14,35.978485907479396,126.7154605661332,전라북도 군산시 미원동(흥남동주민센터 부근),전북특별자치도,군산시,주민센터·행정,True,0.35714285714285715,11.071428571428571,0.7142857142857143
5313,5,5,2013,2026,30,30,3,22,37.4927841423078,127.1449762380252,서울 송파구 거여동(거여역교차로 부근),서울특별시,송파구,교차로·사거리,True,0.35714285714285715,10.714285714285715,1.0714285714285714
3702,5,5,2013,2020,25,30,3,14,37.6699203292404,126.7617392282438,경기도 고양시 일산서구 주엽동(강선마을사거리 부근),경기도,고양시 일산서구,교차로·사거리,True,0.35714285714285715,10.714285714285715,1.0714285714285714
1052,5,5,2014,2020,30,30,0,14,33.511841213722,126.5249429298736,제주특별자치도 제주시 이도일동(스타벅스제주칠성점 부근),제주특별자치도,제주시,기타,True,0.35714285714285715,10.714285714285715,0.0
5099,5,5,2013,2024,28,30,2,24,35.9329237229566,128.54886395284638,대구 북구 읍내동(칠곡네거리 부근),대구광역시,북구,기타,True,0.35714285714285715,10.714285714285715,0.7142857142857143
2460,6,6,2014,2025,24,25,1,20,35.09800296436567,128.99374527279633,부산 사하구 괴정동(괴정사거리 부근),부산광역시,사하구,교차로·사거리,True,0.42857142857142855,10.714285714285714,0.42857142857142855
2635,6,6,2015,2024,25,25,0,20,37.687872529655166,126.86574562582582,경기 고양시 덕양구 관산동(관산파출소 부근),경기도,고양시 덕양구,기타,True,0.42857142857142855,10.714285714285714,0.0
1763,5,5,2013,2025,28,29,0,27,37.4949094343256,126.8404439095774,서울 구로구 오류동(오류동삼거리 부근),서울특별시,구로구,교차로·사거리,True,0.35714285714285715,10.357142857142858,0.0
5238,5,5,2014,2026,26,29,1,23,34.845679989446,128.4313348699742,경남 통영시 정량동(초콜렛어린이집 부근),경상남도,통영시,기타,True,0.35714285714285715,10.357142857142858,0.35714285714285715
1795,6,6,2013,2021,24,24,0,18,37.492045671971,127.11657009608416,서울특별시 송파구 문정동(GS마트입구 부근),서울특별시,송파구,마트·상가,True,0.42857142857142855,10.285714285714285,0.0
4244,5,5,2015,2026,27,28,0,21,37.527903551773605,126.81627237955179,경기 부천시 오정구 고강동(고강사거리 부근),경기도,부천시 오정구,교차로·사거리,True,0.35714285714285715,10.0,0.0
6116,5,5,2013,2026,27,28,3,17,35.8795353475648,128.5713018509344,대구 서구 비산동(북비산네거리 부근),대구광역시,서구,기타,True,0.35714285714285715,10.0,1.0714285714285714
3107,5,5,2013,2025,22,28,1,20,35.56306771598899,129.125961028534,울산 울주군 언양읍(언양알프스시장 부근),울산광역시,울주군,전통시장,True,0.35714285714285715,10.0,0.35714285714285715
946,5,5,2014,2020,28,28,0,19,35.726501275454396,126.73706561708559,전라북도 부안군 부안읍(터미널사거리 부근),전북특별자치도,부안군,역·터미널,True,0.35714285714285715,10.0,0.0
3393,5,5,2014,2019,27,28,3,17,37.5551791324118,126.9725616234814,서울특별시 중구 남대문로5가(서울역9-1번출구 부근),서울특별시,중구,기타,True,0.35714285714285715,10.0,1.0714285714285714
3856,5,5,2013,2019,26,27,3,16,36.5666534383464,128.7227690079644,경상북도 안동시 옥야동(서부초등학교사거리 부근),경상북도,안동시,학교,True,0.35714285714285715,9.642857142857142,1.0714285714285714
2781,6,6,2013,2020,22,22,0,13,36.03339817208883,129.36964379522598,경상북도 포항시 북구 죽도동(죽도1동사무소입구교차로 부근),경상북도,포항시 북구,교차로·사거리,True,0.42857142857142855,9.428571428571429,0.0
3072,5,5,2013,2020,24,26,1,15,35.1522243725378,126.9175215690464,광주광역시 동구 금남로4가(한미쇼핑앞 부근),전남광주통합특별시,동구,마트·상가,True,0.35714285714285715,9.285714285714286,0.35714285714285715
5622,5,5,2013,2024,26,26,0,18,37.3994354606978,126.9191082788308,경기 안양시 만안구 안양동(삼덕공원약국 부근),경기도,안양시 만안구,약국,True,0.35714285714285715,9.285714285714286,0.0
3059,5,5,2013,2020,22,24,3,12,37.458372238308996,126.68971214641961,인천광역시 미추홀구 주안동(석바위사거리 부근),인천광역시,미추홀구,교차로·사거리,True,0.35714285714285715,8.571428571428571,1.0714285714285714
1744,5,5,2013,2020,22,24,2,14,37.555214838375,126.935873997348,서울특별시 서대문구 창천동(신촌현대백화점 부근),서울특별시,서대문구,마트·상가,True,0.35714285714285715,8.571428571428571,0.7142857142857143
3534,5,5,2013,2022,21,24,1,20,35.205344808057205,129.086383973043,부산광역시 동래구 복천동(복산동새마을문고 부근),부산광역시,동래구,기타,True,0.35714285714285715,8.571428571428571,0.35714285714285715
4298,5,5,2013,2023,24,24,0,20,37.2800010031142,127.4386442012722,경기 이천시 관고동(조은피부관리 부근),경기도,이천시,기타,True,0.35714285714285715,8.571428571428571,0.0
4503,5,5,2013,2021,24,24,1,8,37.6006090582624,127.0792539430358,서울특별시 중랑구 중화동(장안중교 부근),서울특별시,중랑구,학교,True,0.35714285714285715,8.571428571428571,0.35714285714285715
1401,5,5,2013,2020,24,24,2,11,37.2949531672956,127.02576264994721,경기도 수원시 장안구 연무동(연무경성아파트 부근),경기도,수원시 장안구,기타,True,0.35714285714285715,8.571428571428571,0.7142857142857143
445,5,5,2013,2019,22,23,2,14,34.946755128107796,127.4884263621482,전라남도 순천시 저전동(순고오거리 부근),전남광주통합특별시,순천시,교차로·사거리,True,0.35714285714285715,8.214285714285715,0.7142857142857143
3290,5,5,2013,2021,23,23,4,12,34.7941114696296,126.3927383068886,전라남도 목포시 산정동(산정로70 부근),전남광주통합특별시,목포시,기타,True,0.35714285714285715,8.214285714285715,1.4285714285714286
3642,5,5,2015,2026,21,23,2,18,35.5540370921002,129.3071673019002,울산 중구 태화동(태화시장입구교차로 부근),울산광역시,중구,전통시장,True,0.35714285714285715,8.214285714285715,0.7142857142857143
771,5,5,2014,2020,23,23,0,10,35.179303326988205,126.9296026428688,광주광역시 북구 두암동(동문대로186 부근),전남광주통합특별시,북구,기타,True,0.35714285714285715,8.214285714285715,0.0
4321,5,5,2014,2022,19,23,1,13,37.1730601210686,128.9922055614786,강원도 태백시 황지동(황지동38369 부근),강원특별자치도,태백시,기타,True,0.35714285714285715,8.214285714285715,0.35714285714285715
5733,5,5,2013,2025,22,23,0,18,37.5333349341768,127.00568233235099,서울 용산구 한남동(자연약국 부근),서울특별시,용산구,약국,True,0.35714285714285715,8.214285714285715,0.0
2454,4,4,2015,2019,25,28,0,16,35.230171534639496,129.158345763772,부산광역시 해운대구 반송동(반송주공아파트정문 부근),부산광역시,해운대구,기타,True,0.2857142857142857,8.0,0.0
2880,4,4,2017,2023,26,28,1,16,37.59008388547575,127.016440549448,서울 성북구 삼선동5가(성북경찰서앞교차로 부근),서울특별시,성북구,교차로·사거리,True,0.2857142857142857,8.0,0.2857142857142857
1731,5,5,2016,2023,22,22,0,17,37.598552463424596,126.9120394973128,서울 은평구 신사동(신사1동주민센터 부근),서울특별시,은평구,주민센터·행정,True,0.35714285714285715,7.857142857142858,0.0
5701,5,5,2013,2026,22,22,0,21,36.6565398687996,128.4560231165206,경북 예천군 예천읍(예천중앙시장 부근),경상북도,예천군,전통시장,True,0.35714285714285715,7.857142857142858,0.0
6013,5,5,2013,2026,20,22,2,16,37.5883685040626,127.0869786926186,서울 중랑구 면목동(참약사바른약국 부근),서울특별시,중랑구,약국,True,0.35714285714285715,7.857142857142858,0.7142857142857143
2269,5,5,2013,2018,22,22,0,13,37.561642659782,127.03521569538921,서울특별시 성동구 행당동(왕십리역11번출구~홈플러스익스프레스왕십리점),서울특별시,성동구,기타,True,0.35714285714285715,7.857142857142858,0.0
1274,5,5,2015,2026,22,22,0,18,35.0905318344954,128.97775054490438,부산 사하구 신평동(강동병원앞교차로 부근),부산광역시,사하구,병원·의원,True,0.35714285714285715,7.857142857142858,0.0
1331,5,5,2014,2019,22,22,0,13,35.8338351911418,128.5488031644556,대구광역시 달서구 송현동(박현탁치과의원 부근),대구광역시,달서구,병원·의원,True,0.35714285714285715,7.857142857142858,0.0
3453,5,5,2014,2019,21,22,2,7,37.5816856102834,126.91311897232382,서울특별시 서대문구 북가좌동(KEB하나은행 북가좌지점 부근),서울특별시,서대문구,은행,True,0.35714285714285715,7.857142857142858,0.7142857142857143
512,4,4,2014,2025,24,27,1,19,37.55883284213225,126.9778182263815,서울 중구 남창동(회현역 4호선 부근),서울특별시,중구,기타,True,0.2857142857142857,7.7142857142857135,0.2857142857142857
4362,5,5,2013,2024,21,21,0,19,35.805284898968196,127.1266627831894,전북 전주시 완산구 효자동1가(서부시장 부근),전북특별자치도,전주시 완산구,전통시장,True,0.35714285714285715,7.5,0.0
4357,5,5,2013,2025,21,21,0,19,36.6766333022002,126.8499096129598,충남 예산군 예산읍(예산상설시장 부근),충청남도,예산군,전통시장,True,0.35714285714285715,7.5,0.0
3754,5,5,2013,2022,21,21,3,9,37.6891903354664,127.88391449861619,강원도 홍천군 홍천읍(삼흥이용원 부근),강원특별자치도,홍천군,기타,True,0.35714285714285715,7.5,1.0714285714285714
3402,5,5,2014,2023,21,21,2,12,37.548148077478196,127.0225172312782,서울 성동구 금호동4가(금남시장교차로 부근),서울특별시,성동구,전통시장,True,0.35714285714285715,7.5,0.7142857142857143
435,5,5,2013,2017,21,21,4,11,34.735922580783594,127.72123461546639,전라남도 여수시 봉산동(소망기도원 부근),전남광주통합특별시,여수시,기타,True,0.35714285714285715,7.5,1.4285714285714286
4569,5,5,2013,2022,19,21,1,14,37.4750171447064,126.96612458402339,서울특별시 관악구 봉천동(까치고개 부근),서울특별시,관악구,기타,True,0.35714285714285715,7.5,0.35714285714285715
2225,5,5,2014,2025,21,21,1,16,35.0834396199546,128.086873303435,경남 사천시 사천읍(새동산약국 부근),경상남도,사천시,약국,True,0.35714285714285715,7.5,0.35714285714285715
6156,4,4,2014,2026,25,26,1,18,36.99196393988525,127.08667861369925,경기 평택시 평택동(바다약국 부근),경기도,평택시,약국,True,0.2857142857142857,7.428571428571428,0.2857142857142857
3967,5,5,2014,2020,20,20,1,7,37.6421458607036,127.0224180333066,서울특별시 강북구 수유동(이화순대국전문 부근),서울특별시,강북구,기타,True,0.35714285714285715,7.142857142857143,0.35714285714285715
6032,5,5,2013,2026,20,20,0,17,37.5933412922976,126.9476752098474,서울 서대문구 홍제동(해솔어린이집 부근),서울특별시,서대문구,기타,True,0.35714285714285715,7.142857142857143,0.0
5305,5,5,2017,2025,20,20,6,12,37.4741552343936,126.8941278107892,서울 금천구 가산동(푸라닭치킨 서울가산점 부근),서울특별시,금천구,기타,True,0.35714285714285715,7.142857142857143,2.142857142857143
227,4,4,2013,2021,22,25,1,13,37.4553856290945,126.722409596152,인천광역시 남동구 구월동(생명의샘교회 부근),인천광역시,남동구,기타,True,0.2857142857142857,7.142857142857142,0.2857142857142857
4617,4,4,2017,2023,23,25,2,16,35.2253756601185,129.148536040818,부산 해운대구 반송동(반송도서관교차로 부근),부산광역시,해운대구,교차로·사거리,True,0.2857142857142857,7.142857142857142,0.5714285714285714
1060,4,4,2015,2019,25,25,0,17,37.57247243795375,126.988212860811,서울특별시 종로구 낙원동(낙원지하상가 부근),서울특별시,종로구,마트·상가,True,0.2857142857142857,7.142857142857142,0.0
2372,4,4,2017,2023,22,24,0,15,37.5193782352395,126.9076970900895,서울 영등포구 영등포동2가(영등포전통시장 부근),서울특별시,영등포구,전통시장,True,0.2857142857142857,6.857142857142857,0.0
1803,4,4,2014,2026,23,24,1,15,35.1422312261475,129.06288726769,부산 부산진구 범천동(무지개다리 부근),부산광역시,부산진구,기타,True,0.2857142857142857,6.857142857142857,0.2857142857142857
1357,5,5,2013,2022,19,19,4,13,37.7416557715376,126.4914149980048,인천광역시 강화군 강화읍(갑곳리849 부근),인천광역시,강화군,기타,True,0.35714285714285715,6.785714285714286,1.4285714285714286
2472,4,4,2017,2026,23,23,0,22,35.15953431593775,129.11321867509724,부산 수영구 광안동(광안시장 부근),부산광역시,수영구,전통시장,True,0.2857142857142857,6.571428571428571,0.0
3685,4,4,2013,2022,16,23,1,14,37.47626161153525,126.8528813972345,경기도 광명시 광명동(대신부동산 부근),경기도,광명시,기타,True,0.2857142857142857,6.571428571428571,0.2857142857142857
5964,4,4,2015,2025,23,23,2,21,35.191387869037,128.078733982079,경남 진주시 남성동(인사광장교차로 부근),경상남도,진주시,교차로·사거리,True,0.2857142857142857,6.571428571428571,0.5714285714285714
3979,4,4,2015,2022,23,23,1,18,37.6697299230235,127.08003604672724,서울특별시 노원구 상계동(당고개역 부근),서울특별시,노원구,기타,True,0.2857142857142857,6.571428571428571,0.2857142857142857
4726,4,4,2015,2026,22,23,3,14,37.278635120908,127.00268355350325,경기 수원시 팔달구 화서동(화서사거리 부근),경기도,수원시 팔달구,교차로·사거리,True,0.2857142857142857,6.571428571428571,0.8571428571428571
5021,4,4,2018,2022,16,22,3,11,37.592041468714996,126.94487206726825,서울특별시 서대문구 홍제동(홍제교 부근),서울특별시,서대문구,기타,True,0.2857142857142857,6.285714285714286,0.8571428571428571
6126,4,4,2016,2026,22,22,1,18,36.313219373411,127.3801163564385,대전 서구 도마동(도마네거리 부근),대전광역시,서구,기타,True,0.2857142857142857,6.285714285714286,0.2857142857142857
5674,4,4,2020,2024,20,22,2,16,36.7528052875685,126.2983407532315,충남 태안군 태안읍(태안동부시장 부근),충청남도,태안군,전통시장,True,0.2857142857142857,6.285714285714286,0.5714285714285714
6228,4,4,2019,2026,22,22,2,13,36.0365043495415,129.3675695238725,경북 포항시 북구 죽도동(죽도시장 부근),경상북도,포항시 북구,전통시장,True,0.2857142857142857,6.285714285714286,0.5714285714285714
3815,4,4,2013,2022,20,21,1,12,35.40708644925625,127.375915736748,전라북도 남원시 하정동(시장사거리 부근),전북특별자치도,남원시,전통시장,True,0.2857142857142857,6.0,0.2857142857142857
4398,4,4,2014,2022,19,21,2,10,35.059424022002,126.992354686246,전라남도 화순군 화순읍(하이든음악학원 부근),전남광주통합특별시,화순군,기타,True,0.2857142857142857,6.0,0.5714285714285714
2618,4,4,2017,2023,21,21,2,14,37.486004112767,126.8109937980495,경기 부천시 역곡동(역곡북부역사거리 부근),경기도,부천시,교차로·사거리,True,0.2857142857142857,6.0,0.5714285714285714
5366,4,4,2015,2023,21,21,0,18,35.13574272089925,126.918085986845,광주 남구 양림동(남구구립참좋은어린이집 부근),전남광주통합특별시,남구,기타,True,0.2857142857142857,6.0,0.0
2943,4,4,2013,2019,18,21,5,12,37.52058038452825,126.904942592228,서울특별시 영등포구 영등포동5가(비즈성형외과의원 부근),서울특별시,영등포구,병원·의원,True,0.2857142857142857,6.0,1.4285714285714284
5096,4,4,2014,2022,16,21,1,11,35.8423682530185,128.56090644825,대구광역시 남구 대명동(대명동3057 부근),대구광역시,남구,기타,True,0.2857142857142857,6.0,0.2857142857142857
85,4,4,2013,2024,19,21,0,10,37.4507876674735,126.9091721074195,서울 금천구 시흥동(시흥5동주민센터 부근),서울특별시,금천구,주민센터·행정,True,0.2857142857142857,6.0,0.0
4984,4,4,2019,2026,17,21,0,16,33.247713574386246,126.56193236956776,제주 서귀포시 서귀동(초원사거리 부근),제주특별자치도,서귀포시,교차로·사거리,True,0.2857142857142857,6.0,0.0
5290,4,4,2015,2024,19,21,3,13,37.623646134197,126.91777267889924,서울 은평구 갈현동(푸른솔약국 부근),서울특별시,은평구,약국,True,0.2857142857142857,6.0,0.8571428571428571
1568,4,4,2015,2025,20,21,4,15,35.726531117211,126.7337227240275,전북 부안군 부안읍(선빵 부근),전북특별자치도,부안군,기타,True,0.2857142857142857,6.0,1.1428571428571428
2339,4,4,2013,2017,19,20,2,16,37.57150607819375,126.9608592527785,서울특별시 서대문구 영천동(교남동사무소 부근),서울특별시,서대문구,기타,True,0.2857142857142857,5.7142857142857135,0.5714285714285714
4294,4,4,2016,2020,19,20,0,11,37.76378730391675,126.77491078850325,경기도 파주시 금촌동(비키앞 부근),경기도,파주시,기타,True,0.2857142857142857,5.7142857142857135,0.0
2388,4,4,2015,2020,20,20,0,10,37.482124102871,126.92936169848475,서울특별시 관악구 신림동(청암인터그린타워 부근),서울특별시,관악구,기타,True,0.2857142857142857,5.7142857142857135,0.0
6161,4,4,2014,2026,20,20,1,15,37.30185749172575,126.86628926992375,경기 안산시 상록구 본오동(상록백제약국 부근),경기도,안산시 상록구,약국,True,0.2857142857142857,5.7142857142857135,0.2857142857142857
1107,4,4,2015,2025,20,20,0,15,37.5918864583835,127.01309258681975,서울 성북구 동소문동5가(성북구청입구교차로 부근),서울특별시,성북구,주민센터·행정,True,0.2857142857142857,5.7142857142857135,0.0
6006,4,4,2015,2026,19,20,1,15,37.587399256382504,127.03777182458775,서울 동대문구 제기동(홍파초교교차로 부근),서울특별시,동대문구,학교,True,0.2857142857142857,5.7142857142857135,0.2857142857142857
790,4,4,2014,2026,18,20,0,13,35.543330077882,129.31100314889198,울산 남구 신정동(신정시장동문교차로 부근),울산광역시,남구,전통시장,True,0.2857142857142857,5.7142857142857135,0.0
4829,4,4,2014,2023,16,20,1,16,36.617459304654005,127.4726042164445,충북 청주시 서원구 수곡동(배꼽어린이집 부근),충청북도,청주시 서원구,기타,True,0.2857142857142857,5.7142857142857135,0.2857142857142857
6017,4,4,2014,2026,20,20,1,13,37.609749969222,127.051717803279,서울 성북구 상월곡동(장위2동주민센터 부근),서울특별시,성북구,주민센터·행정,True,0.2857142857142857,5.7142857142857135,0.2857142857142857
5114,4,4,2022,2026,20,20,2,18,36.45007406779325,127.42573733340525,대전 대덕구 석봉동(신탄진시장 부근),대전광역시,대덕구,전통시장,True,0.2857142857142857,5.7142857142857135,0.5714285714285714
2012,3,3,2016,2021,25,26,0,13,37.48320337064033,126.780534345185,경기도 부천시 심곡본동(부천역남부삼거리 부근),경기도,부천시,교차로·사거리,True,0.21428571428571427,5.571428571428571,0.0
6255,4,4,2014,2026,18,19,1,10,34.932231724051,128.07777167666026,경남 사천시 동금동(삼천포종합시장 부근),경상남도,사천시,전통시장,True,0.2857142857142857,5.428571428571428,0.2857142857142857
6218,4,4,2018,2026,19,19,5,14,35.8040225463395,127.14913031022076,전북 전주시 완산구 서서학동(옵티마우리약국 부근),전북특별자치도,전주시 완산구,약국,True,0.2857142857142857,5.428571428571428,1.4285714285714284
6061,4,4,2020,2026,19,19,0,18,37.54962241009825,127.1294244809585,서울 강동구 천호동(큰사랑약국 부근),서울특별시,강동구,약국,True,0.2857142857142857,5.428571428571428,0.0
5273,4,4,2017,2023,16,19,1,15,37.600397548894,127.104118042697,서울 중랑구 망우동(러스크서울병원 부근),서울특별시,중랑구,병원·의원,True,0.2857142857142857,5.428571428571428,0.2857142857142857
5145,4,4,2016,2024,19,19,0,13,37.540594669711,127.20126081528625,경기 하남시 덕풍동(건강한약국 부근),경기도,하남시,약국,True,0.2857142857142857,5.428571428571428,0.0
5523,4,4,2020,2024,17,19,4,15,37.6418190485115,127.02990845775301,서울 강북구 번동(구립번1동어린이집 부근),서울특별시,강북구,기타,True,0.2857142857142857,5.428571428571428,1.1428571428571428
5350,4,4,2019,2023,19,19,0,15,35.21562039005,129.10105543277777,부산 금정구 서동(서3치안센터 부근),부산광역시,금정구,기타,True,0.2857142857142857,5.428571428571428,0.0
5032,4,4,2014,2022,19,19,0,14,37.5337230479065,126.863611026229,서울특별시 강서구 화곡동(목동사거리 부근),서울특별시,강서구,교차로·사거리,True,0.2857142857142857,5.428571428571428,0.0
1723,4,4,2015,2019,19,19,2,9,37.58878471489375,126.91290244736601,서울특별시 은평구 응암동(와산교 부근),서울특별시,은평구,기타,True,0.2857142857142857,5.428571428571428,0.5714285714285714
5558,4,4,2015,2026,19,19,0,17,37.53581563326925,127.13239493253825,서울 강동구 천호동(강동역 5호선 부근),서울특별시,강동구,기타,True,0.2857142857142857,5.428571428571428,0.0
1324,4,4,2013,2018,19,19,2,9,35.808708340918,128.5519274202155,대구광역시 달서구 상인동(상인비둘기1단지아파트입구 부근),대구광역시,달서구,기타,True,0.2857142857142857,5.428571428571428,0.5714285714285714
351,4,4,2013,2023,18,19,3,12,37.8807570892835,127.7503402375425,강원 춘천시 후평동(북춘천새마을금고후평지점 부근),강원특별자치도,춘천시,은행,True,0.2857142857142857,5.428571428571428,0.8571428571428571
1272,4,4,2013,2024,19,19,1,15,35.10560003203525,128.96603684444102,부산 사하구 하단동(하단역 부산1호선 부근),부산광역시,사하구,기타,True,0.2857142857142857,5.428571428571428,0.2857142857142857
3852,4,4,2017,2020,17,19,1,14,36.12454769796875,128.11798567217727,경상북도 김천시 성내동(자산로1732 부근),경상북도,김천시,기타,True,0.2857142857142857,5.428571428571428,0.2857142857142857
2317,4,4,2017,2024,19,19,0,18,37.616160092212255,127.0327040652515,서울 강북구 미아동(송중동주민센터 부근),서울특별시,강북구,주민센터·행정,True,0.2857142857142857,5.428571428571428,0.0
77,4,4,2013,2024,18,19,0,16,37.5484876429925,126.83575734613575,서울 강서구 화곡동(우장산역교차로 부근),서울특별시,강서구,교차로·사거리,True,0.2857142857142857,5.428571428571428,0.0
3262,5,5,2014,2019,15,15,5,6,35.8279388161842,127.14555068183961,전라북도 전주시 덕진구 진북동(반촌맨션 부근),전북특별자치도,전주시 덕진구,기타,True,0.35714285714285715,5.357142857142858,1.7857142857142858
3676,4,4,2019,2023,18,18,0,13,37.40450173816075,126.95701430755375,경기 안양시 동안구 관양동(안양사랑의교회 부근),경기도,안양시 동안구,기타,True,0.2857142857142857,5.142857142857142,0.0
3276,4,4,2016,2020,17,18,1,15,35.9544397314595,126.95543282404175,전라북도 익산시 남중동(이화독서실 부근),전북특별자치도,익산시,기타,True,0.2857142857142857,5.142857142857142,0.2857142857142857
3280,4,4,2018,2023,18,18,0,17,35.95875649441075,126.97683913381749,전북 익산시 영등동(미소준치과의원 부근),전북특별자치도,익산시,병원·의원,True,0.2857142857142857,5.142857142857142,0.0
3910,4,4,2014,2025,18,18,0,16,35.6871349544025,127.91583622002776,경남 거창군 거창읍(조은약국 부근),경상남도,거창군,약국,True,0.2857142857142857,5.142857142857142,0.0
1840,4,4,2013,2016,18,18,0,11,35.238092486455,129.08812911197,부산광역시 금정구 장전동(김철수이비인후과의원 부근),부산광역시,금정구,병원·의원,True,0.2857142857142857,5.142857142857142,0.0
3471,4,4,2013,2020,18,18,2,8,37.470988728772504,126.89792409727025,서울특별시 금천구 독산동(독산사거리 부근),서울특별시,금천구,교차로·사거리,True,0.2857142857142857,5.142857142857142,0.5714285714285714
1040,4,4,2014,2026,18,18,1,13,35.49356293187,128.7537049451515,경남 밀양시 내일동(내일동행정복지센터 부근),경상남도,밀양시,주민센터·행정,True,0.2857142857142857,5.142857142857142,0.2857142857142857
4991,4,4,2016,2023,17,18,2,11,37.52681784346325,127.0002113794295,서울 용산구 보광동(보광동주민센터 부근),서울특별시,용산구,주민센터·행정,True,0.2857142857142857,5.142857142857142,0.5714285714285714
1788,4,4,2014,2020,15,18,1,5,37.48694129105875,126.94688118936651,서울특별시 관악구 봉천동(현대시장 부근),서울특별시,관악구,전통시장,True,0.2857142857142857,5.142857142857142,0.2857142857142857
3034,4,4,2016,2026,17,17,0,14,35.874872552577,128.63937185260525,대구 동구 효목동(동구시장 부근),대구광역시,동구,전통시장,True,0.2857142857142857,4.857142857142857,0.0
5049,4,4,2013,2022,15,17,0,14,37.54611648968525,127.14145519168,서울특별시 강동구 천호동(강동구민회관 부근),서울특별시,강동구,기타,True,0.2857142857142857,4.857142857142857,0.0
1603,4,4,2014,2024,17,17,1,13,36.81393474272575,128.6185726348835,경북 영주시 가흥동(꽃동산회전교차로 부근),경상북도,영주시,교차로·사거리,True,0.2857142857142857,4.857142857142857,0.2857142857142857
3883,4,4,2013,2019,15,17,3,12,35.23408238517,128.579283407404,경상남도 창원시 마산회원구 석전동(동마산병원입구 부근),경상남도,창원시 마산회원구,병원·의원,True,0.2857142857142857,4.857142857142857,0.8571428571428571
787,4,4,2014,2023,16,17,3,12,36.35232022959275,127.44259267077476,대전 대덕구 송촌동(367 부근),대전광역시,대덕구,기타,True,0.2857142857142857,4.857142857142857,0.8571428571428571
4779,4,4,2018,2024,17,17,0,15,37.6566922174225,127.27480326948525,경기 남양주시 화도읍(법인 진달래어린이집 부근),경기도,남양주시,기타,True,0.2857142857142857,4.857142857142857,0.0
4822,4,4,2014,2023,17,17,1,13,37.48907541119925,127.98775862489174,강원 횡성군 횡성읍 읍상리(참사랑어린이집 부근),강원특별자치도,횡성군,기타,True,0.2857142857142857,4.857142857142857,0.2857142857142857
5142,4,4,2020,2023,17,17,4,12,37.151755688701996,127.073820936489,경기 오산시 오산동(중앙동행정복지센터 부근),경기도,오산시,주민센터·행정,True,0.2857142857142857,4.857142857142857,1.1428571428571428
1990,4,4,2013,2019,17,17,0,13,37.410168782989004,127.12692208963375,경기도 성남시 분당구 야탑동(야탑지구대 부근),경기도,성남시 분당구,기타,True,0.2857142857142857,4.857142857142857,0.0
5210,4,4,2017,2022,16,17,1,15,34.74663672925275,127.743515043111,전라남도 여수시 공화동(공화동사거리 부근),전남광주통합특별시,여수시,교차로·사거리,True,0.2857142857142857,4.857142857142857,0.2857142857142857
3337,4,4,2018,2023,17,17,0,14,36.818943902898496,128.62796662292476,경북 영주시 휴천동(파리바게뜨 영주남산점 부근),경상북도,영주시,기타,True,0.2857142857142857,4.857142857142857,0.0
3012,4,4,2016,2022,17,17,0,14,35.16178348919275,129.1707164736125,부산광역시 해운대구 중동(스타벅스해운대달맞이 부근),부산광역시,해운대구,기타,True,0.2857142857142857,4.857142857142857,0.0
4070,4,4,2020,2024,16,17,1,15,35.1279562519365,129.04537718775575,부산 동구 수정동(해피투데이 부근),부산광역시,동구,기타,True,0.2857142857142857,4.857142857142857,0.2857142857142857
4589,4,4,2014,2021,17,17,1,12,35.1000741082845,129.01691388399473,부산광역시 서구 아미동2가(아미치안센터 부근),부산광역시,서구,기타,True,0.2857142857142857,4.857142857142857,0.2857142857142857
1515,3,3,2015,2019,11,22,3,6,36.634909104172664,127.45998479636268,충청북도 청주시 서원구 사창동(사창사거리 부근),충청북도,청주시 서원구,교차로·사거리,True,0.21428571428571427,4.714285714285714,0.6428571428571428
106,4,4,2013,2023,16,16,0,14,37.48459234604725,126.90289687368575,서울 관악구 신림동(항외과의원 부근),서울특별시,관악구,병원·의원,True,0.2857142857142857,4.571428571428571,0.0
5003,4,4,2017,2022,16,16,0,13,37.60739457799825,127.047029013654,서울특별시 성북구 상월곡동(부동산 부근),서울특별시,성북구,기타,True,0.2857142857142857,4.571428571428571,0.0
1862,4,4,2014,2020,16,16,0,12,35.8767408205085,128.571285664053,대구광역시 서구 비산동(달서로154 부근),대구광역시,서구,기타,True,0.2857142857142857,4.571428571428571,0.0
1074,4,4,2013,2023,16,16,1,14,37.55815911133625,127.033143461821,서울 성동구 행당동(무학여고앞교차로 부근),서울특별시,성동구,교차로·사거리,True,0.2857142857142857,4.571428571428571,0.2857142857142857
250,4,4,2013,2021,14,16,2,7,35.13295830430825,126.90158394476924,광주광역시 남구 백운동(광주광역시남구청 부근),전남광주통합특별시,남구,주민센터·행정,True,0.2857142857142857,4.571428571428571,0.5714285714285714
4856,4,4,2013,2021,16,16,0,7,36.10384815352025,127.491405071313,충청남도 금산군 금산읍(인삼로82 부근),충청남도,금산군,기타,True,0.2857142857142857,4.571428571428571,0.0
3327,4,4,2015,2021,16,16,1,14,36.12048905307825,128.12753705147,경상북도 김천시 용두동(초원교회 부근),경상북도,김천시,기타,True,0.2857142857142857,4.571428571428571,0.2857142857142857
1142,4,4,2015,2020,16,16,0,12,37.577880797062,126.92994427076249,서울특별시 서대문구 홍은동(홍연2교 부근),서울특별시,서대문구,기타,True,0.2857142857142857,4.571428571428571,0.0
5758,4,4,2016,2025,16,16,1,12,37.62480075052425,127.018892254761,서울 강북구 미아동(삼양시장교차로 부근),서울특별시,강북구,전통시장,True,0.2857142857142857,4.571428571428571,0.2857142857142857
2345,4,4,2015,2020,14,16,0,9,37.585231361289004,126.94797784740075,서울특별시 서대문구 홍제동(인왕APT 부근),서울특별시,서대문구,기타,True,0.2857142857142857,4.571428571428571,0.0
2059,3,3,2016,2019,18,21,2,12,37.758628314146335,126.77540555682201,경기도 파주시 금촌동(메디인병원 부근),경기도,파주시,병원·의원,True,0.21428571428571427,4.5,0.42857142857142855
1389,4,4,2015,2019,14,15,0,11,36.35590661822175,127.333044985339,대전광역시 유성구 구암동(구암역3번출구 부근),대전광역시,유성구,기타,True,0.2857142857142857,4.285714285714286,0.0
2942,4,4,2013,2021,15,15,3,5,37.457069548472,126.9055103585175,서울특별시 금천구 시흥동(장혁빌딩 부근),서울특별시,금천구,기타,True,0.2857142857142857,4.285714285714286,0.8571428571428571
4861,4,4,2015,2021,15,15,2,8,36.450030575027,126.80289510704975,충청남도 청양군 청양읍(청양교통입구 부근),충청남도,청양군,기타,True,0.2857142857142857,4.285714285714286,0.5714285714285714
2486,4,4,2014,2021,15,15,0,8,35.8825472143835,128.62056517029725,대구광역시 동구 신암동(우리은행신암동지점 부근),대구광역시,동구,은행,True,0.2857142857142857,4.285714285714286,0.0
1110,4,4,2013,2020,14,15,0,10,37.59613301710125,127.01480560641974,서울특별시 성북구 동소문동7가(흥천사입구 부근),서울특별시,성북구,기타,True,0.2857142857142857,4.285714285714286,0.0
5331,4,4,2013,2023,15,15,0,11,35.144552032233,129.05952832236926,부산 부산진구 범천동(중앙시장앞교차로 부근),부산광역시,부산진구,전통시장,True,0.2857142857142857,4.285714285714286,0.0
2706,4,4,2014,2021,15,15,0,12,37.13441772327525,128.20930557319474,충청북도 제천시 남천동(제천농협 부근),충청북도,제천시,은행,True,0.2857142857142857,4.285714285714286,0.0
5041,3,3,2019,2022,14,20,0,9,37.49770966307133,126.95252906956166,서울특별시 동작구 상도동(리치타운 부근),서울특별시,동작구,기타,True,0.21428571428571427,4.285714285714286,0.0
1921,4,4,2015,2019,14,15,3,10,37.530660436355745,126.7225719154625,인천광역시 계양구 작전동(작전역사거리 부근),인천광역시,계양구,교차로·사거리,True,0.2857142857142857,4.285714285714286,0.8571428571428571
2691,4,4,2017,2025,15,15,0,10,38.1972556672235,128.5757615765305,강원 속초시 교동(만천사거리 부근),강원특별자치도,속초시,교차로·사거리,True,0.2857142857142857,4.285714285714286,0.0
1021,4,4,2014,2024,15,15,1,9,35.152197749504246,128.66644641519827,경남 창원시 진해구 충무동(중앙삼거리 부근),경상남도,창원시 진해구,교차로·사거리,True,0.2857142857142857,4.285714285714286,0.2857142857142857
998,3,3,2014,2026,19,20,1,13,36.824591623915005,128.62934855814967,경북 영주시 하망동(신청하식당 부근),경상북도,영주시,기타,True,0.21428571428571427,4.285714285714286,0.21428571428571427
2765,4,4,2014,2019,15,15,0,9,34.76359442601775,127.66431133502576,전라남도 여수시 학동(쌍봉동주민센터 부근),전남광주통합특별시,여수시,주민센터·행정,True,0.2857142857142857,4.285714285714286,0.0
150,4,4,2013,2019,14,15,0,9,35.1737268337775,129.07297961526825,부산광역시 부산진구 양정동(파리바게뜨 부산양정역점 부근),부산광역시,부산진구,기타,True,0.2857142857142857,4.285714285714286,0.0
3661,3,3,2015,2019,18,19,1,11,37.439602238353665,127.127713433829,경기도 성남시 수정구 태평동(세븐일레븐 성남태평점 부근),경기도,성남시 수정구,기타,True,0.21428571428571427,4.071428571428571,0.21428571428571427
4679,3,3,2014,2021,18,19,0,12,37.54714210322633,126.73657149388033,인천광역시 계양구 임학동(커피마마 부근),인천광역시,계양구,기타,True,0.21428571428571427,4.071428571428571,0.0
1294,3,3,2013,2017,10,19,0,10,35.873593851576004,128.57973490244467,대구광역시 중구 달성동(한국타이어달성점 부근),대구광역시,중구,기타,True,0.21428571428571427,4.071428571428571,0.0
4460,3,3,2016,2022,19,19,1,11,35.498442547387,128.74498343893535,경상남도 밀양시 내이동,경상남도,밀양시,기타,True,0.21428571428571427,4.071428571428571,0.21428571428571427
6158,3,3,2013,2026,19,19,1,16,36.99559301716233,127.08693007619166,경기 평택시 통복동(농협사거리 부근),경기도,평택시,은행,True,0.21428571428571427,4.071428571428571,0.21428571428571427
1481,4,4,2015,2023,14,14,0,7,37.53636845444025,127.20866349876925,경기 하남시 신장동(덕보교교차로 부근),경기도,하남시,교차로·사거리,True,0.2857142857142857,4.0,0.0
3740,4,4,2016,2019,14,14,2,6,38.0262865497605,127.06791663669449,경기도 연천군 전곡읍(롯데리아 전곡점 부근),경기도,연천군,기타,True,0.2857142857142857,4.0,0.5714285714285714
4689,4,4,2015,2021,13,14,1,4,35.134169660302746,126.910387979123,광주광역시 남구 주월동(케냐에스프레소주월점 부근),전남광주통합특별시,남구,기타,True,0.2857142857142857,4.0,0.2857142857142857
1623,4,4,2013,2021,14,14,0,9,34.85178250456,128.43146707337274,경상남도 통영시 북신동(북신사거리 부근),경상남도,통영시,교차로·사거리,True,0.2857142857142857,4.0,0.0
797,3,3,2013,2017,15,18,2,12,37.282543331610334,127.01652935834433,경기도 수원시 팔달구 북수동(신안동사무소삼거리 부근),경기도,수원시 팔달구,교차로·사거리,True,0.21428571428571427,3.8571428571428568,0.42857142857142855
1680,3,3,2015,2017,16,18,0,12,37.577459225164,127.05797223912867,서울특별시 동대문구 전농동(전농동사거리_사가정길_진입_2 부근),서울특별시,동대문구,교차로·사거리,True,0.21428571428571427,3.8571428571428568,0.0
2430,3,3,2016,2026,18,18,0,14,35.220091663719664,129.087865297026,부산 금정구 부곡동(부곡4동행정복지센터 부근),부산광역시,금정구,주민센터·행정,True,0.21428571428571427,3.8571428571428568,0.0
5844,3,3,2023,2025,17,18,2,15,37.463569440224,126.71530377150333,인천 남동구 간석동(간석자유시장 부근),인천광역시,남동구,전통시장,True,0.21428571428571427,3.8571428571428568,0.42857142857142855
5103,3,3,2014,2022,14,18,0,11,35.835076764582,128.555831482738,대구광역시 달서구 송현동(달성군청삼거리 부근),대구광역시,달서구,주민센터·행정,True,0.21428571428571427,3.8571428571428568,0.0
475,3,3,2013,2023,15,18,1,13,35.989299919252666,128.39948083010802,경북 칠곡군 왜관읍 왜관리(왜관 정형외과의원 부근),경상북도,칠곡군,병원·의원,True,0.21428571428571427,3.8571428571428568,0.21428571428571427
732,3,3,2014,2019,17,18,1,9,35.83159941028533,128.53282626122402,대구광역시 달서구 월성동(진한의원 부근),대구광역시,달서구,병원·의원,True,0.21428571428571427,3.8571428571428568,0.21428571428571427
1190,3,3,2015,2026,15,18,1,12,37.48592205869166,126.95723281859567,서울 관악구 봉천동(은천삼거리 부근),서울특별시,관악구,교차로·사거리,True,0.21428571428571427,3.8571428571428568,0.21428571428571427
4787,4,4,2017,2021,13,13,1,3,37.54289657164525,127.20367914735075,경기도 하남시 덕풍동(덕풍동33229 부근),경기도,하남시,기타,True,0.2857142857142857,3.714285714285714,0.2857142857142857
4750,4,4,2014,2021,13,13,0,9,37.4868440718725,126.77592498477625,경기도 부천시 심곡동(전화국사거리 부근),경기도,부천시,교차로·사거리,True,0.2857142857142857,3.714285714285714,0.0
2123,4,4,2014,2021,13,13,0,7,35.79812602267375,127.14067024990825,전라북도 전주시 완산구 평화동1가(장승배기로312 부근),전북특별자치도,전주시 완산구,기타,True,0.2857142857142857,3.714285714285714,0.0
4605,4,4,2013,2021,13,13,0,8,35.1654807763675,129.03907806972325,부산광역시 부산진구 당감동(당감동사거리 부근),부산광역시,부산진구,교차로·사거리,True,0.2857142857142857,3.714285714285714,0.0
5192,3,3,2022,2024,15,17,0,17,35.812886251421,127.11775720183432,전북 전주시 완산구 중화산동2가(고향숯불에구운 족발보쌈 전북본점 부근),전북특별자치도,전주시 완산구,기타,True,0.21428571428571427,3.642857142857143,0.0
4714,3,3,2021,2026,15,17,0,15,35.52764469619667,129.320809215926,울산 남구 야음동(수암사거리 부근),울산광역시,남구,교차로·사거리,True,0.21428571428571427,3.642857142857143,0.0
1152,3,3,2015,2023,15,17,0,14,37.52211602276133,126.84390690897767,서울 양천구 신월동(성실교회 부근),서울특별시,양천구,기타,True,0.21428571428571427,3.642857142857143,0.0
679,3,3,2014,2021,14,17,1,8,35.20763261025767,129.005794022977,부산광역시 북구 구포동(구포시장앞교차로 부근),부산광역시,북구,전통시장,True,0.21428571428571427,3.642857142857143,0.21428571428571427
1780,3,3,2016,2024,14,17,1,12,37.483923557545005,126.92566413763166,서울 관악구 신림동(신원약국 부근),서울특별시,관악구,약국,True,0.21428571428571427,3.642857142857143,0.21428571428571427
1838,3,3,2013,2017,15,17,0,10,35.24896515411933,129.09054913513566,부산광역시 금정구 구서동(청담한약국 부근),부산광역시,금정구,약국,True,0.21428571428571427,3.642857142857143,0.0
993,3,3,2014,2019,17,17,2,8,36.563466833728334,128.72936289638167,경상북도 안동시 남문동(대구한의원 부근),경상북도,안동시,병원·의원,True,0.21428571428571427,3.642857142857143,0.42857142857142855
6164,3,3,2018,2026,16,17,0,11,37.65587834677433,126.83751297593567,경기 고양시 덕양구 성사동(원당시장 부근),경기도,고양시 덕양구,전통시장,True,0.21428571428571427,3.642857142857143,0.0
5215,3,3,2021,2023,17,17,0,16,34.640008419501,126.772525241922,전남 강진군 강진읍 동성리(강진시장 오감통 수산동 부근),전남광주통합특별시,강진군,전통시장,True,0.21428571428571427,3.642857142857143,0.0
2707,3,3,2015,2026,17,17,3,14,37.128579808918666,128.20687702627666,충북 제천시 화산동(제천역전한마음시장 부근),충청북도,제천시,전통시장,True,0.21428571428571427,3.642857142857143,0.6428571428571428
1566,3,3,2015,2025,12,16,1,11,35.79235332575566,127.429700318296,전북 진안군 진안읍(진안고원시장 부근),전북특별자치도,진안군,전통시장,True,0.21428571428571427,3.4285714285714284,0.21428571428571427
2693,3,3,2017,2026,15,16,0,7,37.69145065073033,127.88675876038,강원 홍천군 홍천읍(홍천유치원 부근),강원특별자치도,홍천군,기타,True,0.21428571428571427,3.4285714285714284,0.0
3429,3,3,2014,2025,15,16,1,12,37.631442327857,127.02427874720767,서울 강북구 미아동(수유스타약국 부근),서울특별시,강북구,약국,True,0.21428571428571427,3.4285714285714284,0.21428571428571427
5929,3,3,2024,2026,16,16,0,16,35.79168935880066,127.13231710822434,전북 전주시 완산구 평화동2가(학산어린이집 부근),전북특별자치도,전주시 완산구,기타,True,0.21428571428571427,3.4285714285714284,0.0
252,4,4,2013,2018,12,12,1,8,35.1516804675555,126.89554267607974,광주광역시 서구 농성동(돌고개역 부근),전남광주통합특별시,서구,기타,True,0.2857142857142857,3.4285714285714284,0.2857142857142857
2787,4,4,2014,2020,12,12,1,7,35.83864775141825,129.2040011613505,경상북도 경주시 사정동(태종로701 부근),경상북도,경주시,기타,True,0.2857142857142857,3.4285714285714284,0.2857142857142857
6268,3,3,2024,2026,16,16,0,16,33.221715773758,126.25419642356566,제주 서귀포시 대정읍(대정송약국 부근),제주특별자치도,서귀포시,약국,True,0.21428571428571427,3.4285714285714284,0.0
4607,3,3,2021,2023,13,16,0,12,35.19816140988633,129.060055849792,부산 동래구 사직동(사직사거리 부근),부산광역시,동래구,교차로·사거리,True,0.21428571428571427,3.4285714285714284,0.0
6081,3,3,2016,2026,16,16,0,14,35.220272223968,129.08149729049666,부산 동래구 온천동(대도약국 부근),부산광역시,동래구,약국,True,0.21428571428571427,3.4285714285714284,0.0
5244,3,3,2016,2022,16,16,1,15,35.47347057540767,128.77097601493202,경상남도 밀양시 가곡동(가곡동4712 부근),경상남도,밀양시,기타,True,0.21428571428571427,3.4285714285714284,0.21428571428571427
4838,3,3,2018,2021,13,16,0,12,36.80926296731334,127.796354809528,충청북도 괴산군 괴산읍(시계탑사거리 부근),충청북도,괴산군,교차로·사거리,True,0.21428571428571427,3.4285714285714284,0.0
5906,3,3,2024,2026,16,16,2,14,36.783416159058994,127.58012956861667,충북 증평군 증평읍(가족사랑종로약국 부근),충청북도,증평군,약국,True,0.21428571428571427,3.4285714285714284,0.42857142857142855
2214,3,3,2016,2022,14,16,3,9,35.24125826066133,128.584933424539,경상남도 창원시 마산회원구 합성동(합성사거리 부근),경상남도,창원시 마산회원구,교차로·사거리,True,0.21428571428571427,3.4285714285714284,0.6428571428571428
5573,3,3,2014,2025,15,16,0,16,35.164755990047,129.03555490813133,부산 부산진구 당감동(동평사거리 부근),부산광역시,부산진구,교차로·사거리,True,0.21428571428571427,3.4285714285714284,0.0
5587,3,3,2022,2024,16,16,0,16,35.23049533359267,129.08948508665765,부산 금정구 장전동(부산대역 부산1호선 부근),부산광역시,금정구,기타,True,0.21428571428571427,3.4285714285714284,0.0
6177,3,3,2013,2026,16,16,0,15,37.757970932035,126.772641465321,경기 파주시 금촌동(금촌로터리 부근),경기도,파주시,기타,True,0.21428571428571427,3.4285714285714284,0.0
3935,3,3,2014,2020,15,16,0,13,37.56632205272167,127.05440985123433,서울특별시 동대문구 답십리동(쌍마빌딩 부근),서울특별시,동대문구,기타,True,0.21428571428571427,3.4285714285714284,0.0
4820,4,4,2013,2021,12,12,1,6,37.44202271432775,129.16410197345326,강원도 삼척시 남양동(읍중동24 부근),강원특별자치도,삼척시,기타,True,0.2857142857142857,3.4285714285714284,0.2857142857142857
1864,3,3,2015,2019,16,16,1,13,35.86294137474567,128.57209224636134,대구광역시 서구 내당동(서대구농협 내당지점 부근),대구광역시,서구,은행,True,0.21428571428571427,3.4285714285714284,0.21428571428571427
18,3,3,2013,2020,15,16,0,15,37.586571556633,127.04124910016701,서울특별시 동대문구 청량리동(영휘원 부근),서울특별시,동대문구,기타,True,0.21428571428571427,3.4285714285714284,0.0
1158,3,3,2013,2016,16,16,0,8,37.530647996409,126.84698348040433,서울특별시 강서구 화곡동(화곡사거리 부근),서울특별시,강서구,교차로·사거리,True,0.21428571428571427,3.4285714285714284,0.0
1304,3,3,2015,2026,15,16,0,16,35.833176779247,128.5971847499287,대구 남구 봉덕동(심신수련장입구교차로 부근),대구광역시,남구,교차로·사거리,True,0.21428571428571427,3.4285714285714284,0.0
1825,3,3,2014,2017,15,16,2,9,35.20955506461534,129.002898582205,부산광역시 북구 구포동(천일돼지국밥 부근),부산광역시,북구,기타,True,0.21428571428571427,3.4285714285714284,0.42857142857142855
3816,3,3,2019,2026,14,16,5,10,35.409186918825,127.386620306322,전북 남원시 죽항동(건승약국 부근),전북특별자치도,남원시,약국,True,0.21428571428571427,3.4285714285714284,1.0714285714285714
4894,3,3,2021,2023,16,16,1,14,34.95996931139833,127.48448002039868,전남 순천시 동외동(연세광혜병원 부근),전남광주통합특별시,순천시,병원·의원,True,0.21428571428571427,3.4285714285714284,0.21428571428571427
5959,3,3,2013,2026,16,16,0,16,35.976550641696,128.94375837645666,경북 영천시 야사동(동부낙곱새 부근),경상북도,영천시,기타,True,0.21428571428571427,3.4285714285714284,0.0
1400,3,3,2014,2017,16,16,2,9,37.29043047348867,127.00258576692067,경기도 수원시 장안구 영화동(정자사거리 부근),경기도,수원시 장안구,교차로·사거리,True,0.21428571428571427,3.4285714285714284,0.42857142857142855
3297,4,4,2016,2021,12,12,1,6,34.790061101065,126.390742231345,전라남도 목포시 호남동(주차장 부근),전남광주통합특별시,목포시,기타,True,0.2857142857142857,3.4285714285714284,0.2857142857142857
1705,3,3,2016,2020,13,16,1,7,37.62904324505033,127.017941530778,서울특별시 강북구 미아동(북부안식일교회 부근),서울특별시,강북구,기타,True,0.21428571428571427,3.4285714285714284,0.21428571428571427
4028,2,2,2017,2020,14,23,0,11,37.484727738445,126.98006784200851,서울특별시 동작구 사당동(대성문구인쇄 부근),서울특별시,동작구,기타,False,0.14285714285714285,3.2857142857142856,0.0
1485,3,3,2015,2026,15,15,0,14,37.760933840568335,126.77630268959832,경기 파주시 금촌동(천지약국 부근),경기도,파주시,약국,True,0.21428571428571427,3.214285714285714,0.0
5804,3,3,2023,2025,15,15,0,15,35.164122595337,129.051625855643,부산 부산진구 부암동(라인예능어린이집 부근),부산광역시,부산진구,기타,True,0.21428571428571427,3.214285714285714,0.0
2037,3,3,2014,2016,14,15,1,9,37.600658350403336,127.139211371109,경기도 구리시 수택동(돌다리사거리 부근),경기도,구리시,교차로·사거리,True,0.21428571428571427,3.214285714285714,0.21428571428571427
5556,3,3,2013,2025,15,15,0,12,37.53407348698,127.14205196006333,서울 강동구 둔촌동(둔촌2동주민센터 부근),서울특별시,강동구,주민센터·행정,True,0.21428571428571427,3.214285714285714,0.0
3193,3,3,2018,2024,15,15,0,13,37.20878649554433,126.81788819174666,경기 화성시 남양읍(기업은행사거리 부근),경기도,화성시,은행,True,0.21428571428571427,3.214285714285714,0.0
4296,3,3,2020,2022,13,15,1,12,37.78119283338334,126.84829716718133,경기도 파주시 광탄면(신산2교앞 부근),경기도,파주시,기타,True,0.21428571428571427,3.214285714285714,0.21428571428571427
5951,3,3,2023,2025,15,15,2,13,35.988632019616,129.55218601343,경북 포항시 남구 구룡포읍(구룡포파출소 부근),경상북도,포항시 남구,기타,True,0.21428571428571427,3.214285714285714,0.42857142857142855
5648,3,3,2024,2026,15,15,3,12,37.75524506488,128.89164247512466,강원 강릉시 용강동(강릉서부시장 부근),강원특별자치도,강릉시,전통시장,True,0.21428571428571427,3.214285714285714,0.6428571428571428
754,3,3,2013,2017,15,15,0,9,35.15136518735434,126.91366933847034,광주광역시 동구 금남로5가(균형생식환 부근),전남광주통합특별시,동구,기타,True,0.21428571428571427,3.214285714285714,0.0
5989,3,3,2018,2025,15,15,1,8,33.512834264495005,126.52796303399066,제주 제주시 일도일동(동문로터리 부근),제주특별자치도,제주시,기타,True,0.21428571428571427,3.214285714285714,0.21428571428571427
5555,3,3,2018,2025,15,15,0,12,37.49700255805133,127.14969467203366,서울 송파구 마천동(마천2동주민센터 부근),서울특별시,송파구,주민센터·행정,True,0.21428571428571427,3.214285714285714,0.0
2928,3,3,2015,2026,15,15,0,12,37.541478813939,126.84106940477368,서울 강서구 화곡동(화곡역교차로 부근),서울특별시,강서구,교차로·사거리,True,0.21428571428571427,3.214285714285714,0.0
643,3,3,2013,2016,15,15,0,6,37.537796691765,127.1267120792,서울특별시 강동구 성내동(산경빌딩 부근),서울특별시,강동구,기타,True,0.21428571428571427,3.214285714285714,0.0
5054,3,3,2020,2022,13,15,0,15,35.112532859205,129.02820244658668,부산광역시 서구 동대신동2가(동주슈퍼 부근),부산광역시,서구,기타,True,0.21428571428571427,3.214285714285714,0.0
3514,3,3,2017,2021,15,15,1,7,35.122479628133,129.04143327762466,부산광역시 동구 초량동(한국걸스카우트부산연맹 부근),부산광역시,동구,기타,True,0.21428571428571427,3.214285714285714,0.21428571428571427
3624,3,3,2016,2021,11,15,2,3,35.17336605739867,126.92548370700833,광주광역시 북구 두암동(제이화장품 부근),전남광주통합특별시,북구,기타,True,0.21428571428571427,3.214285714285714,0.42857142857142855
5854,3,3,2024,2026,15,15,0,15,36.30582983926133,127.36570633622534,대전 서구 정림동(무지개종합시장 부근),대전광역시,서구,전통시장,True,0.21428571428571427,3.214285714285714,0.0
3049,3,3,2018,2025,14,15,1,11,35.82117885896201,128.63232708284434,대구 수성구 지산동(대구용지초등학교 부근),대구광역시,수성구,학교,True,0.21428571428571427,3.214285714285714,0.21428571428571427
2882,3,3,2017,2019,15,15,1,7,37.61343765762266,127.04938771347334,서울특별시 성북구 장위동(KB국민은행장위동지점 부근),서울특별시,성북구,은행,True,0.21428571428571427,3.214285714285714,0.21428571428571427
5846,3,3,2013,2025,15,15,0,12,35.14102487805933,126.921087172268,광주 동구 학동(전대병원응급실앞교차로 부근),전남광주통합특별시,동구,병원·의원,True,0.21428571428571427,3.214285714285714,0.0
1573,3,3,2014,2017,14,15,1,8,34.804541404663,126.39675383881968,전라남도 목포시 용당동((일반국도1호선진고개길) 부근),전남광주통합특별시,목포시,기타,True,0.21428571428571427,3.214285714285714,0.21428571428571427
5205,3,3,2016,2022,13,15,1,11,35.80508725277534,126.88375371526267,전라북도 김제시 요촌동(요촌1길입구 부근),전북특별자치도,김제시,기타,True,0.21428571428571427,3.214285714285714,0.21428571428571427
6277,3,3,2015,2026,14,14,1,12,35.166241988678,126.93385671037066,전남광주통합특별시 북구 두암동(퓨전포차똥개 부근),전남광주통합특별시,북구,기타,True,0.21428571428571427,3.0,0.21428571428571427
4299,3,3,2013,2026,14,14,0,12,37.11651745838267,127.63045246129,경기 이천시 장호원읍(장호원삼거리 부근),경기도,이천시,교차로·사거리,True,0.21428571428571427,3.0,0.0
593,3,3,2013,2019,13,14,0,4,37.52059752095966,126.83502388994201,서울특별시 양천구 신월동(중앙빌딩 부근),서울특별시,양천구,기타,True,0.21428571428571427,3.0,0.0
5247,3,3,2014,2023,14,14,0,13,34.876090990598,128.73159590789,경남 거제시 능포동(옥수시장 부근),경상남도,거제시,전통시장,True,0.21428571428571427,3.0,0.0
4619,3,3,2014,2021,14,14,0,9,35.246026746438,129.09083327713532,부산광역시 금정구 구서동(구서역1번출구 부근),부산광역시,금정구,기타,True,0.21428571428571427,3.0,0.0
2774,3,3,2016,2018,14,14,0,10,34.67775482132867,126.90878234363167,전라남도 장흥군 장흥읍(심할머니안흥찐빵만두 부근),전남광주통합특별시,장흥군,기타,True,0.21428571428571427,3.0,0.0
1882,3,3,2013,2021,13,14,2,8,35.822690871786996,128.64183609256267,대구광역시 수성구 지산동(지산동12972 부근),대구광역시,수성구,기타,True,0.21428571428571427,3.0,0.42857142857142855
5692,3,3,2021,2026,14,14,0,12,36.06804805594666,129.3815416826143,경북 포항시 북구 두호동(장량성도시장 부근),경상북도,포항시 북구,전통시장,True,0.21428571428571427,3.0,0.0
1087,3,3,2013,2021,13,14,2,9,37.59020428619967,127.06273540031934,서울특별시 동대문구 휘경동(위생병원앞교차로 부근),서울특별시,동대문구,병원·의원,True,0.21428571428571427,3.0,0.42857142857142855
4932,3,3,2015,2021,12,14,1,8,35.93148437840233,128.87366359040334,경상북도 영천시 금호읍(새마을금고앞교차로 부근),경상북도,영천시,은행,True,0.21428571428571427,3.0,0.21428571428571427
5751,3,3,2018,2026,14,14,0,13,37.61399867769533,127.04325301921733,서울 성북구 장위동(장위1동주민센터 부근),서울특별시,성북구,주민센터·행정,True,0.21428571428571427,3.0,0.0
2403,3,3,2015,2020,12,14,0,8,37.487683080211006,127.10188362103366,서울특별시 강남구 수서동(수서삼익아파트4단지상 부근),서울특별시,강남구,기타,True,0.21428571428571427,3.0,0.0
1351,3,3,2015,2021,14,14,1,8,37.49680017988567,126.72947865841434,인천광역시 부평구 부평동(장제로116 부근),인천광역시,부평구,기타,True,0.21428571428571427,3.0,0.21428571428571427
553,3,3,2014,2026,14,14,2,10,37.634818528127,127.01971383127166,서울 강북구 수유동(중화단무 부근),서울특별시,강북구,기타,True,0.21428571428571427,3.0,0.42857142857142855
5300,3,3,2021,2024,14,14,0,14,37.53426200467833,126.847677154731,서울 강서구 화곡동(까치산메가약국 부근),서울특별시,강서구,약국,True,0.21428571428571427,3.0,0.0
3308,3,3,2017,2019,14,14,1,9,35.033733925781,126.72147719381867,전라남도 나주시 중앙동(미니스톱 나주터미널점 부근),전남광주통합특별시,나주시,역·터미널,True,0.21428571428571427,3.0,0.21428571428571427
6166,3,3,2013,2026,14,14,0,11,37.602798413538004,127.14334568777299,경기 구리시 인창동(정약국 부근),경기도,구리시,약국,True,0.21428571428571427,3.0,0.0
1875,3,3,2016,2021,14,14,3,9,35.92045010848667,128.54651046238902,대구광역시 북구 태전동(태전삼거리 부근),대구광역시,북구,교차로·사거리,True,0.21428571428571427,3.0,0.6428571428571428
4162,3,3,2015,2022,14,14,0,11,37.46557023767733,126.635918256823,인천광역시 중구 신흥동3가(신광사거리 부근),인천광역시,중구,교차로·사거리,True,0.21428571428571427,3.0,0.0
2474,3,3,2017,2021,14,14,0,10,35.155802832935336,129.12258168509769,부산광역시 수영구 민락동(포항영일상회 부근),부산광역시,수영구,기타,True,0.21428571428571427,3.0,0.0
678,3,3,2014,2025,14,14,1,11,35.11212880170533,129.110496440554,부산 남구 용호동(예가키움어린이집 부근),부산광역시,남구,기타,True,0.21428571428571427,3.0,0.21428571428571427
5769,3,3,2019,2026,14,14,2,11,37.530777571169665,126.84946830691366,서울 강서구 화곡동(신영유치원 부근),서울특별시,강서구,기타,True,0.21428571428571427,3.0,0.42857142857142855
717,3,3,2013,2015,13,14,1,8,35.87210701233,128.574219352842,대구광역시 서구 비산동(전원악기사 부근),대구광역시,서구,기타,True,0.21428571428571427,3.0,0.21428571428571427
2800,3,3,2017,2019,14,14,0,3,36.594764006854334,128.19815366655965,경상북도 문경시 점촌동(강석우한의원 부근),경상북도,문경시,병원·의원,True,0.21428571428571427,3.0,0.0
5031,3,3,2018,2022,14,14,2,7,37.532190861919666,126.85829649668699,서울특별시 강서구 화곡동(신정여상 부근),서울특별시,강서구,기타,True,0.21428571428571427,3.0,0.42857142857142855
1283,3,3,2014,2026,14,14,3,7,35.16227831765233,129.11390827915798,부산 수영구 광안동(광안사거리 부근),부산광역시,수영구,교차로·사거리,True,0.21428571428571427,3.0,0.6428571428571428
5739,3,3,2015,2026,13,14,1,11,37.585452420820666,127.051505304329,서울 동대문구 청량리동(떡전교사거리 부근),서울특별시,동대문구,교차로·사거리,True,0.21428571428571427,3.0,0.21428571428571427
5491,3,3,2021,2024,13,14,0,14,35.23033519856,128.89364791204767,경남 김해시 삼정동(성은약국 부근),경상남도,김해시,약국,True,0.21428571428571427,3.0,0.0
1088,3,3,2015,2019,13,13,2,7,37.578324481191,127.06912857252667,서울특별시 동대문구 장안동(장안2동 주민센터 부근),서울특별시,동대문구,주민센터·행정,True,0.21428571428571427,2.7857142857142856,0.42857142857142855
6088,3,3,2013,2026,13,13,0,12,35.12337036132067,129.113412543053,부산 남구 용호동(용호낙지 본점 부근),부산광역시,남구,기타,True,0.21428571428571427,2.7857142857142856,0.0
1700,3,3,2015,2019,10,13,3,3,37.58899768979267,127.007548886373,서울특별시 성북구 동소문동2가(성북녹십자약국1호점 부근),서울특별시,성북구,약국,True,0.21428571428571427,2.7857142857142856,0.6428571428571428
1852,3,3,2013,2017,13,13,2,9,35.865234288033335,128.582954557208,대구광역시 중구 대신동(신남사거리 부근),대구광역시,중구,교차로·사거리,True,0.21428571428571427,2.7857142857142856,0.42857142857142855
823,3,3,2014,2018,13,13,1,6,37.52767513330166,126.82187996279134,경기도 부천시 고강동(포인트마트부천고강점 부근),경기도,부천시,마트·상가,True,0.21428571428571427,2.7857142857142856,0.21428571428571427
3706,3,3,2016,2021,13,13,0,7,37.71915609527867,127.183439688492,경기도 남양주시 진접읍(진접농협앞 부근),경기도,남양주시,은행,True,0.21428571428571427,2.7857142857142856,0.0
5961,3,3,2019,2026,13,13,0,12,35.91454276983467,128.819930620661,경북 경산시 하양읍(하양유치원 부근),경상북도,경산시,기타,True,0.21428571428571427,2.7857142857142856,0.0
2525,3,3,2014,2017,12,13,1,5,37.442865812408336,126.70343799327001,인천광역시 남동구 구월동(농산물사거리 부근),인천광역시,남동구,교차로·사거리,True,0.21428571428571427,2.7857142857142856,0.21428571428571427
1888,3,3,2016,2025,13,13,1,11,35.84028903075333,128.70687342002267,대구 수성구 신매동(메디빌약국 부근),대구광역시,수성구,약국,True,0.21428571428571427,2.7857142857142856,0.21428571428571427
844,3,3,2014,2022,13,13,0,9,37.148844091083,127.06980973912898,경기도 오산시 오산동(속성변화점 부근),경기도,오산시,기타,True,0.21428571428571427,2.7857142857142856,0.0
4006,3,3,2013,2020,13,13,2,5,37.544984063364666,126.84644585699168,서울특별시 강서구 화곡동(청구빌라트 부근),서울특별시,강서구,기타,True,0.21428571428571427,2.7857142857142856,0.42857142857142855
2519,3,3,2014,2017,13,13,2,5,37.46579773767633,126.68176583023,인천광역시 남구 주안동(인천실용음악 부근),인천광역시,남구,기타,True,0.21428571428571427,2.7857142857142856,0.42857142857142855
706,3,3,2014,2021,11,13,0,8,35.873399280853,128.61076051958332,대구광역시 중구 동인동3가(신천교네거리 부근),대구광역시,중구,기타,True,0.21428571428571427,2.7857142857142856,0.0
1961,3,3,2015,2020,13,13,1,5,36.358013599449,127.33637373626,대전광역시 유성구 장대동(장대로25 부근),대전광역시,유성구,기타,True,0.21428571428571427,2.7857142857142856,0.21428571428571427
3094,3,3,2017,2024,13,13,1,12,36.335767525150004,127.41199384043966,대전 중구 중촌동(꽃망울어린이집 부근),대전광역시,중구,기타,True,0.21428571428571427,2.7857142857142856,0.21428571428571427
4437,3,3,2018,2020,12,13,0,8,35.200963859995,128.57227845428832,경상남도 창원시 마산합포구 신포동2가(대우백화점앞교차로 부근),경상남도,창원시 마산합포구,마트·상가,True,0.21428571428571427,2.7857142857142856,0.0
55,3,3,2013,2024,13,13,1,10,37.613050510613,126.93216040406766,서울 은평구 불광동(서울불광초등학교 부근),서울특별시,은평구,학교,True,0.21428571428571427,2.7857142857142856,0.21428571428571427
1966,3,3,2014,2016,13,13,0,11,35.555521185155335,129.32813402436668,울산광역시 중구 학산동(새치삼거리 부근),울산광역시,중구,교차로·사거리,True,0.21428571428571427,2.7857142857142856,0.0
4397,3,3,2019,2021,12,13,0,8,34.843034777734,127.34576932239732,전라남도 보성군 벌교읍(역전삼거리 부근),전남광주통합특별시,보성군,교차로·사거리,True,0.21428571428571427,2.7857142857142856,0.0
43,3,3,2013,2018,11,13,2,7,37.677278981041006,127.04486817652634,서울특별시 도봉구 도봉동(도봉역2번출구 부근),서울특별시,도봉구,기타,True,0.21428571428571427,2.7857142857142856,0.42857142857142855
3344,3,3,2014,2018,13,13,0,8,36.890954432801664,128.73642261431334,경상북도 봉화군 봉화읍(봉화공용정류장 부근),경상북도,봉화군,역·터미널,True,0.21428571428571427,2.7857142857142856,0.0
3010,3,3,2016,2018,13,13,2,9,35.162543152745336,129.16460832031868,부산광역시 해운대구 중동(해우리해운대점 부근),부산광역시,해운대구,기타,True,0.21428571428571427,2.7857142857142856,0.42857142857142855
3040,3,3,2018,2020,13,13,0,9,35.84455315960133,128.58866496921434,대구광역시 남구 대명동(영대네거리 부근),대구광역시,남구,기타,True,0.21428571428571427,2.7857142857142856,0.0
3495,3,3,2019,2025,13,13,1,9,37.49736878791467,127.14612703730934,서울 송파구 마천동(마천사거리 부근),서울특별시,송파구,교차로·사거리,True,0.21428571428571427,2.7857142857142856,0.21428571428571427
2448,3,3,2017,2026,13,13,2,8,35.23498553353,129.013633652071,부산 북구 화명동(와석교차로 부근),부산광역시,북구,교차로·사거리,True,0.21428571428571427,2.7857142857142856,0.42857142857142855
1250,3,3,2015,2022,13,13,2,9,35.200967570298,129.08710256912966,부산광역시 동래구 수안동(수민동교차로 부근),부산광역시,동래구,교차로·사거리,True,0.21428571428571427,2.7857142857142856,0.42857142857142855
5926,3,3,2016,2026,13,13,0,13,35.795471288065336,127.13293152769866,전북 전주시 완산구 삼천동1가(꽃밭정이네거리 부근),전북특별자치도,전주시 완산구,기타,True,0.21428571428571427,2.7857142857142856,0.0
1297,3,3,2015,2020,13,13,0,6,35.88028231108066,128.61156832302066,대구광역시 동구 신암동(신암로111 부근),대구광역시,동구,기타,True,0.21428571428571427,2.7857142857142856,0.0
3309,3,3,2013,2018,12,13,2,3,35.20891805982166,127.46703098069634,전라남도 구례군 구례읍(장약국 부근),전남광주통합특별시,구례군,약국,True,0.21428571428571427,2.7857142857142856,0.42857142857142855
1717,3,3,2016,2021,13,13,0,6,37.648535494318665,127.03517423640301,서울특별시 도봉구 창동(우성빌딩입구 부근),서울특별시,도봉구,기타,True,0.21428571428571427,2.7857142857142856,0.0
2973,3,3,2015,2018,13,13,0,10,37.55087761271267,127.14332550476934,서울특별시 강동구 명일동(성덕고 부근),서울특별시,강동구,기타,True,0.21428571428571427,2.7857142857142856,0.0
505,3,3,2013,2024,12,13,0,9,33.32536050306567,126.832613943292,제주 서귀포시 표선면(소아약국 부근),제주특별자치도,서귀포시,약국,True,0.21428571428571427,2.7857142857142856,0.0
4678,3,3,2015,2021,13,13,0,10,37.49117243685934,126.723210336389,인천광역시 부평구 부평동(부평역사거리 부근),인천광역시,부평구,교차로·사거리,True,0.21428571428571427,2.7857142857142856,0.0
4648,3,3,2021,2025,13,13,1,12,35.879653476113,128.67058896730802,대구 동구 방촌동(방촌역 대구1호선 부근),대구광역시,동구,기타,True,0.21428571428571427,2.7857142857142856,0.21428571428571427
1249,3,3,2015,2020,11,13,0,7,35.198772348266,129.09825332942867,부산광역시 동래구 안락동(충렬대로355 부근),부산광역시,동래구,기타,True,0.21428571428571427,2.7857142857142856,0.0
3170,3,3,2018,2026,12,12,1,11,37.651207378906,127.308997682623,경기 남양주시 화도읍(마석우리약국 부근),경기도,남양주시,약국,True,0.21428571428571427,2.571428571428571,0.21428571428571427
1787,3,3,2014,2016,12,12,0,7,37.479561073485996,126.94429619591365,서울특별시 관악구 봉천동(조강빌딩 부근),서울특별시,관악구,기타,True,0.21428571428571427,2.571428571428571,0.0
1858,3,3,2016,2018,12,12,1,5,35.88419902796367,128.62553133200632,대구광역시 동구 신암동(파티마삼거리 부근),대구광역시,동구,교차로·사거리,True,0.21428571428571427,2.571428571428571,0.21428571428571427
2279,3,3,2016,2019,12,12,0,10,37.599962415733664,127.06190495914767,서울특별시 동대문구 이문동(한솔고시텔 부근),서울특별시,동대문구,기타,True,0.21428571428571427,2.571428571428571,0.0
2222,3,3,2016,2023,12,12,2,8,34.83176787554533,128.41308245059702,경남 통영시 미수동(미수지구대 부근),경상남도,통영시,기타,True,0.21428571428571427,2.571428571428571,0.42857142857142855
4512,3,3,2015,2021,12,12,0,7,37.60290209655567,127.03199802279165,서울특별시 성북구 종암동(종암동370 부근),서울특별시,성북구,기타,True,0.21428571428571427,2.571428571428571,0.0
5398,3,3,2016,2023,12,12,0,9,37.59232248576733,127.13954577183267,경기 구리시 수택동(머릿돌교회 부근),경기도,구리시,기타,True,0.21428571428571427,2.571428571428571,0.0
588,3,3,2014,2020,11,12,2,7,37.565766489632665,126.90092969165335,서울특별시 마포구 성산동(평강교회 부근),서울특별시,마포구,기타,True,0.21428571428571427,2.571428571428571,0.42857142857142855
3481,3,3,2015,2019,11,12,0,7,37.489423593924336,126.905942971692,서울특별시 동작구 신대방동(대림사거리 부근),서울특별시,동작구,교차로·사거리,True,0.21428571428571427,2.571428571428571,0.0
1518,3,3,2015,2017,12,12,2,8,36.643067642858334,127.46287713147568,충청북도 청주시 흥덕구 봉명동(봉명사거리 부근),충청북도,청주시 흥덕구,교차로·사거리,True,0.21428571428571427,2.571428571428571,0.42857142857142855
3693,3,3,2015,2026,12,12,1,8,37.296990464991666,126.862768395787,경기 안산시 상록구 본오동(365편한약국 부근),경기도,안산시 상록구,약국,True,0.21428571428571427,2.571428571428571,0.21428571428571427
1484,3,3,2015,2021,12,12,0,6,37.32537927363533,127.10776450193134,경기도 용인시 수지구 죽전동(죽전사거리 부근),경기도,용인시 수지구,교차로·사거리,True,0.21428571428571427,2.571428571428571,0.0
712,3,3,2013,2017,12,12,2,8,35.87692433039434,128.62795514671367,대구광역시 동구 신천동(김밥천국 부근),대구광역시,동구,기타,True,0.21428571428571427,2.571428571428571,0.42857142857142855
3749,3,3,2014,2021,12,12,1,5,37.481939229013335,129.12740538744967,강원도 동해시 북평동(서울종묘사입구 부근),강원특별자치도,동해시,기타,True,0.21428571428571427,2.571428571428571,0.21428571428571427
4801,3,3,2018,2022,11,12,2,7,37.60024827334,126.77155775798501,경기도 김포시 고촌읍(신곡사거리 부근),경기도,김포시,교차로·사거리,True,0.21428571428571427,2.571428571428571,0.42857142857142855
3232,3,3,2013,2020,12,12,5,2,36.97333099852733,127.92676778850368,충청북도 충주시 봉방동(무학3길2 부근),충청북도,충주시,기타,True,0.21428571428571427,2.571428571428571,1.0714285714285714
530,3,3,2014,2017,12,12,0,4,37.57641930011167,127.04623081370232,서울특별시 동대문구 전농동(전농굴다리 부근),서울특별시,동대문구,기타,True,0.21428571428571427,2.571428571428571,0.0
4232,3,3,2017,2022,12,12,2,8,37.72489815412734,127.04744341907933,경기도 의정부시 호원동(회룡역서울1호선 부근),경기도,의정부시,기타,True,0.21428571428571427,2.571428571428571,0.42857142857142855
14,3,3,2013,2016,11,12,1,5,37.572597413141004,127.057608704679,서울특별시 동대문구 답십리동(답십리사거리 부근),서울특별시,동대문구,교차로·사거리,True,0.21428571428571427,2.571428571428571,0.21428571428571427
4291,3,3,2013,2020,12,12,0,7,37.323268247032665,127.09565880700967,경기도 용인시 수지구 풍덕천동(풍덕천로128 부근),경기도,용인시 수지구,기타,True,0.21428571428571427,2.571428571428571,0.0
4273,3,3,2016,2022,12,12,2,10,37.60850555788633,127.13342851691367,경기도 구리시 인창동(배탈고개3거리 부근),경기도,구리시,기타,True,0.21428571428571427,2.571428571428571,0.42857142857142855
875,3,3,2014,2018,12,12,2,5,37.34246409294467,127.95490526376767,강원도 원주시 개운동(남부시장사거리 부근),강원특별자치도,원주시,전통시장,True,0.21428571428571427,2.571428571428571,0.42857142857142855
5345,2,2,2013,2023,13,18,0,16,35.099403003116,128.99096874084802,부산 사하구 괴정1동(해오름교회 부근),부산광역시,사하구,기타,False,0.14285714285714285,2.571428571428571,0.0
347,3,3,2013,2026,12,12,1,5,37.87942839919733,127.741620440264,강원 춘천시 후평동(그래도좋아회 본점 부근),강원특별자치도,춘천시,기타,True,0.21428571428571427,2.571428571428571,0.21428571428571427
1895,3,3,2016,2026,10,12,2,8,35.811501223181004,128.52555681231468,대구 달서구 진천동(사랑마을어린이집 부근),대구광역시,달서구,기타,True,0.21428571428571427,2.571428571428571,0.42857142857142855
2937,3,3,2016,2018,12,12,0,8,37.482110753109666,126.88727827437367,서울특별시 구로구 가리봉동(블루핸즈공단서비스센타 부근),서울특별시,구로구,기타,True,0.21428571428571427,2.571428571428571,0.0
4229,2,2,2019,2020,15,17,0,8,37.3500342233515,127.108862750117,경기도 성남시 분당구 금곡동(미금역사거리 부근),경기도,성남시 분당구,교차로·사거리,False,0.14285714285714285,2.4285714285714284,0.0
4217,2,2,2017,2020,12,17,1,7,37.2921304511605,127.01205004567399,경기도 수원시 장안구 영화동(정조로933번길3 부근),경기도,수원시 장안구,기타,False,0.14285714285714285,2.4285714285714284,0.14285714285714285
2991,3,3,2018,2020,10,11,1,7,35.147495541586665,129.030102867854,부산광역시 부산진구 가야동(가야공원로66 부근),부산광역시,부산진구,기타,True,0.21428571428571427,2.357142857142857,0.21428571428571427
1955,3,3,2016,2021,11,11,0,3,36.30510491086367,127.38735489171567,대전광역시 중구 산성동(산성네거리 부근),대전광역시,중구,기타,True,0.21428571428571427,2.357142857142857,0.0
3673,3,3,2015,2019,11,11,1,6,37.402590692307335,126.91067684706,경기도 안양시 만안구 박달동(남서울교회 부근),경기도,안양시 만안구,기타,True,0.21428571428571427,2.357142857142857,0.21428571428571427
5874,3,3,2017,2025,11,11,0,6,37.496690888251,126.79110521558734,경기 부천시 원미구 원미동(원미1동자율방범순찰대 부근),경기도,부천시 원미구,기타,True,0.21428571428571427,2.357142857142857,0.0
4830,3,3,2014,2023,11,11,1,7,36.63467046637433,127.46477744304268,충북 청주시 서원구 사창동(목양교회 부근),충청북도,청주시 서원구,기타,True,0.21428571428571427,2.357142857142857,0.21428571428571427
622,3,3,2013,2021,11,11,1,5,37.485121538229,126.97019211757299,서울특별시 동작구 사당동(남성역앞교차로 부근),서울특별시,동작구,역·터미널,True,0.21428571428571427,2.357142857142857,0.21428571428571427
5102,3,3,2017,2022,11,11,2,9,35.82557454582967,128.63143197760465,대구광역시 수성구 지산동(지산네거리 부근),대구광역시,수성구,기타,True,0.21428571428571427,2.357142857142857,0.42857142857142855
685,3,3,2014,2019,11,11,1,6,35.0877656047,129.00379143512768,부산광역시 사하구 감천동(감천지구대 부근),부산광역시,사하구,기타,True,0.21428571428571427,2.357142857142857,0.21428571428571427
1549,3,3,2015,2021,10,11,2,6,35.85988441003833,127.12130834800298,전라북도 전주시 덕진구 송천동1가(전주성원교회 부근),전북특별자치도,전주시 덕진구,기타,True,0.21428571428571427,2.357142857142857,0.42857142857142855
2264,3,3,2014,2026,11,11,2,8,37.55481774324367,127.03422747472632,서울 성동구 행당동(응봉사거리 부근),서울특별시,성동구,교차로·사거리,True,0.21428571428571427,2.357142857142857,0.42857142857142855
2251,3,3,2013,2016,9,11,1,6,33.250041372612,126.57164795439066,제주특별자치도 서귀포시 동홍동((반딧불식당) 부근),제주특별자치도,서귀포시,기타,True,0.21428571428571427,2.357142857142857,0.21428571428571427
108,3,3,2013,2016,10,11,2,4,37.48710421898567,126.91297655712367,서울특별시 관악구 신림동(관악구-동작구경계(7) 부근),서울특별시,관악구,기타,True,0.21428571428571427,2.357142857142857,0.42857142857142855
5243,3,3,2015,2022,11,11,0,10,35.249769951123334,128.91053753687868,경상남도 김해시 삼방동(삼방동69420 부근),경상남도,김해시,기타,True,0.21428571428571427,2.357142857142857,0.0
1892,3,3,2016,2020,11,11,0,10,35.811333038989666,128.537764451769,대구광역시 달서구 상인동(대동시장1 부근),대구광역시,달서구,전통시장,True,0.21428571428571427,2.357142857142857,0.0
1930,3,3,2013,2018,11,11,2,7,35.16433840759233,126.92001523331733,광주광역시 동구 계림동(서방사거리 부근),전남광주통합특별시,동구,교차로·사거리,True,0.21428571428571427,2.357142857142857,0.42857142857142855
6102,3,3,2013,2026,11,11,1,8,35.218027185604,129.0956251654243,부산 금정구 서동(금정온누리약국 부근),부산광역시,금정구,약국,True,0.21428571428571427,2.357142857142857,0.21428571428571427
4560,3,3,2013,2021,11,11,3,6,37.49910847128,126.92088005257334,서울특별시 동작구 대방동(대방천사거리 부근),서울특별시,동작구,교차로·사거리,True,0.21428571428571427,2.357142857142857,0.6428571428571428
2329,3,3,2013,2021,11,11,0,5,37.657213645394,127.06689258962267,서울특별시 노원구 상계동(상계초교입구교차로 부근),서울특별시,노원구,학교,True,0.21428571428571427,2.357142857142857,0.0
4549,3,3,2016,2021,11,11,0,4,37.493737366587,126.84508277285266,서울특별시 구로구 오류동(오류동역2번출구 부근),서울특별시,구로구,기타,True,0.21428571428571427,2.357142857142857,0.0
4019,3,3,2015,2020,11,11,1,7,37.52683887411567,126.89802407355334,서울특별시 영등포구 당산동3가(서림빌딩 부근),서울특별시,영등포구,기타,True,0.21428571428571427,2.357142857142857,0.21428571428571427
3625,3,3,2015,2019,11,11,0,6,35.18723090178567,126.90198576193433,광주광역시 북구 오치동(행복을주는 가정의학과의원 부근),전남광주통합특별시,북구,병원·의원,True,0.21428571428571427,2.357142857142857,0.0
1711,3,3,2014,2017,11,11,0,6,37.619853841083,127.01594439312066,서울특별시 강북구 미아동(미아동소방소앞 부근),서울특별시,강북구,기타,True,0.21428571428571427,2.357142857142857,0.0
4571,3,3,2014,2021,10,11,0,5,37.48482643978934,127.03448646967566,서울특별시 서초구 서초동(양재역사거리 부근),서울특별시,서초구,교차로·사거리,True,0.21428571428571427,2.357142857142857,0.0
3704,3,3,2017,2020,11,11,1,3,37.67552302416934,126.74805677050468,경기도 고양시 일산서구 대화동(고양종합운동장사거리 부근),경기도,고양시 일산서구,교차로·사거리,True,0.21428571428571427,2.357142857142857,0.21428571428571427
4994,2,2,2022,2026,14,16,1,14,37.5801411565535,127.03835809727201,서울 동대문구 제기동(경동시장광성상가 부근),서울특별시,동대문구,전통시장,False,0.14285714285714285,2.2857142857142856,0.14285714285714285
4126,1,1,2020,2020,6,32,0,5,35.168256198865,128.982179505081,부산광역시 사상구 괘법동(운산로52 부근),부산광역시,사상구,기타,False,0.07142857142857142,2.2857142857142856,0.0
4280,3,3,2017,2021,10,10,1,6,37.14945185502,127.063978663286,경기도 오산시 오산동(성호대로27 부근),경기도,오산시,기타,True,0.21428571428571427,2.142857142857143,0.21428571428571427
884,3,3,2014,2017,10,10,0,6,37.523587204986335,129.11339002682934,강원도 동해시 천곡동(유공타워 부근),강원특별자치도,동해시,기타,True,0.21428571428571427,2.142857142857143,0.0
1490,3,3,2015,2021,10,10,0,6,37.13173283590267,126.90814615362335,경기도 화성시 향남읍(평리22342 부근),경기도,화성시,기타,True,0.21428571428571427,2.142857142857143,0.0
1262,3,3,2013,2016,10,10,0,5,35.197865777984,129.13118673268266,부산광역시 해운대구 반여동(까치오락실 부근),부산광역시,해운대구,기타,True,0.21428571428571427,2.142857142857143,0.0
1957,3,3,2016,2020,10,10,1,5,36.321427820638334,127.43692979287668,대전광역시 동구 인동(보문교 부근),대전광역시,동구,기타,True,0.21428571428571427,2.142857142857143,0.21428571428571427
4490,3,3,2019,2021,10,10,1,6,37.53802039032967,127.05444647522567,서울특별시 성동구 성수동2가(윤진약국 부근),서울특별시,성동구,약국,True,0.21428571428571427,2.142857142857143,0.21428571428571427
2129,3,3,2013,2018,10,10,4,5,35.832453799804,127.13882191280199,전라북도 전주시 덕진구 진북동(기린로전자상가 부근),전북특별자치도,전주시 덕진구,마트·상가,True,0.21428571428571427,2.142857142857143,0.8571428571428571
908,3,3,2013,2019,10,10,1,7,36.98277528595167,128.36934840800367,충청북도 단양군 단양읍(하나로쇼핑타운 부근),충청북도,단양군,마트·상가,True,0.21428571428571427,2.142857142857143,0.21428571428571427
727,3,3,2014,2018,10,10,2,4,35.877166206956,128.59721131055434,대구광역시 북구 칠성동2가(대구역북편사거리 부근),대구광역시,북구,교차로·사거리,True,0.21428571428571427,2.142857142857143,0.42857142857142855
3247,2,2,2018,2019,15,15,0,13,36.781911982303,127.001299518459,충청남도 아산시 온천동(관광호텔사거리 부근),충청남도,아산시,교차로·사거리,False,0.14285714285714285,2.142857142857143,0.0
2072,3,3,2016,2021,10,10,0,6,37.544500217312,127.319208795151,경기도 양평군 양서면(삼익아파트앞 부근),경기도,양평군,기타,True,0.21428571428571427,2.142857142857143,0.0
662,3,3,2014,2019,10,10,0,5,35.08454450832334,129.06787889369733,부산광역시 영도구 동삼동(동삼그린힐3단지아파트307동 부근),부산광역시,영도구,기타,True,0.21428571428571427,2.142857142857143,0.0
850,3,3,2014,2020,10,10,0,7,37.361344719883995,126.92995635330435,경기도 군포시 산본동(중앙공원사거리 부근),경기도,군포시,교차로·사거리,True,0.21428571428571427,2.142857142857143,0.0
4111,3,3,2016,2020,9,10,1,4,35.090077014044,129.00621092919232,부산광역시 사하구 감천동(감천사거리 부근),부산광역시,사하구,교차로·사거리,True,0.21428571428571427,2.142857142857143,0.21428571428571427
4059,3,3,2015,2020,10,10,0,5,37.531401250268004,127.12756489700367,서울특별시 강동구 성내동(성일초교 부근),서울특별시,강동구,학교,True,0.21428571428571427,2.142857142857143,0.0
407,3,3,2013,2018,9,10,3,5,35.808431799089,127.133565953407,전라북도 전주시 완산구 효자동1가(바울어린이집 부근),전북특별자치도,전주시 완산구,기타,True,0.21428571428571427,2.142857142857143,0.6428571428571428
209,3,3,2013,2017,10,10,1,6,35.899427757486,128.610693246997,대구광역시 북구 산격동(산격중학교 부근),대구광역시,북구,학교,True,0.21428571428571427,2.142857142857143,0.21428571428571427
4052,2,2,2015,2020,13,15,1,7,37.541092335344004,127.12433083120399,서울특별시 강동구 천호동(광진교앞 부근),서울특별시,강동구,기타,False,0.14285714285714285,2.142857142857143,0.14285714285714285
2576,3,3,2013,2018,10,10,1,7,35.568626847652006,129.34383002993334,울산광역시 중구 남외동(병영오거리 부근),울산광역시,중구,교차로·사거리,True,0.21428571428571427,2.142857142857143,0.21428571428571427
4385,3,3,2014,2020,10,10,4,5,34.79847995069,126.38274101968334,전라남도 목포시 대성동(청호로571 부근),전남광주통합특별시,목포시,기타,True,0.21428571428571427,2.142857142857143,0.8571428571428571
4599,3,3,2014,2021,9,10,2,7,35.097114665011,129.06036706708767,부산광역시 영도구 청학동(청학동2993 부근),부산광역시,영도구,기타,True,0.21428571428571427,2.142857142857143,0.42857142857142855
325,3,3,2013,2020,10,10,2,8,37.65414428713,126.84107479456732,경기도 고양시 덕양구 성사동(호국로790번길90 부근),경기도,고양시 덕양구,기타,True,0.21428571428571427,2.142857142857143,0.42857142857142855
1348,3,3,2013,2016,10,10,1,6,37.46146967058967,126.72020550028499,인천광역시 남동구 간석동(24시돌솥설렁탕 부근),인천광역시,남동구,기타,True,0.21428571428571427,2.142857142857143,0.21428571428571427
1317,3,3,2013,2016,10,10,3,5,35.818120121747334,128.64535967051333,대구광역시 수성구 범물동(용지네거리 부근),대구광역시,수성구,기타,True,0.21428571428571427,2.142857142857143,0.6428571428571428
1312,3,3,2013,2017,10,10,0,5,35.89185862757433,128.58990200737298,대구광역시 북구 침산동(북침산네거리 부근),대구광역시,북구,기타,True,0.21428571428571427,2.142857142857143,0.0
2496,3,3,2016,2020,8,10,1,6,35.856855744298,128.59210370842035,대구광역시 남구 대명동(명덕네거리 부근),대구광역시,남구,기타,True,0.21428571428571427,2.142857142857143,0.21428571428571427
5418,2,2,2021,2023,13,14,2,7,36.6279027534665,127.488454177401,충북 청주시 상당구 석교동(중앙상인회 부근),충청북도,청주시 상당구,기타,False,0.14285714285714285,2.0,0.2857142857142857
1533,2,2,2013,2015,13,14,1,8,36.156669383785996,127.01399917467299,충청남도 논산시 강경읍(헤어포인트 부근),충청남도,논산시,기타,False,0.14285714285714285,2.0,0.14285714285714285
3613,2,2,2019,2025,14,14,0,8,35.145732237532,126.87189710182,광주 서구 화정동(광주지방국세청우리누리어린이집 부근),전남광주통합특별시,서구,기타,False,0.14285714285714285,2.0,0.0
4372,3,3,2015,2020,9,9,2,6,35.96974891867867,126.71017083611667,전라북도 군산시 나운동(축동로121 부근),전북특별자치도,군산시,기타,True,0.21428571428571427,1.9285714285714284,0.42857142857142855
980,3,3,2014,2020,9,9,0,3,34.481915959655,126.25817897118367,전라남도 진도군 진도읍(진도읍남동리7322 부근),전남광주통합특별시,진도군,기타,True,0.21428571428571427,1.9285714285714284,0.0
2898,3,3,2017,2019,9,9,1,5,37.64786646017,127.02619392840832,서울특별시 도봉구 쌍문동(쌍문1동주민센터 부근),서울특별시,도봉구,주민센터·행정,True,0.21428571428571427,1.9285714285714284,0.21428571428571427
2557,3,3,2014,2017,9,9,2,7,36.32948413878267,127.44278531049467,대전광역시 동구 대동(대동오거리 부근),대전광역시,동구,교차로·사거리,True,0.21428571428571427,1.9285714285714284,0.42857142857142855
3451,3,3,2013,2019,9,9,1,7,37.615322996060335,126.91753573498733,서울특별시 은평구 갈현동(호남식당 부근),서울특별시,은평구,기타,True,0.21428571428571427,1.9285714285714284,0.21428571428571427
2391,3,3,2016,2020,9,9,2,5,37.492606575534005,126.92685425641999,서울특별시 관악구 봉천동(보라매공원 부근),서울특별시,관악구,기타,True,0.21428571428571427,1.9285714285714284,0.42857142857142855
1709,3,3,2014,2017,9,9,2,7,37.62830873665967,127.04285792195633,서울특별시 강북구 번동(강북유니온빌딩앞 부근),서울특별시,강북구,기타,True,0.21428571428571427,1.9285714285714284,0.42857142857142855
3263,3,3,2013,2018,8,9,2,6,35.820511163660335,127.15251519711967,전라북도 전주시 완산구 경원동3가(동부시장교차로 부근),전북특별자치도,전주시 완산구,전통시장,True,0.21428571428571427,1.9285714285714284,0.42857142857142855
3206,2,2,2018,2019,13,13,0,4,37.351027864944996,127.951046004421,강원도 원주시 평원동(원주중앙동우체국 부근),강원특별자치도,원주시,기타,False,0.14285714285714285,1.857142857142857,0.0
3132,2,2,2018,2019,12,13,0,5,37.738160502806,127.0494294959755,경기도 의정부시 의정부동(명보치과 부근),경기도,의정부시,기타,False,0.14285714285714285,1.857142857142857,0.0
2249,2,2,2013,2016,13,13,0,11,33.2488806612645,126.5672679571515,제주특별자치도 서귀포시 서귀동((정방수퍼) 부근),제주특별자치도,서귀포시,기타,False,0.14285714285714285,1.857142857142857,0.0
6279,2,2,2018,2026,11,13,1,10,34.570631264455,126.6078597945735,전남광주통합특별시 해남군 해남읍(남도약국 부근),전남광주통합특별시,해남군,약국,False,0.14285714285714285,1.857142857142857,0.14285714285714285
5006,2,2,2020,2022,12,13,2,7,37.6285478520025,127.039876894954,서울특별시 강북구 번동(새마을금고 부근),서울특별시,강북구,은행,False,0.14285714285714285,1.857142857142857,0.2857142857142857
4597,2,2,2021,2022,10,13,0,13,35.075443071392,129.0723402773335,부산광역시 영도구 동삼동(동삼국민은행앞교차로 부근),부산광역시,영도구,은행,False,0.14285714285714285,1.857142857142857,0.0
5011,2,2,2020,2022,12,13,0,11,37.653512290511,127.049391340439,서울특별시 도봉구 창동(창동견인차량보관소 부근),서울특별시,도봉구,기타,False,0.14285714285714285,1.857142857142857,0.0
2892,2,2,2017,2018,10,13,0,9,37.634322809401,127.0173349350605,서울특별시 강북구 수유동(화계역 부근),서울특별시,강북구,기타,False,0.14285714285714285,1.857142857142857,0.0
1624,2,2,2014,2015,10,13,1,3,34.92884621693,128.0743825227865,경상남도 사천시 선구동(명성사진관 부근),경상남도,사천시,기타,False,0.14285714285714285,1.857142857142857,0.14285714285714285
5048,2,2,2020,2022,10,12,0,10,37.5423707463635,127.13596427458299,서울특별시 강동구 천호동(천동초교앞교차로 부근),서울특별시,강동구,학교,False,0.14285714285714285,1.7142857142857142,0.0
2309,2,2,2017,2020,10,12,0,6,37.619432531937,127.0210176804225,서울특별시 강북구 미아동(삼양사거리 부근),서울특별시,강북구,교차로·사거리,False,0.14285714285714285,1.7142857142857142,0.0
274,2,2,2013,2015,8,12,3,5,37.2989239456345,126.97073673771149,경기도 수원시 장안구 율전동(율전카경정비 부근),경기도,수원시 장안구,기타,False,0.14285714285714285,1.7142857142857142,0.42857142857142855
4177,2,2,2018,2020,7,12,1,5,37.498668447841496,126.72290908298899,인천광역시 부평구 부평동(시장역오거리 부근),인천광역시,부평구,전통시장,False,0.14285714285714285,1.7142857142857142,0.14285714285714285
1461,2,2,2013,2015,8,12,1,6,37.317311345243,126.836978826463,경기도 안산시 단원구 고잔동(중앙역사거리 부근),경기도,안산시 단원구,교차로·사거리,False,0.14285714285714285,1.7142857142857142,0.14285714285714285
2695,2,2,2017,2021,11,12,0,8,36.635936123654,127.4893283300895,충청북도 청주시 상당구 북문로1가동(상당사거리 부근),충청북도,청주시 상당구,교차로·사거리,False,0.14285714285714285,1.7142857142857142,0.0
4481,2,2,2017,2021,10,12,0,8,37.571682411865,127.010666567309,서울특별시 종로구 창신동(흥인지문사거리 부근),서울특별시,종로구,교차로·사거리,False,0.14285714285714285,1.7142857142857142,0.0
2350,2,2,2014,2017,11,12,1,5,37.535857816086505,126.827553712435,서울특별시 양천구 신월동(신월사거리 부근),서울특별시,양천구,교차로·사거리,False,0.14285714285714285,1.7142857142857142,0.14285714285714285
6027,2,2,2014,2026,10,12,1,5,37.5810254237265,126.9064917059475,서울 은평구 증산동(증산3교교차로 부근),서울특별시,은평구,교차로·사거리,False,0.14285714285714285,1.7142857142857142,0.14285714285714285
1080,2,2,2015,2018,9,12,0,4,37.5579032481375,127.088957530517,서울특별시 광진구 중곡동(신성골목시장 부근),서울특별시,광진구,전통시장,False,0.14285714285714285,1.7142857142857142,0.0
1745,2,2,2016,2021,12,12,0,7,37.520906043880004,126.85306257712699,서울특별시 양천구 신정동(신정네거리역앞 부근),서울특별시,양천구,역·터미널,False,0.14285714285714285,1.7142857142857142,0.0
2043,2,2,2014,2016,11,12,2,5,37.440648204902004,126.78474166944349,경기도 시흥시 신천동(신천사거리 부근),경기도,시흥시,교차로·사거리,False,0.14285714285714285,1.7142857142857142,0.2857142857142857
5811,2,2,2025,2026,12,12,0,12,35.1177483216185,129.1110426508265,부산 남구 용호동(아이뜰어린이집 부근),부산광역시,남구,기타,False,0.14285714285714285,1.7142857142857142,0.0
1778,2,2,2014,2016,12,12,0,9,37.483916519832505,126.9547271586325,서울특별시 관악구 봉천동(관악프라자 부근),서울특별시,관악구,기타,False,0.14285714285714285,1.7142857142857142,0.0
1564,2,2,2013,2015,10,12,1,6,35.911270814997,127.073832927049,전라북도 완주군 삼례읍(삼일가축병원 부근),전북특별자치도,완주군,병원·의원,False,0.14285714285714285,1.7142857142857142,0.14285714285714285
5888,2,2,2024,2025,10,12,0,12,37.155571406159,127.067907748335,경기 오산시 궐동(인도교 부근),경기도,오산시,기타,False,0.14285714285714285,1.7142857142857142,0.0
5630,2,2,2024,2025,12,12,2,10,37.4783466818915,126.857393182443,경기 광명시 광명동(행복한약국 부근),경기도,광명시,약국,False,0.14285714285714285,1.7142857142857142,0.2857142857142857
5903,2,2,2025,2026,12,12,1,11,36.97208565206,127.9328363242265,충북 충주시 충인동(제1로타리교차로 부근),충청북도,충주시,교차로·사거리,False,0.14285714285714285,1.7142857142857142,0.14285714285714285
5073,2,2,2015,2022,12,12,0,10,35.160552132275996,129.0551338854215,부산광역시 부산진구 부전동(소방산업공제조합영남 부근),부산광역시,부산진구,기타,False,0.14285714285714285,1.7142857142857142,0.0
1973,2,2,2016,2017,10,12,0,6,37.3090376332315,126.994919111379,경기도 수원시 장안구 파장동(미래관광(주) 부근),경기도,수원시 장안구,기타,False,0.14285714285714285,1.7142857142857142,0.0
3859,2,2,2016,2019,9,12,1,6,36.825266197328006,128.6172910971075,경상북도 영주시 영주동(영일사거리 부근),경상북도,영주시,교차로·사거리,False,0.14285714285714285,1.7142857142857142,0.14285714285714285
5083,2,2,2020,2022,11,12,1,8,35.0641988019845,128.9793074598725,부산광역시 사하구 다대동(다대동11321 부근),부산광역시,사하구,기타,False,0.14285714285714285,1.7142857142857142,0.14285714285714285
5898,2,2,2024,2025,10,12,2,10,37.406898964406,127.26023101091,경기 광주시 역동(시장입구교차로 부근),경기도,광주시,전통시장,False,0.14285714285714285,1.7142857142857142,0.2857142857142857
1418,2,2,2015,2025,10,12,1,7,37.443667913709504,127.1433185215795,경기 성남시 수정구 신흥동(숯골사거리 부근),경기도,성남시 수정구,교차로·사거리,False,0.14285714285714285,1.7142857142857142,0.14285714285714285
1767,2,2,2016,2019,11,11,1,3,37.514473775595,126.908065286585,서울특별시 영등포구 영등포동(월드맨파워 부근),서울특별시,영등포구,기타,False,0.14285714285714285,1.5714285714285714,0.14285714285714285
6109,2,2,2025,2026,11,11,0,11,35.1572444854435,128.985512288219,부산 사상구 감전동(감전시장 부근),부산광역시,사상구,전통시장,False,0.14285714285714285,1.5714285714285714,0.0
976,2,2,2014,2017,9,11,0,6,34.9875872714365,126.473790775225,전라남도 무안군 무안읍(삼성화재유달사업팀 부근),전남광주통합특별시,무안군,기타,False,0.14285714285714285,1.5714285714285714,0.0
3523,2,2,2019,2026,11,11,0,10,35.158407967723,129.05481850853852,부산 부산진구 부전동(부전동교차로 부근),부산광역시,부산진구,교차로·사거리,False,0.14285714285714285,1.5714285714285714,0.0
2458,2,2,2016,2017,9,11,0,6,35.056344214515,128.971442391704,부산광역시 사하구 괴정동(다대수협B 부근),부산광역시,사하구,기타,False,0.14285714285714285,1.5714285714285714,0.0
5502,2,2,2024,2025,11,11,0,11,37.5691503709105,127.0120560061545,서울 중구 신당동(신평화패션타운 부근),서울특별시,중구,기타,False,0.14285714285714285,1.5714285714285714,0.0
921,2,2,2014,2020,10,11,0,7,36.077109339126,126.6908886815185,충청남도 서천군 서천읍(정금당입구 부근),충청남도,서천군,기타,False,0.14285714285714285,1.5714285714285714,0.0
3001,2,2,2018,2019,10,11,0,6,35.114726663006,129.113221739393,부산광역시 남구 용호동(용호2동주민센터 부근),부산광역시,남구,주민센터·행정,False,0.14285714285714285,1.5714285714285714,0.0
446,2,2,2013,2014,11,11,2,6,35.0353853914735,126.719695589481,전라남도 나주시 성북동(나주중앙병원 부근),전남광주통합특별시,나주시,병원·의원,False,0.14285714285714285,1.5714285714285714,0.2857142857142857
1067,2,2,2015,2017,11,11,0,6,37.570961394803504,127.0053663175025,서울특별시 종로구 종로5가(종로6가 부근),서울특별시,종로구,기타,False,0.14285714285714285,1.5714285714285714,0.0
6266,2,2,2025,2026,11,11,0,11,33.505125392957495,126.520015350011,제주 제주시 삼도일동(유창호횟집 부근),제주특별자치도,제주시,기타,False,0.14285714285714285,1.5714285714285714,0.0
4015,2,2,2015,2020,11,11,0,6,37.460833765217004,126.9047266294815,서울특별시 금천구 시흥동(형제주유소입구 부근),서울특별시,금천구,기타,False,0.14285714285714285,1.5714285714285714,0.0
1293,2,2,2014,2015,8,11,1,4,35.856333725472,128.58298147047,대구광역시 중구 남산동(계명네거리 부근),대구광역시,중구,기타,False,0.14285714285714285,1.5714285714285714,0.14285714285714285
2527,2,2,2014,2017,11,11,1,10,37.4984021896105,126.7262391834925,인천광역시 부평구 부평동(부평천주교회A 부근),인천광역시,부평구,기타,False,0.14285714285714285,1.5714285714285714,0.14285714285714285
3988,2,2,2020,2022,11,11,0,9,37.5592585930105,126.956502995468,서울특별시 서대문구 북아현동(북아현동주민센터 부근),서울특별시,서대문구,주민센터·행정,False,0.14285714285714285,1.5714285714285714,0.0
293,2,2,2013,2026,11,11,3,7,37.725774510498,127.04933762925151,경기 의정부시 호원동(신도 어린이집 부근),경기도,의정부시,기타,False,0.14285714285714285,1.5714285714285714,0.42857142857142855
113,2,2,2013,2014,11,11,0,9,37.471337017540506,126.9337084636755,서울특별시 관악구 신림동(미림여고입구 부근),서울특별시,관악구,기타,False,0.14285714285714285,1.5714285714285714,0.0
5080,2,2,2020,2022,11,11,0,10,35.205297134906004,129.0040127299545,부산광역시 북구 구포동(양광수산 부근),부산광역시,북구,기타,False,0.14285714285714285,1.5714285714285714,0.0
124,2,2,2013,2014,11,11,1,6,37.494765400504,127.1100688740805,서울특별시 송파구 가락동(가락지하차도(동측) 부근),서울특별시,송파구,기타,False,0.14285714285714285,1.5714285714285714,0.14285714285714285
5768,2,2,2025,2026,11,11,0,11,37.5471342351535,126.8632758534215,서울 양천구 목동(옹달샘어린이집 부근),서울특별시,양천구,기타,False,0.14285714285714285,1.5714285714285714,0.0
5922,2,2,2025,2026,11,11,0,11,36.309123580164,126.85273847083,충남 부여군 은산면(은산사거리 부근),충청남도,부여군,교차로·사거리,False,0.14285714285714285,1.5714285714285714,0.0
5894,2,2,2025,2026,11,11,0,11,37.618703946325,126.717003096086,경기 김포시 사우동(사우지구대 부근),경기도,김포시,기타,False,0.14285714285714285,1.5714285714285714,0.0
6024,2,2,2025,2026,11,11,2,9,37.654076079004994,127.062685329641,서울 노원구 상계동(건강한생활약국 부근),서울특별시,노원구,약국,False,0.14285714285714285,1.5714285714285714,0.2857142857142857
2405,2,2,2017,2019,10,11,0,7,37.496544896680504,127.154299869644,서울특별시 송파구 마천동(구본빌딩 부근),서울특별시,송파구,기타,False,0.14285714285714285,1.5714285714285714,0.0
5668,2,2,2024,2025,11,11,0,11,36.7765272317765,126.99643261722849,충남 아산시 용화동(용화동삼거리 부근),충청남도,아산시,교차로·사거리,False,0.14285714285714285,1.5714285714285714,0.0
3770,2,2,2019,2026,10,11,0,11,36.4842191109465,127.71954398808751,충북 보은군 보은읍(중앙시장 부근),충청북도,보은군,전통시장,False,0.14285714285714285,1.5714285714285714,0.0
1407,2,2,2013,2015,11,11,0,9,37.266003601136504,127.0008947097745,경기도 수원시 팔달구 매산로1가(수원역남단교차로 부근),경기도,수원시 팔달구,교차로·사거리,False,0.14285714285714285,1.5714285714285714,0.0
5147,2,2,2014,2022,8,11,0,10,37.7560788344715,126.77348164256449,경기도 파주시 금촌동(온누리종로약국 부근),경기도,파주시,약국,False,0.14285714285714285,1.5714285714285714,0.0
5469,2,2,2015,2023,10,10,1,8,36.5686106931515,128.69775019434002,경북 안동시 송현동(옥동3주공교차로 부근),경상북도,안동시,교차로·사거리,False,0.14285714285714285,1.4285714285714284,0.14285714285714285
5412,2,2,2022,2023,10,10,0,10,37.490264187993006,127.4932525872735,경기 양평군 양평읍 양근리(양평물맑은시장 부근),경기도,양평군,전통시장,False,0.14285714285714285,1.4285714285714284,0.0
4318,2,2,2015,2020,10,10,0,4,37.347002739136,127.9530470715165,강원도 원주시 원동(중앙로41 부근),강원특별자치도,원주시,기타,False,0.14285714285714285,1.4285714285714284,0.0
4581,2,2,2018,2021,10,10,0,5,37.551255159199,127.1286926191205,서울특별시 강동구 암사동(암사시장 부근),서울특별시,강동구,전통시장,False,0.14285714285714285,1.4285714285714284,0.0
5368,2,2,2017,2023,9,10,0,6,35.1767902644215,126.9279595400305,광주 북구 두암동(무등도서관사거리 부근),전남광주통합특별시,북구,교차로·사거리,False,0.14285714285714285,1.4285714285714284,0.0
5375,2,2,2017,2023,9,10,0,8,35.555137946950495,129.3208361790405,울산 중구 성남동(성남치안센터 부근),울산광역시,중구,기타,False,0.14285714285714285,1.4285714285714284,0.0
5396,2,2,2022,2023,10,10,0,10,37.630558246330494,126.8332801414085,경기 고양시 덕양구 화정동(백양중학교앞교차로 부근),경기도,고양시 덕양구,학교,False,0.14285714285714285,1.4285714285714284,0.0
1706,2,2,2014,2016,8,10,0,4,37.6412454631585,127.016876597378,서울특별시 강북구 수유동(우이초등교앞 부근),서울특별시,강북구,기타,False,0.14285714285714285,1.4285714285714284,0.0
1697,2,2,2014,2016,9,10,1,5,37.6037007075725,127.013627151223,서울특별시 성북구 돈암동(서경대입구 부근),서울특별시,성북구,기타,False,0.14285714285714285,1.4285714285714284,0.14285714285714285
5560,2,2,2024,2025,10,10,0,10,35.099241484558505,129.0270415634135,부산 중구 창선동2가(국제시장사거리 부근),부산광역시,중구,전통시장,False,0.14285714285714285,1.4285714285714284,0.0
5549,2,2,2014,2024,10,10,0,9,37.511068373957,126.91415470848051,서울 영등포구 신길동(심양김가네불고기 부근),서울특별시,영등포구,기타,False,0.14285714285714285,1.4285714285714284,0.0
4186,2,2,2018,2020,8,10,2,0,35.126621391365,126.89736379490401,광주광역시 남구 주월동(서문대로749번길12 부근),전남광주통합특별시,남구,기타,False,0.14285714285714285,1.4285714285714284,0.2857142857142857
4181,2,2,2019,2020,10,10,0,6,37.746818698824995,126.4849888046405,인천광역시 강화군 강화읍(강화군청앞 부근),인천광역시,강화군,주민센터·행정,False,0.14285714285714285,1.4285714285714284,0.0
4651,2,2,2021,2022,8,10,0,8,35.880945989017,128.58044967296502,대구광역시 북구 고성동2가(달성초등네거리 부근),대구광역시,북구,기타,False,0.14285714285714285,1.4285714285714284,0.0
3225,2,2,2016,2018,8,10,0,4,36.6180226586695,127.4758519298735,충청북도 청주시 서원구 수곡동(한솔초교 부근),충청북도,청주시 서원구,학교,False,0.14285714285714285,1.4285714285714284,0.0
2368,2,2,2017,2026,8,10,0,8,37.474199002282504,126.90343049377,서울 금천구 독산동(독산3동주민센터 부근),서울특별시,금천구,주민센터·행정,False,0.14285714285714285,1.4285714285714284,0.0
1157,2,2,2013,2015,9,10,2,5,37.5469055678885,126.8761604084275,서울특별시 강서구 염창동(태진빌딩 부근),서울특별시,강서구,기타,False,0.14285714285714285,1.4285714285714284,0.2857142857142857
6029,2,2,2024,2026,10,10,0,10,37.592413980093,126.91777927477699,서울 은평구 응암동(사랑이어린이집 부근),서울특별시,은평구,기타,False,0.14285714285714285,1.4285714285714284,0.0
146,2,2,2013,2015,9,10,0,4,35.154715215186,129.0562205708735,부산광역시 부산진구 부전동(영동장여관 부근),부산광역시,부산진구,기타,False,0.14285714285714285,1.4285714285714284,0.0
3181,2,2,2016,2018,10,10,0,6,37.743905745255,126.80635999996551,경기도 파주시 조리읍(파주약국 부근),경기도,파주시,약국,False,0.14285714285714285,1.4285714285714284,0.0
1753,2,2,2016,2020,10,10,1,6,37.562960744394005,126.8515988828335,서울특별시 강서구 등촌동(가양5단지 부근),서울특별시,강서구,기타,False,0.14285714285714285,1.4285714285714284,0.14285714285714285
1140,2,2,2015,2016,6,10,0,4,37.5839685831845,126.90984718530049,서울특별시 은평구 증산동(증산역 부근),서울특별시,은평구,기타,False,0.14285714285714285,1.4285714285714284,0.0
2101,2,2,2016,2017,10,10,2,5,37.140926824914004,128.211747116987,충청북도 제천시 의림동(중앙교차로 부근),충청북도,제천시,교차로·사거리,False,0.14285714285714285,1.4285714285714284,0.2857142857142857
4696,2,2,2019,2021,8,10,0,4,35.141708203072,126.7947353407145,광주광역시 광산구 소촌동(송정지하차도 부근),전남광주통합특별시,광산구,기타,False,0.14285714285714285,1.4285714285714284,0.0
4310,2,2,2014,2020,10,10,1,7,37.296599540337496,127.637080284579,경기도 여주시 홍문동(여주시청.한글시장입구 부근),경기도,여주시,전통시장,False,0.14285714285714285,1.4285714285714284,0.14285714285714285
4230,2,2,2019,2020,9,10,0,5,37.383161780642496,127.12453288098851,경기도 성남시 분당구 서현동(중앙공원로39번길49 부근),경기도,성남시 분당구,기타,False,0.14285714285714285,1.4285714285714284,0.0
5581,2,2,2023,2024,10,10,0,10,35.135818746373,129.067775670183,부산 남구 문현동(문현주유소 부근),부산광역시,남구,기타,False,0.14285714285714285,1.4285714285714284,0.0
5608,2,2,2023,2024,10,10,2,8,35.1397875339415,126.79591453484599,광주 광산구 송정동(꿀단지약국 부근),전남광주통합특별시,광산구,약국,False,0.14285714285714285,1.4285714285714284,0.2857142857142857
5605,2,2,2016,2024,9,10,1,8,37.471019038708,126.7037245533595,인천 부평구 십정동(건강한약국 부근),인천광역시,부평구,약국,False,0.14285714285714285,1.4285714285714284,0.14285714285714285
5852,2,2,2025,2026,10,10,2,8,36.325802796625496,127.4324005945085,대전 동구 인동(청주해장국 원동점 부근),대전광역시,동구,기타,False,0.14285714285714285,1.4285714285714284,0.2857142857142857
286,2,2,2013,2017,9,10,1,7,37.443100663316,127.1390326359485,경기도 성남시 수정구 태평동(시청삼거리 부근),경기도,성남시 수정구,주민센터·행정,False,0.14285714285714285,1.4285714285714284,0.14285714285714285
2976,2,2,2018,2020,10,10,0,6,37.5410360503745,127.14069611958149,서울특별시 강동구 천호동(천동초교입구 부근),서울특별시,강동구,학교,False,0.14285714285714285,1.4285714285714284,0.0
3071,2,2,2018,2025,10,10,1,7,37.6024871822075,126.659211611817,인천 서구 마전동(사랑온누리약국 부근),인천광역시,서구,약국,False,0.14285714285714285,1.4285714285714284,0.14285714285714285
5486,2,2,2023,2024,10,10,0,10,34.853498036767,128.428691411733,경남 통영시 북신동(북신사거리 부근),경상남도,통영시,교차로·사거리,False,0.14285714285714285,1.4285714285714284,0.0
6044,2,2,2025,2026,10,10,0,10,37.455845897988,126.896534334154,서울 금천구 시흥동(한사랑약국 부근),서울특별시,금천구,약국,False,0.14285714285714285,1.4285714285714284,0.0
3583,2,2,2014,2019,9,10,1,6,35.81365962904,128.616268574686,대구광역시 수성구 파동(우방대자연맨션1차아파트정문 부근),대구광역시,수성구,기타,False,0.14285714285714285,1.4285714285714284,0.14285714285714285
865,2,2,2013,2014,10,10,1,7,37.737934143896496,127.41968443424,경기도 가평군 청평면((은성장) 부근),경기도,가평군,기타,False,0.14285714285714285,1.4285714285714284,0.14285714285714285
1192,2,2,2015,2019,9,10,0,6,37.489142685287504,126.927717671235,서울특별시 관악구 봉천동(당곡사거리 부근),서울특별시,관악구,교차로·사거리,False,0.14285714285714285,1.4285714285714284,0.0
5302,2,2,2023,2024,10,10,0,10,37.492522409164,126.842868803431,서울 구로구 오류동(예쁜별어린이집 부근),서울특별시,구로구,기타,False,0.14285714285714285,1.4285714285714284,0.0
5718,2,2,2023,2024,10,10,2,8,35.374683314177,128.70708777797,경남 밀양시 하남읍(한사랑약국 부근),경상남도,밀양시,약국,False,0.14285714285714285,1.4285714285714284,0.2857142857142857
635,2,2,2013,2014,8,10,2,6,37.479387136507995,127.06471818614651,서울특별시 강남구 개포동(구룡마을입구 부근),서울특별시,강남구,기타,False,0.14285714285714285,1.4285714285714284,0.2857142857142857
5909,2,2,2025,2026,10,10,0,10,36.761144227026506,127.298574087438,충남 천안시 동남구 병천면(병천장 부근),충청남도,천안시 동남구,기타,False,0.14285714285714285,1.4285714285714284,0.0
254,2,2,2013,2023,10,10,0,10,35.127754376400006,126.91847003807649,광주 남구 봉선동(다온유치원 부근),전남광주통합특별시,남구,기타,False,0.14285714285714285,1.4285714285714284,0.0
5644,2,2,2023,2024,10,10,0,10,37.008696925476,127.262454204556,경기 안성시 석정동(중앙지구대 부근),경기도,안성시,기타,False,0.14285714285714285,1.4285714285714284,0.0
1643,2,2,2015,2017,10,10,0,8,33.513149153711495,126.5317516008565,제주특별자치도 제주시 일도일동(제일교사거리 부근),제주특별자치도,제주시,교차로·사거리,False,0.14285714285714285,1.4285714285714284,0.0
4150,2,2,2016,2020,9,10,3,4,35.8892307604425,128.5613352186965,대구광역시 북구 노원동3가(만평네거리 부근),대구광역시,북구,기타,False,0.14285714285714285,1.4285714285714284,0.42857142857142855
170,2,2,2013,2021,9,10,0,4,35.209613123947506,129.011367194991,부산광역시 북구 덕천동(덕천주공아파트교차로 부근),부산광역시,북구,교차로·사거리,False,0.14285714285714285,1.4285714285714284,0.0
4142,2,2,2013,2020,10,10,0,7,35.8404430250765,128.5977389567385,대구광역시 남구 봉덕동(봉덕네거리 부근),대구광역시,남구,기타,False,0.14285714285714285,1.4285714285714284,0.0
1403,2,2,2013,2015,9,10,1,5,37.289097845490005,127.01355062836001,경기도 수원시 장안구 영화동(장안문로터리 부근),경기도,수원시 장안구,기타,False,0.14285714285714285,1.4285714285714284,0.14285714285714285
5889,2,2,2025,2026,10,10,2,8,37.359598333596,126.931224887081,경기 군포시 산본동(다온온누리약국 부근),경기도,군포시,약국,False,0.14285714285714285,1.4285714285714284,0.2857142857142857
3292,2,2,2015,2018,10,10,0,5,34.804926036758,126.391325031826,전라남도 목포시 용당동(와플킹목포점 부근),전남광주통합특별시,목포시,기타,False,0.14285714285714285,1.4285714285714284,0.0
5299,2,2,2023,2024,10,10,4,6,37.516014500341,126.836133696343,서울 양천구 신월동(한겨레식당 부근),서울특별시,양천구,기타,False,0.14285714285714285,1.4285714285714284,0.5714285714285714
5287,2,2,2021,2023,9,10,1,9,37.607125615322,126.9327076617885,서울 은평구 녹번동(연세에덴요양병원 부근),서울특별시,은평구,병원·의원,False,0.14285714285714285,1.4285714285714284,0.14285714285714285
5653,2,2,2023,2024,10,10,0,10,37.153849345112505,128.2250263296115,"충북 제천시 장락동(장락주공3,4단지후교차로 부근)",충청북도,제천시,교차로·사거리,False,0.14285714285714285,1.4285714285714284,0.0
4757,2,2,2017,2021,8,10,0,7,37.0717266622065,127.0549073996575,경기도 평택시 서정동(KT플라자 부근),경기도,평택시,기타,False,0.14285714285714285,1.4285714285714284,0.0
5790,2,2,2025,2026,10,10,0,10,35.108548787462,129.016009611442,부산 서구 서대신동1가(난다김밥 부근),부산광역시,서구,기타,False,0.14285714285714285,1.4285714285714284,0.0
2824,2,2,2017,2026,10,10,1,7,35.303339459559,128.734604475076,경남 김해시 진영읍(메디팜진영약국 부근),경상남도,김해시,약국,False,0.14285714285714285,1.4285714285714284,0.14285714285714285
682,2,2,2014,2016,9,10,0,6,35.10174579958,128.99667920788,부산광역시 사하구 괴정동(한일가스 부근),부산광역시,사하구,기타,False,0.14285714285714285,1.4285714285714284,0.0
2005,2,2,2014,2016,9,10,0,6,37.3935461412425,126.9257033553265,경기도 안양시 만안구 안양동(우체국사거리 부근),경기도,안양시 만안구,교차로·사거리,False,0.14285714285714285,1.4285714285714284,0.0
701,2,2,2014,2020,9,10,0,4,35.1636697013965,128.983990438409,부산광역시 사상구 괘법동(서부터미널 부근),부산광역시,사상구,역·터미널,False,0.14285714285714285,1.4285714285714284,0.0
5106,2,2,2020,2022,10,10,0,9,35.157649987208,126.8829910642375,광주광역시 서구 화정동(교직원공제회앞교차로 부근),전남광주통합특별시,서구,교차로·사거리,False,0.14285714285714285,1.4285714285714284,0.0
5967,2,2,2025,2026,10,10,0,10,35.179964739376004,128.10995916262,경남 진주시 상대동(자유시장 부근),경상남도,진주시,전통시장,False,0.14285714285714285,1.4285714285714284,0.0
801,2,2,2014,2016,10,10,1,7,37.4377078548345,127.1409596771485,경기도 성남시 수정구 수진동(수진역사거리 부근),경기도,성남시 수정구,교차로·사거리,False,0.14285714285714285,1.4285714285714284,0.14285714285714285
4364,2,2,2013,2020,9,10,0,6,35.8342230278215,127.1333114813905,전라북도 전주시 덕진구 금암동(용산2길18 부근),전북특별자치도,전주시 덕진구,기타,False,0.14285714285714285,1.4285714285714284,0.0
6056,2,2,2025,2026,10,10,0,10,37.525486124217,127.117621936265,서울 송파구 풍납동(올림픽대교남단교차로 부근),서울특별시,송파구,교차로·사거리,False,0.14285714285714285,1.4285714285714284,0.0
2524,2,2,2015,2017,9,10,1,5,37.451568288946504,126.7208935736805,인천광역시 남동구 구월동(구월사거리 부근),인천광역시,남동구,교차로·사거리,False,0.14285714285714285,1.4285714285714284,0.14285714285714285
5823,2,2,2025,2026,10,10,0,10,35.2178642662915,129.0866629459155,부산 금정구 부곡동(강약국 부근),부산광역시,금정구,약국,False,0.14285714285714285,1.4285714285714284,0.0
2484,2,2,2017,2020,10,10,1,5,35.895822885469,128.6376907963445,대구광역시 동구 지저동(공항네거리 부근),대구광역시,동구,기타,False,0.14285714285714285,1.4285714285714284,0.14285714285714285
6069,2,2,2025,2026,10,10,2,8,35.091978827003,129.051371177257,부산 영도구 봉래동5가(봉래치안센터 부근),부산광역시,영도구,기타,False,0.14285714285714285,1.4285714285714284,0.2857142857142857
5357,2,2,2023,2024,10,10,0,10,35.15729196123,129.112024939569,부산 수영구 광안동(장대골삼거리 부근),부산광역시,수영구,교차로·사거리,False,0.14285714285714285,1.4285714285714284,0.0
5364,2,2,2022,2023,10,10,0,10,35.8758730426025,128.60826827286348,대구 북구 칠성동1가(신성교 부근),대구광역시,북구,기타,False,0.14285714285714285,1.4285714285714284,0.0
479,2,2,2013,2019,9,9,1,6,35.208050010051,128.573271251568,경상남도 창원시 마산합포구 중성동(중앙가구아울렛 부근),경상남도,창원시 마산합포구,기타,False,0.14285714285714285,1.2857142857142856,0.14285714285714285
5354,2,2,2017,2023,8,9,0,7,35.1714934856045,129.1089090042235,부산 수영구 망미동(망미역교차로 부근),부산광역시,수영구,교차로·사거리,False,0.14285714285714285,1.2857142857142856,0.0
2145,2,2,2015,2016,9,9,1,7,35.434919452821504,126.69767287880151,전라북도 고창군 고창읍(고창새마을금고 부근),전북특별자치도,고창군,은행,False,0.14285714285714285,1.2857142857142856,0.14285714285714285
1104,2,2,2015,2016,9,9,0,5,37.5942709485465,127.0783846009695,서울특별시 중랑구 중화동(한미은행 부근),서울특별시,중랑구,은행,False,0.14285714285714285,1.2857142857142856,0.0
4468,2,2,2015,2020,9,9,0,7,35.519015414381,127.727229325624,경상남도 함양군 함양읍(어린이보호 부근),경상남도,함양군,기타,False,0.14285714285714285,1.2857142857142856,0.0
6113,2,2,2013,2026,8,9,0,7,35.887094368178,128.639779759418,대구 동구 신암동(아양교역 대구1호선 부근),대구광역시,동구,기타,False,0.14285714285714285,1.2857142857142856,0.0
436,2,2,2013,2016,8,9,0,8,34.767314791595,127.662736598966,전라남도 여수시 선원동(쌍봉사거리 부근),전남광주통합특별시,여수시,교차로·사거리,False,0.14285714285714285,1.2857142857142856,0.0
2185,2,2,2013,2016,8,9,1,6,35.8448863279925,129.212161560359,경상북도 경주시 노동동(서울 디지털 칼라 현상소 부근),경상북도,경주시,기타,False,0.14285714285714285,1.2857142857142856,0.14285714285714285
5992,2,2,2019,2026,8,9,1,8,37.570962633422,127.00242986459901,서울 종로구 종로5가(종로5가교차로 부근),서울특별시,종로구,교차로·사거리,False,0.14285714285714285,1.2857142857142856,0.14285714285714285
2507,2,2,2014,2017,9,9,0,3,35.85364164045,128.49942123999898,대구광역시 달서구 신당동(성서2단지아파트 부근),대구광역시,달서구,기타,False,0.14285714285714285,1.2857142857142856,0.0
300,2,2,2013,2019,9,9,0,5,37.4926610943845,126.79078287248251,경기도 부천시 원미동(원미사거리 부근),경기도,부천시,교차로·사거리,False,0.14285714285714285,1.2857142857142856,0.0
2610,2,2,2017,2018,8,9,0,7,37.71466996185001,127.04832704271,경기도 의정부시 호원동(호암교 부근),경기도,의정부시,기타,False,0.14285714285714285,1.2857142857142856,0.0
3870,2,2,2019,2022,8,9,0,7,35.8228859088085,128.722223008686,경상북도 경산시 옥산동(우방타운아파트 부근),경상북도,경산시,기타,False,0.14285714285714285,1.2857142857142856,0.0
3498,2,2,2019,2021,9,9,0,3,37.51100804024,127.1154926678035,서울특별시 송파구 방이동(각시반찬 부근),서울특별시,송파구,기타,False,0.14285714285714285,1.2857142857142856,0.0
700,2,2,2014,2017,7,9,0,5,35.1727371046845,128.98344180204901,부산광역시 사상구 덕포동(덕포사거리 부근),부산광역시,사상구,교차로·사거리,False,0.14285714285714285,1.2857142857142856,0.0
5046,2,2,2016,2022,9,9,0,7,37.495106752576,127.11639586547801,서울특별시 송파구 가락동(금호아파트 부근),서울특별시,송파구,기타,False,0.14285714285714285,1.2857142857142856,0.0
4758,2,2,2014,2021,9,9,0,7,36.998273195902,127.08504783179299,경기도 평택시 통복동(통복시장북문로터리 부근),경기도,평택시,전통시장,False,0.14285714285714285,1.2857142857142856,0.0
1574,2,2,2015,2018,9,9,1,5,34.790304088214,126.38562717195751,전라남도 목포시 상락동2가(목포역교차로 부근),전남광주통합특별시,목포시,교차로·사거리,False,0.14285714285714285,1.2857142857142856,0.14285714285714285
5996,2,2,2017,2026,9,9,0,8,37.564112789381,127.0534107972645,서울 성동구 용답동(성동용답상가시장 부근),서울특별시,성동구,전통시장,False,0.14285714285714285,1.2857142857142856,0.0
4013,2,2,2015,2020,9,9,0,6,37.486013508168,126.88730662205401,서울특별시 구로구 가리봉동(남구로역 부근),서울특별시,구로구,기타,False,0.14285714285714285,1.2857142857142856,0.0
4012,2,2,2016,2020,9,9,0,8,37.489417495172006,126.8910718096175,서울특별시 구로구 구로동(영서중 부근),서울특별시,구로구,기타,False,0.14285714285714285,1.2857142857142856,0.0
4009,2,2,2020,2026,8,9,0,8,37.5604000476485,126.854819053404,서울 강서구 등촌동(가양역교차로 부근),서울특별시,강서구,교차로·사거리,False,0.14285714285714285,1.2857142857142856,0.0
842,2,2,2013,2014,8,9,3,4,37.658444317851504,127.30236153490799,경기도 남양주시 화도읍((중흥S클래식빌앞) 부근),경기도,남양주시,기타,False,0.14285714285714285,1.2857142857142856,0.42857142857142855
331,2,2,2013,2026,9,9,0,8,37.1514284308015,127.0685958785355,경기 오산시 오산동(군산생선구이 부근),경기도,오산시,기타,False,0.14285714285714285,1.2857142857142856,0.0
2935,2,2,2016,2018,9,9,1,6,37.488169519908496,126.8554837751075,서울특별시 구로구 개봉동(GS25개봉당곡점 부근),서울특별시,구로구,기타,False,0.14285714285714285,1.2857142857142856,0.14285714285714285
762,2,2,2014,2017,9,9,2,4,35.156854729763,126.9045296100545,광주광역시 북구 유동(유동사거리 부근),전남광주통합특별시,북구,교차로·사거리,False,0.14285714285714285,1.2857142857142856,0.2857142857142857
750,2,2,2014,2017,8,9,0,2,37.4712130549895,126.7013653291975,인천광역시 부평구 십정동(SK텔레콤 (태풍정보) 부근),인천광역시,부평구,기타,False,0.14285714285714285,1.2857142857142856,0.0
2626,2,2,2017,2023,9,9,0,8,37.477172051137,126.8630609791445,경기 광명시 철산동(시청사거리 부근),경기도,광명시,주민센터·행정,False,0.14285714285714285,1.2857142857142856,0.0
4878,2,2,2021,2022,8,9,1,8,35.803499811617996,126.8890303472235,전라북도 김제시 요촌동(요촌7길입구 부근),전북특별자치도,김제시,기타,False,0.14285714285714285,1.2857142857142856,0.14285714285714285
1934,2,2,2016,2019,9,9,0,5,35.149275248954496,126.84735531979351,광주광역시 서구 치평동(신한은행 상무지점 부근),전남광주통합특별시,서구,은행,False,0.14285714285714285,1.2857142857142856,0.0
5896,2,2,2018,2025,9,9,0,8,37.654609843414,126.62356915651449,경기 김포시 양촌읍(한성약국 부근),경기도,김포시,약국,False,0.14285714285714285,1.2857142857142856,0.0
184,2,2,2013,2019,9,9,1,4,35.25790877592,129.0895409783345,부산광역시 금정구 구서동(해은한의원 부근),부산광역시,금정구,병원·의원,False,0.14285714285714285,1.2857142857142856,0.14285714285714285
2056,2,2,2016,2019,9,9,1,5,37.8492711165695,126.873508461947,경기도 파주시 법원읍(법원사거리 부근),경기도,파주시,교차로·사거리,False,0.14285714285714285,1.2857142857142856,0.14285714285714285
583,2,2,2014,2018,9,9,1,6,37.569427348344504,126.91439724358901,서울특별시 마포구 성산동(가좌삼거리 부근),서울특별시,마포구,교차로·사거리,False,0.14285714285714285,1.2857142857142856,0.14285714285714285
370,2,2,2013,2020,9,9,1,3,36.6322183186715,127.489931938859,충청북도 청주시 상당구 남문로2가동(구남궁병원사거리 부근),충청북도,청주시 상당구,병원·의원,False,0.14285714285714285,1.2857142857142856,0.14285714285714285
4735,2,2,2013,2021,9,9,3,5,37.743190902489,127.050380394591,경기도 의정부시 의정부동(파발교차로 부근),경기도,의정부시,교차로·사거리,False,0.14285714285714285,1.2857142857142856,0.42857142857142855
4734,2,2,2021,2022,9,9,0,8,37.4135536267995,127.12915029984751,경기도 성남시 분당구 야탑동(장미사거리 부근),경기도,성남시 분당구,교차로·사거리,False,0.14285714285714285,1.2857142857142856,0.0
1218,2,2,2015,2019,9,9,0,7,37.546477199213996,127.134111445438,서울특별시 강동구 천호동(성록빌딩 부근),서울특별시,강동구,기타,False,0.14285714285714285,1.2857142857142856,0.0
4129,2,2,2020,2025,9,9,0,6,35.174050134561995,128.9852749894235,부산 사상구 덕포동(덕포교차로 부근),부산광역시,사상구,교차로·사거리,False,0.14285714285714285,1.2857142857142856,0.0
5542,2,2,2017,2024,9,9,0,8,37.4911949586145,126.88901350716651,서울 구로구 구로동(구로4동주민센터 부근),서울특별시,구로구,주민센터·행정,False,0.14285714285714285,1.2857142857142856,0.0
4921,2,2,2015,2021,9,9,0,6,36.1212532223095,128.11864394241502,경상북도 김천시 성내동(성남교삼거리 부근),경상북도,김천시,교차로·사거리,False,0.14285714285714285,1.2857142857142856,0.0
3700,2,2,2019,2020,8,9,0,6,37.703655426058,126.9011561887585,경기도 고양시 덕양구 고양동(벽제관로38 부근),경기도,고양시 덕양구,기타,False,0.14285714285714285,1.2857142857142856,0.0
3605,2,2,2019,2021,8,9,0,8,37.5134540765955,126.673455917208,인천광역시 서구 석남동(신현사거리 부근),인천광역시,서구,교차로·사거리,False,0.14285714285714285,1.2857142857142856,0.0
708,2,2,2014,2015,8,9,0,5,35.870625156077,128.590410987528,대구광역시 중구 하서동(만경관 부근),대구광역시,중구,기타,False,0.14285714285714285,1.2857142857142856,0.0
4227,2,2,2020,2021,8,9,0,5,37.440830009598,127.1630386197375,경기도 성남시 중원구 금광동(금상로사거리 부근),경기도,성남시 중원구,교차로·사거리,False,0.14285714285714285,1.2857142857142856,0.0
1175,2,2,2015,2021,9,9,0,5,37.5203495249615,126.9015163218215,서울특별시 영등포구 당산동1가(영등포청과시장앞교차로 부근),서울특별시,영등포구,전통시장,False,0.14285714285714285,1.2857142857142856,0.0
2086,2,2,2016,2026,8,9,1,6,38.2085136156295,127.2181368282085,강원 철원군 동송읍(동송전통시장 부근),강원특별자치도,철원군,전통시장,False,0.14285714285714285,1.2857142857142856,0.14285714285714285
2074,2,2,2013,2016,9,9,0,6,37.8766881483905,127.7340911474395,강원도 춘천시 운교동(팔호광장 부근),강원특별자치도,춘천시,기타,False,0.14285714285714285,1.2857142857142856,0.0
2073,2,2,2013,2016,8,9,1,3,37.8799238592,127.7288246289545,강원도 춘천시 조양동(중앙로타리 부근),강원특별자치도,춘천시,기타,False,0.14285714285714285,1.2857142857142856,0.14285714285714285
2387,2,2,2013,2017,9,9,0,5,37.4789899360875,126.956231677651,서울특별시 관악구 봉천동(봉천광성교회 부근),서울특별시,관악구,기타,False,0.14285714285714285,1.2857142857142856,0.0
6041,2,2,2013,2026,9,9,1,7,37.4630166199245,126.9042248930905,서울 금천구 독산동(시흥4동교차로 부근),서울특별시,금천구,교차로·사거리,False,0.14285714285714285,1.2857142857142856,0.14285714285714285
1193,2,2,2015,2020,9,9,0,8,37.4821135369615,126.9530937226985,서울특별시 관악구 봉천동(봉천로사거리 부근),서울특별시,관악구,교차로·사거리,False,0.14285714285714285,1.2857142857142856,0.0
3241,2,2,2014,2018,9,9,1,7,36.818743449151995,127.15490098279551,충청남도 천안시 동남구 신부동(천안고속버스터미널 부근),충청남도,천안시 동남구,역·터미널,False,0.14285714285714285,1.2857142857142856,0.14285714285714285
5346,2,2,2020,2023,7,9,2,6,35.091123706642,128.996630223107,부산 사하구 감천동(삼성여고앞 부근),부산광역시,사하구,기타,False,0.14285714285714285,1.2857142857142856,0.2857142857142857
4674,2,2,2015,2021,8,9,0,5,37.464800748956506,126.705467412242,인천광역시 남동구 간석동(간석지하차도 부근),인천광역시,남동구,기타,False,0.14285714285714285,1.2857142857142856,0.0
1173,2,2,2015,2016,9,9,0,8,37.468012250466,126.90209206195,서울특별시 금천구 독산동(박재영과위원 부근),서울특별시,금천구,기타,False,0.14285714285714285,1.2857142857142856,0.0
1166,2,2,2015,2018,8,9,1,6,37.4994744413935,126.884014704516,서울특별시 구로구 구로동(신구로자이주상복합 부근),서울특별시,구로구,기타,False,0.14285714285714285,1.2857142857142856,0.14285714285714285
1754,2,2,2016,2024,9,9,1,7,37.5324196595725,126.86117128449,서울 강서구 화곡동(한나어린이집 부근),서울특별시,강서구,기타,False,0.14285714285714285,1.2857142857142856,0.14285714285714285
3127,2,2,2018,2026,9,9,1,8,37.4115545229035,127.1286109805595,경기 성남시 분당구 야탑동(야탑역 수인분당선 부근),경기도,성남시 분당구,기타,False,0.14285714285714285,1.2857142857142856,0.14285714285714285
5371,2,2,2021,2023,9,9,4,5,36.319280559598496,127.41596412331401,대전 중구 대사동(드림키즈어린이집 부근),대전광역시,중구,기타,False,0.14285714285714285,1.2857142857142856,0.5714285714285714
5479,2,2,2015,2023,8,9,0,8,35.215385498407,128.5703684225865,경남 창원시 마산합포구 교원동(자이별밭어린이집 부근),경상남도,창원시 마산합포구,기타,False,0.14285714285714285,1.2857142857142856,0.0
2977,2,2,2018,2026,9,9,1,5,37.537411040082,127.1346953026285,서울 강동구 길동(강동성심병원앞사거리 부근),서울특별시,강동구,병원·의원,False,0.14285714285714285,1.2857142857142856,0.14285714285714285
5002,2,2,2021,2022,9,9,0,8,37.601807381506504,127.0212268231605,서울특별시 성북구 정릉동(길음교 부근),서울특별시,성북구,기타,False,0.14285714285714285,1.2857142857142856,0.0
1443,2,2,2015,2018,8,9,0,6,37.476951030017,126.79286833330801,경기도 부천시 소사본동(소사본동행정복지센터 부근),경기도,부천시,주민센터·행정,False,0.14285714285714285,1.2857142857142856,0.0
4471,2,2,2015,2020,9,9,0,3,33.500058898999995,126.51566094025151,제주특별자치도 제주시 삼도일동(오라교 부근),제주특별자치도,제주시,기타,False,0.14285714285714285,1.2857142857142856,0.0
1806,2,2,2016,2021,9,9,0,3,35.118054299817,129.038253442893,부산광역시 동구 초량동(초량지구대 부근),부산광역시,동구,기타,False,0.14285714285714285,1.2857142857142856,0.0
6163,2,2,2016,2026,8,8,0,8,37.342424985269005,126.8157950494375,경기 안산시 단원구 선부동(건강이열리는약국 부근),경기도,안산시 단원구,약국,False,0.14285714285714285,1.1428571428571428,0.0
59,2,2,2013,2014,8,8,0,4,37.6086155996815,126.92022661132,서울특별시 은평구 대조동(역촌사거리 부근),서울특별시,은평구,교차로·사거리,False,0.14285714285714285,1.1428571428571428,0.0
2244,2,2,2016,2018,8,8,0,5,33.513625924798006,126.53521007688451,제주특별자치도 제주시 건입동(빵굼터동문점 부근),제주특별자치도,제주시,기타,False,0.14285714285714285,1.1428571428571428,0.0
2281,2,2,2014,2017,8,8,0,4,37.595648244521996,127.062103396056,서울특별시 동대문구 이문동(휘경성모의원 부근),서울특별시,동대문구,병원·의원,False,0.14285714285714285,1.1428571428571428,0.0
2203,2,2,2016,2019,7,8,1,5,35.8041776059125,128.739355367957,경상북도 경산시 백천동(GS25 경산백천점 부근),경상북도,경산시,기타,False,0.14285714285714285,1.1428571428571428,0.14285714285714285
3684,2,2,2015,2019,8,8,0,2,37.4755570394765,126.8661182920265,경기도 광명시 철산동(철산역앞삼거리 부근),경기도,광명시,역·터미널,False,0.14285714285714285,1.1428571428571428,0.0
3750,2,2,2015,2019,8,8,0,5,37.167293459826496,128.9917761198235,강원도 태백시 황지동(황지지구대 부근),강원특별자치도,태백시,기타,False,0.14285714285714285,1.1428571428571428,0.0
3761,2,2,2016,2019,7,8,2,3,36.6686011834485,127.48494220561949,충청북도 청주시 청원구 율량동(율량농협사거리 부근),충청북도,청주시 청원구,은행,False,0.14285714285714285,1.1428571428571428,0.2857142857142857
2697,2,2,2017,2021,6,8,0,5,36.6311637781365,127.50333172987649,충청북도 청주시 상당구 용담동(삼덕아파트 부근),충청북도,청주시 상당구,기타,False,0.14285714285714285,1.1428571428571428,0.0
5879,2,2,2020,2025,8,8,1,6,37.5237878551775,126.8043055590885,경기 부천시 오정구 원종동(나래약국 부근),경기도,부천시 오정구,약국,False,0.14285714285714285,1.1428571428571428,0.14285714285714285
5943,2,2,2014,2025,8,8,0,7,34.953414247853,127.483902561089,전남 순천시 남내동(중앙시장 부근),전남광주통합특별시,순천시,전통시장,False,0.14285714285714285,1.1428571428571428,0.0
5945,2,2,2021,2025,8,8,1,5,34.527623886764,127.135282867985,전남 고흥군 도양읍(녹동파출소 부근),전남광주통합특별시,고흥군,기타,False,0.14285714285714285,1.1428571428571428,0.14285714285714285
2870,2,2,2016,2018,7,8,1,5,37.594661496232,127.0644396548675,서울특별시 동대문구 휘경동(외대앞역교차로 부근),서울특별시,동대문구,교차로·사거리,False,0.14285714285714285,1.1428571428571428,0.14285714285714285
2517,2,2,2016,2017,8,8,3,4,37.4769359344465,126.63363376029099,인천광역시 동구 송현동(인천종합동물병원 부근),인천광역시,동구,병원·의원,False,0.14285714285714285,1.1428571428571428,0.42857142857142855
5069,2,2,2019,2022,8,8,1,7,35.1482634460025,129.0208771236315,부산광역시 부산진구 개금동(행복어린이집 부근),부산광역시,부산진구,기타,False,0.14285714285714285,1.1428571428571428,0.14285714285714285
1383,2,2,2015,2019,7,8,0,6,36.3226569575035,127.4124917567905,대전광역시 중구 용두동(서대전네거리역 부근),대전광역시,중구,기타,False,0.14285714285714285,1.1428571428571428,0.0
135,2,2,2013,2014,7,8,1,6,35.1006523309915,129.02376382868852,부산광역시 중구 부평동1가(부평교차로 부근),부산광역시,중구,교차로·사거리,False,0.14285714285714285,1.1428571428571428,0.14285714285714285
800,2,2,2014,2017,7,8,0,4,37.269107313952006,127.0088584434635,경기도 수원시 팔달구 매산로3가(도청사거리 부근),경기도,수원시 팔달구,교차로·사거리,False,0.14285714285714285,1.1428571428571428,0.0
5113,2,2,2021,2022,8,8,0,8,36.3490085179795,127.39910185336899,대전광역시 서구 탄방동(둔산화랑 부근),대전광역시,서구,기타,False,0.14285714285714285,1.1428571428571428,0.0
3646,2,2,2019,2020,8,8,2,2,35.4964892452335,129.4275434153975,울산광역시 동구 화정동(일산해수욕장사거리 부근),울산광역시,동구,교차로·사거리,False,0.14285714285714285,1.1428571428571428,0.2857142857142857
4881,2,2,2015,2021,8,8,1,3,35.7280468205555,126.73766991563551,전라북도 부안군 부안읍(군청삼거리 부근),전북특별자치도,부안군,주민센터·행정,False,0.14285714285714285,1.1428571428571428,0.14285714285714285
2799,2,2,2017,2021,8,8,0,4,36.412602329085004,128.162678910055,경상북도 상주시 남성동(남성동2294 부근),경상북도,상주시,기타,False,0.14285714285714285,1.1428571428571428,0.0
1933,2,2,2016,2018,7,8,0,5,35.157435537571004,126.875968567297,광주광역시 서구 화정동(금신당 부근),전남광주통합특별시,서구,기타,False,0.14285714285714285,1.1428571428571428,0.0
3834,2,2,2017,2019,8,8,2,5,34.9491401725315,127.49182044545799,전라남도 순천시 장천동(장천사거리 부근),전남광주통합특별시,순천시,교차로·사거리,False,0.14285714285714285,1.1428571428571428,0.2857142857142857
2745,2,2,2013,2017,8,8,2,4,35.838654255989994,127.1310854686705,전라북도 전주시 덕진구 금암동(교보빌딩사거리 부근),전북특별자치도,전주시 덕진구,교차로·사거리,False,0.14285714285714285,1.1428571428571428,0.2857142857142857
1928,2,2,2013,2016,7,8,0,3,35.14696319,126.9114309521275,광주광역시 동구 호남동(중앙대교종점 부근),전남광주통합특별시,동구,기타,False,0.14285714285714285,1.1428571428571428,0.0
3734,2,2,2016,2019,8,8,2,4,37.628558889382504,126.7062246319625,경기도 김포시 북변동(샵실용음악학원 부근),경기도,김포시,기타,False,0.14285714285714285,1.1428571428571428,0.2857142857142857
778,2,2,2014,2018,7,8,0,3,36.3384382895465,127.4304399585385,대전광역시 동구 삼성동(삼성지하차도 부근),대전광역시,동구,기타,False,0.14285714285714285,1.1428571428571428,0.0
1375,2,2,2013,2015,7,8,1,5,35.1839390573925,126.9329419629525,광주광역시 북구 각화동(마이축산 부근),전남광주통합특별시,북구,기타,False,0.14285714285714285,1.1428571428571428,0.14285714285714285
1907,2,2,2013,2016,8,8,0,5,37.459506498977,126.673666011878,인천광역시 남구 도화동(제일시장삼거리 부근),인천광역시,남구,전통시장,False,0.14285714285714285,1.1428571428571428,0.0
3901,2,2,2013,2019,8,8,0,7,35.375185887170005,129.152182759028,경상남도 양산시 덕계동(덕계사진관 부근),경상남도,양산시,기타,False,0.14285714285714285,1.1428571428571428,0.0
3535,2,2,2014,2019,8,8,0,5,35.207097499401,129.08218020995002,부산광역시 동래구 명륜동(로얄캐슬 부근),부산광역시,동래구,기타,False,0.14285714285714285,1.1428571428571428,0.0
5047,2,2,2019,2022,8,8,1,6,37.550789715524004,127.140033421756,서울특별시 강동구 암사동(성덕여중교 부근),서울특별시,강동구,학교,False,0.14285714285714285,1.1428571428571428,0.14285714285714285
758,2,2,2014,2015,8,8,0,6,35.1327704883185,126.86002874323299,광주광역시 서구 금호동(서광병원 부근),전남광주통합특별시,서구,병원·의원,False,0.14285714285714285,1.1428571428571428,0.0
2681,2,2,2015,2017,8,8,1,4,37.3549319604425,127.945696522128,강원도 원주시 학성동(대명당 부근),강원특별자치도,원주시,기타,False,0.14285714285714285,1.1428571428571428,0.14285714285714285
3865,2,2,2019,2021,8,8,1,5,36.416255451678495,128.1629042194555,경상북도 상주시 성하동(동산동물병원 부근),경상북도,상주시,병원·의원,False,0.14285714285714285,1.1428571428571428,0.14285714285714285
1541,2,2,2015,2016,8,8,1,5,35.78779810465,127.13046815828,전라북도 전주시 완산구 평화동3가(구두수선 부근),전북특별자치도,전주시 완산구,기타,False,0.14285714285714285,1.1428571428571428,0.14285714285714285
3493,2,2,2019,2021,8,8,0,3,37.49741127656,127.0299995298555,서울특별시 강남구 역삼동(국기원입구교차로 부근),서울특별시,강남구,교차로·사거리,False,0.14285714285714285,1.1428571428571428,0.0
1984,2,2,2016,2018,8,8,1,6,37.4356055685935,127.13430568236251,경기도 성남시 수정구 수진동(샛별오피스텔 부근),경기도,성남시 수정구,기타,False,0.14285714285714285,1.1428571428571428,0.14285714285714285
5474,2,2,2017,2023,8,8,1,6,35.729614541351495,128.26847275275,경북 고령군 대가야읍 헌문리(중앙네거리 부근),경상북도,고령군,기타,False,0.14285714285714285,1.1428571428571428,0.14285714285714285
1137,2,2,2013,2015,7,8,1,5,37.578602241751,126.901305124583,서울특별시 은평구 증산동(비단길-수색로진입로 부근),서울특별시,은평구,기타,False,0.14285714285714285,1.1428571428571428,0.14285714285714285
410,2,2,2013,2017,8,8,0,4,35.828972841025006,127.14205876290251,전라북도 전주시 덕진구 진북동(현레드기획 부근),전북특별자치도,전주시 덕진구,기타,False,0.14285714285714285,1.1428571428571428,0.0
4262,2,2,2015,2020,8,8,1,6,37.308625329596495,126.86740228873549,경기도 안산시 상록구 일동(안산1대학입구사거리 부근),경기도,안산시 상록구,학교,False,0.14285714285714285,1.1428571428571428,0.14285714285714285
880,2,2,2013,2014,8,8,1,3,37.3496213315605,127.95218264091699,강원도 원주시 중앙동(강원가축병원 부근),강원특별자치도,원주시,병원·의원,False,0.14285714285714285,1.1428571428571428,0.14285714285714285
1329,2,2,2015,2018,8,8,1,6,35.837158431617496,128.5515154704635,대구광역시 달서구 송현동(의료법인일민의료재단세강병원 부근),대구광역시,달서구,병원·의원,False,0.14285714285714285,1.1428571428571428,0.14285714285714285
3985,2,2,2017,2020,8,8,0,6,37.6029281616065,126.9185987008205,서울특별시 은평구 역촌동(서부경찰서 부근),서울특별시,은평구,기타,False,0.14285714285714285,1.1428571428571428,0.0
3986,2,2,2017,2020,7,8,0,3,37.6131253714895,126.91312230665,서울특별시 은평구 갈현동(구산사거리 부근),서울특별시,은평구,교차로·사거리,False,0.14285714285714285,1.1428571428571428,0.0
5271,2,2,2020,2023,8,8,0,7,37.59116521198,127.07289564405201,서울 중랑구 면목동(상봉파출소 부근),서울특별시,중랑구,기타,False,0.14285714285714285,1.1428571428571428,0.0
570,2,2,2014,2020,7,8,1,4,37.661442251959,127.0708712275265,서울특별시 노원구 상계동(삼정의원 부근),서울특별시,노원구,병원·의원,False,0.14285714285714285,1.1428571428571428,0.14285714285714285
4107,2,2,2015,2020,8,8,0,5,35.102969719328,128.99945718445298,부산광역시 사하구 괴정동(낙동대로141 부근),부산광역시,사하구,기타,False,0.14285714285714285,1.1428571428571428,0.0
5125,2,2,2021,2022,8,8,0,7,37.742464909479,127.056511705652,경기도 의정부시 신곡동(신곡2동주민센터앞 부근),경기도,의정부시,주민센터·행정,False,0.14285714285714285,1.1428571428571428,0.0
5282,2,2,2020,2023,8,8,0,8,37.658000639541,127.0397537855045,서울 도봉구 쌍문동(쌍문2동주민센터 부근),서울특별시,도봉구,주민센터·행정,False,0.14285714285714285,1.1428571428571428,0.0
2071,2,2,2015,2016,8,8,0,6,37.488801576932,127.491944820798,경기도 양평군 양평읍(양평삼거리 부근),경기도,양평군,교차로·사거리,False,0.14285714285714285,1.1428571428571428,0.0
4069,2,2,2020,2022,8,8,1,7,35.1372696449795,129.0567465924325,부산광역시 동구 범일동(테레사여고 부근),부산광역시,동구,기타,False,0.14285714285714285,1.1428571428571428,0.14285714285714285
4040,2,2,2016,2020,7,8,1,7,37.506401812994,127.00418529047,서울특별시 서초구 잠원동(반포쇼핑센타 부근),서울특별시,서초구,마트·상가,False,0.14285714285714285,1.1428571428571428,0.14285714285714285
868,2,2,2014,2020,8,8,0,6,37.8763003445365,127.7553978849055,강원도 춘천시 후평동(정은아헤어컬렉션 부근),강원특별자치도,춘천시,기타,False,0.14285714285714285,1.1428571428571428,0.0
2961,2,2,2018,2019,8,8,1,3,37.481373606258,126.95062717280649,서울특별시 관악구 봉천동(쿠우쿠우 서울대점 부근),서울특별시,관악구,기타,False,0.14285714285714285,1.1428571428571428,0.14285714285714285
2945,2,2,2013,2018,6,8,1,2,37.52099155187,126.89642305053451,서울특별시 영등포구 당산동1가(영등포유통상가교차로 부근),서울특별시,영등포구,마트·상가,False,0.14285714285714285,1.1428571428571428,0.14285714285714285
5284,2,2,2021,2023,8,8,0,6,37.6635467126085,127.0757878920305,서울 노원구 상계동(당고개입구오거리 부근),서울특별시,노원구,교차로·사거리,False,0.14285714285714285,1.1428571428571428,0.0
561,2,2,2013,2014,7,8,0,5,37.653121502706,127.046138368042,서울특별시 도봉구 창동(창동역서측 부근),서울특별시,도봉구,기타,False,0.14285714285714285,1.1428571428571428,0.0
3927,2,2,2015,2020,8,8,1,4,37.5567833354335,127.08167560029949,서울특별시 광진구 능동(하나은행중곡동지점 부근),서울특별시,광진구,은행,False,0.14285714285714285,1.1428571428571428,0.14285714285714285
3936,2,2,2014,2020,8,8,1,7,37.5893027095535,127.0596643519295,서울특별시 동대문구 휘경동(백합빌딩 부근),서울특별시,동대문구,기타,False,0.14285714285714285,1.1428571428571428,0.14285714285714285
2904,2,2,2018,2020,8,8,2,4,37.6186073189735,127.0788634701745,서울특별시 중랑구 묵동(구묵동사거리 부근),서울특별시,중랑구,교차로·사거리,False,0.14285714285714285,1.1428571428571428,0.2857142857142857
4795,2,2,2020,2021,7,8,0,3,37.858227363203,126.7855599158085,경기도 파주시 문산읍(문산시외버스터미널 부근),경기도,파주시,역·터미널,False,0.14285714285714285,1.1428571428571428,0.0
834,2,2,2013,2014,8,8,1,4,37.296833672986494,126.86500350950499,경기도 안산시 상록구 본오동(신안유치원 부근),경기도,안산시 상록구,기타,False,0.14285714285714285,1.1428571428571428,0.14285714285714285
4007,2,2,2018,2020,7,8,0,3,37.56130555251,126.8114734691265,서울특별시 강서구 공항동(신한은행앞 부근),서울특별시,강서구,은행,False,0.14285714285714285,1.1428571428571428,0.0
129,2,2,2013,2014,8,8,0,6,37.535225087269,127.1369439672415,서울특별시 강동구 길동(강동한시휴플러스 부근),서울특별시,강동구,기타,False,0.14285714285714285,1.1428571428571428,0.0
2938,2,2,2018,2019,8,8,0,3,37.496275391447,126.8438104058765,서울특별시 구로구 오류동(IBK기업은행 오류동지점 부근),서울특별시,구로구,은행,False,0.14285714285714285,1.1428571428571428,0.0
4024,2,2,2019,2020,8,8,0,6,37.519679113201,126.88537794813499,서울특별시 영등포구 문래동6가(제일종합카센타 부근),서울특별시,영등포구,기타,False,0.14285714285714285,1.1428571428571428,0.0
4759,2,2,2014,2021,8,8,1,6,37.0663377707225,127.0633525125595,경기도 평택시 서정동(송탄등기소사거리 부근),경기도,평택시,교차로·사거리,False,0.14285714285714285,1.1428571428571428,0.14285714285714285
3414,2,2,2014,2019,8,8,0,5,37.5863329584,127.09461223641699,서울특별시 중랑구 면목동(조은노인요양센터 부근),서울특별시,중랑구,기타,False,0.14285714285714285,1.1428571428571428,0.0
5149,2,2,2020,2022,8,8,2,6,36.9933151439795,127.138176609514,경기도 안성시 공도읍(우림교차로 부근),경기도,안성시,교차로·사거리,False,0.14285714285714285,1.1428571428571428,0.2857142857142857
1519,2,2,2014,2015,7,8,0,7,36.6339583795765,127.440998310525,충청북도 청주시 흥덕구 복대동(복대사거리 부근),충청북도,청주시 흥덕구,교차로·사거리,False,0.14285714285714285,1.1428571428571428,0.0
5117,2,2,2021,2022,8,8,0,7,37.291527505191,127.0205927754875,경기도 수원시 장안구 영화동(창룡문지하차도 부근),경기도,수원시 장안구,기타,False,0.14285714285714285,1.1428571428571428,0.0
5115,2,2,2020,2022,8,8,0,8,36.3551101203865,127.454910639116,대전광역시 대덕구 비래동(예수사랑교회 부근),대전광역시,대덕구,기타,False,0.14285714285714285,1.1428571428571428,0.0
783,2,2,2014,2026,8,8,1,6,36.353212912787,127.368898217672,대전 서구 갈마동(갈마네거리 부근),대전광역시,서구,기타,False,0.14285714285714285,1.1428571428571428,0.14285714285714285
6275,2,2,2013,2026,8,8,3,5,35.1207349608205,126.898987701684,전남광주통합특별시 남구 진월동(다나온누리약국 부근),전남광주통합특별시,남구,약국,False,0.14285714285714285,1.1428571428571428,0.42857142857142855
1817,2,2,2016,2025,8,8,0,7,35.1542500172595,129.0378366138905,부산 부산진구 가야동(가야삼거리 부근),부산광역시,부산진구,교차로·사거리,False,0.14285714285714285,1.1428571428571428,0.0
463,2,2,2013,2017,6,8,3,3,36.558048477606,128.75260355261298,경상북도 안동시 용상동(문구프라자 부근),경상북도,안동시,기타,False,0.14285714285714285,1.1428571428571428,0.42857142857142855
1814,2,2,2015,2016,8,8,0,6,35.1675186329295,129.03878913711,부산광역시 부산진구 당감동(프리패스 부근),부산광역시,부산진구,기타,False,0.14285714285714285,1.1428571428571428,0.0
2134,2,2,2015,2016,8,8,1,4,35.981427703476996,126.725866058373,전라북도 군산시 경암동(경암사거리 부근),전북특별자치도,군산시,교차로·사거리,False,0.14285714285714285,1.1428571428571428,0.14285714285714285
4543,2,2,2019,2021,8,8,2,4,37.548776168985995,126.8688532247975,서울특별시 양천구 목동(양동중학교 부근),서울특별시,양천구,학교,False,0.14285714285714285,1.1428571428571428,0.2857142857142857
1045,2,2,2014,2015,6,8,0,7,35.466017925538,128.3245353517265,경상남도 의령군 부림면(의령경찰서 동부지구대 부근),경상남도,의령군,기타,False,0.14285714285714285,1.1428571428571428,0.0
1044,2,2,2013,2014,7,8,0,5,35.319038861905,128.2608117086445,경상남도 의령군 의령읍(의령생선(김정용) 부근),경상남도,의령군,기타,False,0.14285714285714285,1.1428571428571428,0.0
114,2,2,2013,2014,8,8,1,6,37.4803674132765,126.981814538561,서울특별시 서초구 방배동(삼산빌딩 부근),서울특별시,서초구,기타,False,0.14285714285714285,1.1428571428571428,0.14285714285714285
1783,2,2,2013,2016,8,8,1,2,37.467270865559,126.9307294544515,서울특별시 관악구 신림동(유완약국 부근),서울특별시,관악구,약국,False,0.14285714285714285,1.1428571428571428,0.14285714285714285
2334,2,2,2014,2017,8,8,1,5,37.5923066025685,126.91416080912501,서울특별시 은평구 신사동(새절역 부근),서울특별시,은평구,기타,False,0.14285714285714285,1.1428571428571428,0.14285714285714285
2340,2,2,2015,2017,8,8,0,4,37.577500727827,126.9227641559425,서울특별시 서대문구 남가좌동(남가좌동사거리 부근),서울특별시,서대문구,교차로·사거리,False,0.14285714285714285,1.1428571428571428,0.0
516,2,2,2014,2018,8,8,0,5,37.535690842559006,126.9615032782045,서울특별시 용산구 용문동(파리바게트원효로점 부근),서울특별시,용산구,기타,False,0.14285714285714285,1.1428571428571428,0.0
4622,2,2,2020,2021,8,8,0,6,35.270791323212,129.08911212267748,부산광역시 금정구 남산동(남산침례교회 부근),부산광역시,금정구,기타,False,0.14285714285714285,1.1428571428571428,0.0
903,2,2,2014,2015,8,8,1,4,37.145334217901,128.21371311771702,충청북도 제천시 청전동((유명카써비스) 부근),충청북도,제천시,기타,False,0.14285714285714285,1.1428571428571428,0.14285714285714285
4307,2,2,2016,2020,8,8,2,4,37.213382350416,126.73741671556,경기도 화성시 송산면(사강새마을금고앞교차로 부근),경기도,화성시,은행,False,0.14285714285714285,1.1428571428571428,0.2857142857142857
166,2,2,2013,2020,8,8,0,6,35.1381345090515,129.0909910838725,부산광역시 남구 대연동(진남로56 부근),부산광역시,남구,기타,False,0.14285714285714285,1.1428571428571428,0.0
4218,2,2,2018,2020,8,8,2,4,37.286045786135,127.0091770660695,경기도 수원시 장안구 영화동(팔달로201 부근),경기도,수원시 장안구,기타,False,0.14285714285714285,1.1428571428571428,0.2857142857142857
562,2,2,2014,2019,8,8,0,6,37.658292453834505,127.0348489693055,서울특별시 도봉구 쌍문동(신원프라자 부근),서울특별시,도봉구,기타,False,0.14285714285714285,1.1428571428571428,0.0
3218,2,2,2016,2018,8,8,1,5,37.183505430882,128.46756481146798,강원도 영월군 영월읍(영월농협하나로마트본점 부근),강원특별자치도,영월군,은행,False,0.14285714285714285,1.1428571428571428,0.14285714285714285
504,2,2,2013,2015,8,8,1,6,33.5065118422485,126.524576988538,제주특별자치도 제주시 삼도이동(고향가마솥 부근),제주특별자치도,제주시,기타,False,0.14285714285714285,1.1428571428571428,0.14285714285714285
3150,2,2,2018,2026,8,8,0,6,37.494644664595,126.79139394534701,경기 부천시 원미구 원미동(두산아파트입구교차로 부근),경기도,부천시 원미구,교차로·사거리,False,0.14285714285714285,1.1428571428571428,0.0
3118,2,2,2017,2018,8,8,0,6,37.279283494089,126.9989508971175,경기도 수원시 팔달구 화서동(화서오거리 부근),경기도,수원시 팔달구,교차로·사거리,False,0.14285714285714285,1.1428571428571428,0.0
4179,2,2,2017,2020,8,8,1,4,37.547504005107,126.74051840939799,인천광역시 계양구 임학동(장제로907 부근),인천광역시,계양구,기타,False,0.14285714285714285,1.1428571428571428,0.14285714285714285
4687,2,2,2020,2021,7,8,1,3,35.141342595835,126.9024348979035,광주광역시 남구 백운동(하베스팅교회 부근),전남광주통합특별시,남구,기타,False,0.14285714285714285,1.1428571428571428,0.14285714285714285
4159,2,2,2015,2020,8,8,0,6,35.8584139738265,128.520999330356,대구광역시 달서구 용산동(선원로261 부근),대구광역시,달서구,기타,False,0.14285714285714285,1.1428571428571428,0.0
3201,2,2,2015,2018,8,8,0,6,37.4846790392575,127.59386032439551,경기도 양평군 용문면(용문농협 용문본점 부근),경기도,양평군,은행,False,0.14285714285714285,1.1428571428571428,0.0
1179,2,2,2015,2020,8,8,0,5,37.4970011402915,126.908254782733,서울특별시 영등포구 신길동(하이마트 부근),서울특별시,영등포구,마트·상가,False,0.14285714285714285,1.1428571428571428,0.0
2407,2,2,2017,2019,7,8,1,3,37.532726812893,127.132700651515,서울특별시 강동구 성내동(SJ빌딩 부근),서울특별시,강동구,기타,False,0.14285714285714285,1.1428571428571428,0.14285714285714285
2096,2,2,2016,2018,7,8,1,6,36.632666419371,127.4393992165515,충청북도 청주시 흥덕구 복대동(복대사거리 부근),충청북도,청주시 흥덕구,교차로·사거리,False,0.14285714285714285,1.1428571428571428,0.14285714285714285
2091,2,2,2016,2018,8,8,2,3,36.624043137282,127.493903933621,충청북도 청주시 상당구 금천동(금석교사거리 부근),충청북도,청주시 상당구,교차로·사거리,False,0.14285714285714285,1.1428571428571428,0.2857142857142857
1254,2,2,2015,2018,8,8,0,4,35.116028684827,129.081527709537,부산광역시 남구 감만동(부산은행감만동지점 부근),부산광역시,남구,은행,False,0.14285714285714285,1.1428571428571428,0.0
1078,2,2,2015,2019,7,8,1,6,37.5361029020285,127.0948289536945,서울특별시 광진구 구의동(구의공원입구 부근),서울특별시,광진구,기타,False,0.14285714285714285,1.1428571428571428,0.14285714285714285
4345,2,2,2017,2020,8,8,0,6,36.3429694278975,126.6037098075625,충청남도 보령시 동대동(녹십초키토산 부근),충청남도,보령시,기타,False,0.14285714285714285,1.1428571428571428,0.0
1061,2,2,2015,2018,7,8,0,3,37.570559245414,126.9957610499335,서울특별시 종로구 종로4가(승보약국 부근),서울특별시,종로구,약국,False,0.14285714285714285,1.1428571428571428,0.0
1819,2,2,2016,2018,8,8,0,7,35.205825346763,129.067794587951,부산광역시 동래구 온천동(미남역5번출구 부근),부산광역시,동래구,기타,False,0.14285714285714285,1.1428571428571428,0.0
442,2,2,2013,2014,7,7,4,2,34.746567905934995,127.728718021071,전라남도 여수시 광무동(시민회관앞삼거리 부근),전남광주통합특별시,여수시,교차로·사거리,False,0.14285714285714285,1.0,0.5714285714285714
24,2,2,2013,2016,7,7,0,5,37.606933691188004,127.0951889001485,서울특별시 중랑구 신내동(중랑구청사거리 부근),서울특별시,중랑구,주민센터·행정,False,0.14285714285714285,1.0,0.0
2169,2,2,2016,2019,5,7,2,3,35.131715162675505,127.25373428985651,전라남도 곡성군 석곡면(광주약국 부근),전남광주통합특별시,곡성군,약국,False,0.14285714285714285,1.0,0.2857142857142857
2284,2,2,2017,2019,7,7,0,4,37.5919835926195,127.06675201734299,서울특별시 동대문구 휘경동(중량약국 부근),서울특별시,동대문구,약국,False,0.14285714285714285,1.0,0.0
2306,2,2,2015,2017,7,7,0,4,37.6115395042955,127.008720190685,서울특별시 성북구 정릉동(대왕기업운수(주) 부근),서울특별시,성북구,기타,False,0.14285714285714285,1.0,0.0
3527,2,2,2014,2019,7,7,0,6,35.152135030558,129.035760443491,부산광역시 부산진구 가야동(어르신이 행복한 세상 부근),부산광역시,부산진구,기타,False,0.14285714285714285,1.0,0.0
2689,2,2,2014,2017,6,7,0,2,37.4862538839105,129.108845916207,강원도 동해시 쇄운동(청산학원 부근),강원특별자치도,동해시,기타,False,0.14285714285714285,1.0,0.0
3529,2,2,2013,2019,7,7,1,5,35.1623350607155,129.0500138395185,부산광역시 부산진구 부암동(진양삼거리 부근),부산광역시,부산진구,교차로·사거리,False,0.14285714285714285,1.0,0.14285714285714285
3508,2,2,2013,2019,7,7,0,5,35.098377226078995,129.035559460752,부산광역시 중구 중앙동1가(롯데마트광복점 부근),부산광역시,중구,마트·상가,False,0.14285714285714285,1.0,0.0
2769,2,2,2016,2017,7,7,0,5,34.95780720394,127.48431044537199,전라남도 순천시 매곡동(순천의료원로터리(의료원앞) 부근),전남광주통합특별시,순천시,기타,False,0.14285714285714285,1.0,0.0
802,2,2,2013,2014,7,7,4,2,37.435410676512504,127.12865932262099,경기도 성남시 수정구 수진동(모란사거리 부근),경기도,성남시 수정구,교차로·사거리,False,0.14285714285714285,1.0,0.5714285714285714
283,2,2,2013,2017,7,7,0,5,37.453900522842,127.14965781520701,경기도 성남시 수정구 산성동(산성역사거리 부근),경기도,성남시 수정구,교차로·사거리,False,0.14285714285714285,1.0,0.0
3575,2,2,2019,2020,7,7,1,2,35.844819734094,128.5980391756185,대구광역시 남구 봉덕동(남구청네거리 부근),대구광역시,남구,주민센터·행정,False,0.14285714285714285,1.0,0.14285714285714285
4982,2,2,2020,2021,7,7,0,5,33.4878204029905,126.4774931518885,제주특별자치도 제주시 노형동(제주노형우체국 부근),제주특별자치도,제주시,기타,False,0.14285714285714285,1.0,0.0
3659,2,2,2017,2019,7,7,1,4,37.2672556336915,127.0032049817755,경기도 수원시 팔달구 매산로2가(전주콩나루콩나물국밥 수원역점 부근),경기도,수원시 팔달구,기타,False,0.14285714285714285,1.0,0.14285714285714285
710,2,2,2014,2021,6,7,1,1,35.890535846703,128.6426505479855,대구광역시 동구 입석동(입석네거리 부근),대구광역시,동구,기타,False,0.14285714285714285,1.0,0.14285714285714285
963,2,2,2013,2014,7,7,2,3,34.74171412186,127.740612257051,전라남도 여수시 관문동(경찰서앞삼거리 부근),전남광주통합특별시,여수시,교차로·사거리,False,0.14285714285714285,1.0,0.2857142857142857
4944,2,2,2019,2021,6,7,1,5,35.987620152699,128.39788033101348,경상북도 칠곡군 왜관읍(로얄사거리 부근),경상북도,칠곡군,교차로·사거리,False,0.14285714285714285,1.0,0.14285714285714285
2712,2,2,2013,2017,7,7,1,4,36.8034482159635,127.158720626557,충청남도 천안시 동남구 원성동((자연피아노학원) 부근),충청남도,천안시 동남구,기타,False,0.14285714285714285,1.0,0.14285714285714285
3804,2,2,2016,2019,7,7,0,3,35.8722349429895,127.07615804326,전라북도 전주시 덕진구 동산동(동산동우체국 부근),전북특별자치도,전주시 덕진구,기타,False,0.14285714285714285,1.0,0.0
3630,2,2,2019,2020,7,7,0,4,36.3489936958035,127.435438826192,대전광역시 동구 용전동(동서대로1669 부근),대전광역시,동구,기타,False,0.14285714285714285,1.0,0.0
4918,2,2,2014,2021,6,7,1,4,36.1271975930955,128.11803755474,경상북도 김천시 평화동(김천축산농협 부근),경상북도,김천시,은행,False,0.14285714285714285,1.0,0.14285714285714285
1413,2,2,2014,2015,7,7,0,5,37.263420076876,127.02582683204349,경기도 수원시 팔달구 인계동(시청사거리 부근),경기도,수원시 팔달구,주민센터·행정,False,0.14285714285714285,1.0,0.0
3736,2,2,2013,2019,7,7,1,3,37.4167516141965,127.249944628593,경기도 광주시 탄벌동(광주시보건소 부근),경기도,광주시,병원·의원,False,0.14285714285714285,1.0,0.14285714285714285
3800,2,2,2018,2019,7,7,1,4,36.748115376174496,126.3027533881595,충청남도 태안군 태안읍(태안버스터미널 부근),충청남도,태안군,역·터미널,False,0.14285714285714285,1.0,0.14285714285714285
4858,2,2,2016,2021,7,7,0,6,36.2831890394935,126.91267822412149,충청남도 부여군 부여읍(비너스가요주점 부근),충청남도,부여군,기타,False,0.14285714285714285,1.0,0.0
2266,2,2,2017,2020,7,7,1,4,37.5474676936305,127.04448799607499,서울특별시 성동구 성수동1가(뚝섬역 부근),서울특별시,성동구,기타,False,0.14285714285714285,1.0,0.14285714285714285
47,2,2,2013,2016,7,7,1,2,37.6379422640755,127.0720001532355,서울특별시 노원구 하계동(노원소방서 부근),서울특별시,노원구,기타,False,0.14285714285714285,1.0,0.14285714285714285
782,2,2,2014,2017,7,7,0,4,36.3208208044875,127.41445633119599,대전광역시 중구 문화동(대전일보네거리 부근),대전광역시,중구,기타,False,0.14285714285714285,1.0,0.0
314,2,2,2013,2015,7,7,1,3,37.94736348254,127.0619660016805,경기도 동두천시 상봉암동(농협소요산지소 부근),경기도,동두천시,은행,False,0.14285714285714285,1.0,0.14285714285714285
1998,2,2,2015,2016,7,7,1,3,37.7315934751595,127.057759405723,경기도 의정부시 신곡동((신곡1동사무소앞) 부근),경기도,의정부시,기타,False,0.14285714285714285,1.0,0.14285714285714285
674,2,2,2013,2014,7,7,0,4,35.2079853757755,129.06951601760147,부산광역시 동래구 온천동(미남교차로 부근),부산광역시,동래구,교차로·사거리,False,0.14285714285714285,1.0,0.0
3823,2,2,2016,2019,5,7,2,1,34.786433604878,126.3880128943805,전라남도 목포시 보광동1가(목포광주약국 부근),전남광주통합특별시,목포시,약국,False,0.14285714285714285,1.0,0.2857142857142857
2615,2,2,2017,2020,7,7,0,4,37.52290511178251,126.80035834955899,경기도 부천시 원종동(성지빌라3 부근),경기도,부천시,기타,False,0.14285714285714285,1.0,0.0
2529,2,2,2017,2020,7,7,0,5,37.506479600754,126.70340471550651,인천광역시 부평구 산곡동(한화프라자입구 부근),인천광역시,부평구,기타,False,0.14285714285714285,1.0,0.0
1992,2,2,2016,2018,7,7,0,4,37.388294575334996,127.1229704784555,경기도 성남시 분당구 서현동(스타벅스서현미래에셋점 부근),경기도,성남시 분당구,기타,False,0.14285714285714285,1.0,0.0
668,2,2,2013,2014,7,7,0,5,35.161792946238,129.06554338926702,부산광역시 부산진구 전포동(전포2치안센타 부근),부산광역시,부산진구,기타,False,0.14285714285714285,1.0,0.0
198,2,2,2013,2019,6,7,1,3,35.875656667322005,128.554662205048,대구광역시 서구 평리동(평리광명네거리 부근),대구광역시,서구,기타,False,0.14285714285714285,1.0,0.14285714285714285
3340,2,2,2014,2018,6,7,0,5,36.5688761459685,128.17719124203302,경상북도 상주시 함창읍(함창파출소 부근),경상북도,상주시,기타,False,0.14285714285714285,1.0,0.0
567,2,2,2014,2019,6,7,1,2,37.617113408358,127.0639525258395,서울특별시 노원구 월계동(석계로11길 부근),서울특별시,노원구,기타,False,0.14285714285714285,1.0,0.14285714285714285
3348,2,2,2013,2018,7,7,0,5,35.1803629945575,128.5598277211235,경상남도 창원시 마산합포구 해운동(다이소 마산해운점 부근),경상남도,창원시 마산합포구,기타,False,0.14285714285714285,1.0,0.0
5135,2,2,2021,2022,7,7,2,5,37.078822756516004,127.0541174090925,경기도 평택시 신장동(신장동2251 부근),경기도,평택시,기타,False,0.14285714285714285,1.0,0.2857142857142857
610,2,2,2014,2015,7,7,1,2,37.5228211492775,126.90470716770301,서울특별시 영등포구 영등포동7가(영등포시장역 부근),서울특별시,영등포구,전통시장,False,0.14285714285714285,1.0,0.14285714285714285
2052,2,2,2016,2019,6,7,1,6,37.2950457906315,127.110016375257,경기도 용인시 기흥구 마북동(마북삼거리 부근),경기도,용인시 기흥구,교차로·사거리,False,0.14285714285714285,1.0,0.14285714285714285
4767,2,2,2016,2021,7,7,0,5,37.674505160086,126.7510540926235,경기도 고양시 일산서구 대화동(하늘빛광성교회 부근),경기도,고양시 일산서구,기타,False,0.14285714285714285,1.0,0.0
4764,2,2,2016,2021,7,7,1,5,37.632794876983,126.833435824055,경기도 고양시 덕양구 화정동(경남레미콘공업협동조합 부근),경기도,고양시 덕양구,기타,False,0.14285714285714285,1.0,0.14285714285714285
1305,2,2,2015,2020,7,7,0,4,35.847733418363504,128.597120566262,대구광역시 남구 봉덕동(봉덕로9길72 부근),대구광역시,남구,기타,False,0.14285714285714285,1.0,0.0
3423,2,2,2019,2020,7,7,0,3,37.603582460663006,127.042715932795,서울특별시 성북구 하월곡동(월곡시장 부근),서울특별시,성북구,전통시장,False,0.14285714285714285,1.0,0.0
3408,2,2,2015,2019,7,7,0,6,37.6030856805605,127.06735481132651,서울특별시 동대문구 이문동(신이문역1번출구 부근),서울특별시,동대문구,기타,False,0.14285714285714285,1.0,0.0
3417,2,2,2016,2019,7,7,0,7,37.5871207555195,127.0798112881615,서울특별시 중랑구 면목동(면목2동사거리 부근),서울특별시,중랑구,교차로·사거리,False,0.14285714285714285,1.0,0.0
3487,2,2,2017,2019,7,7,2,1,37.482514045088,127.0040787378945,서울특별시 서초구 서초동(서울고교 부근),서울특별시,서초구,학교,False,0.14285714285714285,1.0,0.2857142857142857
3384,2,2,2015,2018,7,7,1,5,33.4860924172825,126.479697745006,제주특별자치도 제주시 노형동(노형오거리 부근),제주특별자치도,제주시,교차로·사거리,False,0.14285714285714285,1.0,0.14285714285714285
3432,2,2,2017,2019,7,7,1,3,37.634859006789,127.02512009127,서울특별시 강북구 번동(세븐일레븐 번동점 부근),서울특별시,강북구,기타,False,0.14285714285714285,1.0,0.14285714285714285
795,2,2,2014,2017,7,7,0,5,37.2641363981275,127.0018772577805,경기도 수원시 팔달구 매산로1가(미용재료 부근),경기도,수원시 팔달구,기타,False,0.14285714285714285,1.0,0.0
4786,2,2,2021,2026,7,7,1,6,37.355824873405,126.943694396817,경기 군포시 당동(당말지하차도사거리 부근),경기도,군포시,교차로·사거리,False,0.14285714285714285,1.0,0.14285714285714285
3953,2,2,2018,2020,7,7,0,6,37.612747229502006,127.00736076109101,서울특별시 성북구 정릉동(정릉4동사무소 부근),서울특별시,성북구,기타,False,0.14285714285714285,1.0,0.0
2929,2,2,2014,2018,7,7,0,7,37.5553877962605,126.8542014133655,서울특별시 강서구 화곡동(KEB하나은행공항로지점 부근),서울특별시,강서구,은행,False,0.14285714285714285,1.0,0.0
357,2,2,2013,2017,7,7,0,4,37.751824002027,128.8931924461255,강원도 강릉시 성남동((강릉우체국앞교차로) 부근),강원특별자치도,강릉시,교차로·사거리,False,0.14285714285714285,1.0,0.0
811,2,2,2014,2017,7,7,1,2,37.7330935924465,127.038705695712,경기도 의정부시 의정부동((경기도교사교육원앞) 부근),경기도,의정부시,기타,False,0.14285714285714285,1.0,0.14285714285714285
821,2,2,2014,2020,7,7,0,3,37.472316182297,126.79552489465951,경기도 부천시 소사본동(소중삼길사거리 부근),경기도,부천시,교차로·사거리,False,0.14285714285714285,1.0,0.0
1253,2,2,2015,2017,7,7,2,5,35.144563099558496,129.0671085104505,부산광역시 남구 문현동(이동과일 부근),부산광역시,남구,기타,False,0.14285714285714285,1.0,0.2857142857142857
1244,2,2,2015,2018,7,7,2,4,35.2181978570465,129.084507866746,부산광역시 동래구 온천동(온천교사거리 부근),부산광역시,동래구,교차로·사거리,False,0.14285714285714285,1.0,0.2857142857142857
4706,2,2,2021,2022,7,7,2,5,36.314858300221005,127.4393046559865,대전광역시 동구 효동(효동네거리 부근),대전광역시,동구,기타,False,0.14285714285714285,1.0,0.2857142857142857
4740,2,2,2016,2021,6,7,0,3,37.736743728391,127.070418335239,경기도 의정부시 신곡동(신곡고가교차로 부근),경기도,의정부시,교차로·사거리,False,0.14285714285714285,1.0,0.0
2952,2,2,2018,2021,7,7,0,3,37.5106752915325,126.9446628901315,서울특별시 동작구 노량진동(노량진삼익아파트 부근),서울특별시,동작구,기타,False,0.14285714285714285,1.0,0.0
2944,2,2,2017,2018,7,7,1,2,37.5097948867255,126.91053626159,서울특별시 영등포구 신길동(우신초교앞 부근),서울특별시,영등포구,학교,False,0.14285714285714285,1.0,0.14285714285714285
2947,2,2,2016,2018,6,7,0,5,37.5144987057015,126.91877101677,서울특별시 영등포구 신길동(신길삼거리 부근),서울특별시,영등포구,교차로·사거리,False,0.14285714285714285,1.0,0.0
1859,2,2,2016,2021,6,7,1,3,35.872800840037996,128.70436911479402,대구광역시 동구 신기동(신기동1238 부근),대구광역시,동구,기타,False,0.14285714285714285,1.0,0.14285714285714285
203,2,2,2013,2020,7,7,0,3,35.860412175233,128.57404272149552,대구광역시 중구 남산동(내당네거리 부근),대구광역시,중구,기타,False,0.14285714285714285,1.0,0.0
4628,2,2,2019,2021,7,7,0,5,35.174481590704,129.0926378333705,부산광역시 연제구 연산동(연미시장사거리 부근),부산광역시,연제구,전통시장,False,0.14285714285714285,1.0,0.0
1261,2,2,2015,2020,7,7,0,4,35.1725405205295,129.17601104307602,부산광역시 해운대구 좌동(좌동구사무소 부근),부산광역시,해운대구,기타,False,0.14285714285714285,1.0,0.0
1176,2,2,2014,2015,7,7,1,2,37.525004660038,126.90902599050801,서울특별시 영등포구 영등포동7가(남부교육청앞 부근),서울특별시,영등포구,기타,False,0.14285714285714285,1.0,0.14285714285714285
1238,2,2,2015,2017,7,7,0,6,35.1540172387555,129.065503454872,부산광역시 부산진구 전포동(전포동 부산은행앞 사거리 부근),부산광역시,부산진구,은행,False,0.14285714285714285,1.0,0.0
4672,2,2,2018,2021,7,7,1,4,37.423681237699995,126.697422617711,인천광역시 연수구 선학동(선학역사거리 부근),인천광역시,연수구,교차로·사거리,False,0.14285714285714285,1.0,0.14285714285714285
1708,2,2,2016,2018,7,7,1,3,37.6333137484815,127.039291238901,서울특별시 도봉구 창동(신창교 부근),서울특별시,도봉구,기타,False,0.14285714285714285,1.0,0.14285714285714285
1150,2,2,2014,2015,7,7,0,6,37.54707822693,126.9315982260785,서울특별시 마포구 구수동(서강문화APT 부근),서울특별시,마포구,기타,False,0.14285714285714285,1.0,0.0
907,2,2,2014,2019,7,7,0,4,36.8586956565805,127.44349629397,충청북도 진천군 진천읍(진천농협하나로마트 부근),충청북도,진천군,은행,False,0.14285714285714285,1.0,0.0
522,2,2,2014,2018,7,7,0,5,37.551190850927995,127.09115232776901,서울특별시 광진구 구의동(슬기유치원 부근),서울특별시,광진구,기타,False,0.14285714285714285,1.0,0.0
1155,2,2,2015,2021,7,7,0,4,37.536760873017,126.834065229428,서울특별시 양천구 신월동(월정초교앞교차로 부근),서울특별시,양천구,학교,False,0.14285714285714285,1.0,0.0
1733,2,2,2015,2016,7,7,1,2,37.6066867342065,126.9223323419655,서울특별시 은평구 녹번동(역촌역 부근),서울특별시,은평구,기타,False,0.14285714285714285,1.0,0.14285714285714285
2122,2,2,2016,2019,7,7,0,4,35.815120110056,127.1430163781045,전라북도 전주시 완산구 다가동1가(전주시보건소 부근),전북특별자치도,전주시 완산구,병원·의원,False,0.14285714285714285,1.0,0.0
4267,2,2,2015,2020,6,7,2,3,37.6587660552605,126.83901045027301,경기도 고양시 덕양구 성사동(성사지하차도입구 부근),경기도,고양시 덕양구,기타,False,0.14285714285714285,1.0,0.2857142857142857
1126,2,2,2015,2021,7,7,1,3,37.644900835856,127.028286935595,서울특별시 도봉구 쌍문동(한일병원 부근),서울특별시,도봉구,병원·의원,False,0.14285714285714285,1.0,0.14285714285714285
4253,2,2,2016,2020,7,7,1,3,37.4733967528085,126.851545963127,경기도 광명시 광명동(광명6동삼거리 부근),경기도,광명시,교차로·사거리,False,0.14285714285714285,1.0,0.14285714285714285
4583,2,2,2017,2021,7,7,0,4,37.5404559710175,127.127434529181,서울특별시 강동구 천호동(천호시장사거리 부근),서울특별시,강동구,전통시장,False,0.14285714285714285,1.0,0.0
4582,2,2,2019,2021,7,7,0,6,37.5390963332305,127.1235706729495,서울특별시 강동구 천호동(천호사거리 부근),서울특별시,강동구,교차로·사거리,False,0.14285714285714285,1.0,0.0
3100,2,2,2017,2018,6,7,2,5,36.443549813274,127.4254353666995,대전광역시 대덕구 덕암동(백제종합장식 부근),대전광역시,대덕구,기타,False,0.14285714285714285,1.0,0.2857142857142857
2167,2,2,2016,2021,5,7,2,1,34.972561172960994,127.591348667658,전라남도 광양시 광양읍(목성우체국 부근),전남광주통합특별시,광양시,기타,False,0.14285714285714285,1.0,0.2857142857142857
120,2,2,2013,2014,7,7,2,1,37.490484896012,127.112211417124,서울특별시 송파구 가락동(문정동우체국 부근),서울특별시,송파구,기타,False,0.14285714285714285,1.0,0.2857142857142857
4584,2,2,2017,2021,6,7,1,6,37.552225503405,127.134919365787,서울특별시 강동구 암사동(장치봉의맵꼬만명태찜 부근),서울특별시,강동구,기타,False,0.14285714285714285,1.0,0.14285714285714285
411,2,2,2013,2015,7,7,0,4,35.841998358938,127.1383226472735,전라북도 전주시 덕진구 금암동(이춘근산부인과 부근),전북특별자치도,전주시 덕진구,기타,False,0.14285714285714285,1.0,0.0
3048,2,2,2016,2018,7,7,0,4,35.887774039491504,128.57505711854202,대구광역시 북구 침산동(원대오거리 부근),대구광역시,북구,교차로·사거리,False,0.14285714285714285,1.0,0.0
3120,1,1,2018,2018,7,13,0,7,37.457360290746,127.163497428665,경기도 성남시 수정구 양지동(성남동부새마을금고본점 부근),경기도,성남시 수정구,은행,False,0.07142857142857142,0.9285714285714285,0.0
49,2,2,2013,2014,6,6,0,4,37.625252491859996,127.072812791878,서울특별시 노원구 공릉동(공릉역 부근),서울특별시,노원구,기타,False,0.14285714285714285,0.8571428571428571,0.0
2265,2,2,2015,2017,6,6,1,4,37.5483843478605,127.01889244033501,서울특별시 성동구 금호동3가(주택은행금호동지점 부근),서울특별시,성동구,은행,False,0.14285714285714285,0.8571428571428571,0.14285714285714285
2230,2,2,2015,2016,6,6,0,6,35.2322062939365,128.921343045496,경상남도 김해시 지내동(동원APT사거리 부근),경상남도,김해시,교차로·사거리,False,0.14285714285714285,0.8571428571428571,0.0
3023,2,2,2016,2018,6,6,0,4,35.151663036221,129.1121049689205,부산광역시 수영구 광안동(양이식당 부근),부산광역시,수영구,기타,False,0.14285714285714285,0.8571428571428571,0.0
3179,2,2,2014,2018,6,6,0,2,37.2716290790695,127.10577677418,경기도 용인시 기흥구 신갈동(신갈오거리 부근),경기도,용인시 기흥구,교차로·사거리,False,0.14285714285714285,0.8571428571428571,0.0
3243,2,2,2017,2018,6,6,0,5,36.795626570211,127.1594920865915,충청남도 천안시 동남구 구성동(충절오거리 부근),충청남도,천안시 동남구,교차로·사거리,False,0.14285714285714285,0.8571428571428571,0.0
3159,2,2,2015,2018,6,6,0,5,37.9009556707685,127.0579846301375,경기도 동두천시 생연동(유림사거리 부근),경기도,동두천시,교차로·사거리,False,0.14285714285714285,0.8571428571428571,0.0
2965,2,2,2017,2018,6,6,0,2,37.482133971356504,126.9967293081625,서울특별시 서초구 방배동(방배역 부근),서울특별시,서초구,기타,False,0.14285714285714285,0.8571428571428571,0.0
3139,2,2,2018,2019,6,6,1,5,37.383119658645995,126.934213952363,경기도 안양시 만안구 안양동(성결대학교사거리 부근),경기도,안양시 만안구,학교,False,0.14285714285714285,0.8571428571428571,0.14285714285714285
2984,2,2,2014,2018,6,6,0,4,35.0797283310485,129.0213966912055,부산광역시 서구 암남동(암남동주민센터 부근),부산광역시,서구,주민센터·행정,False,0.14285714285714285,0.8571428571428571,0.0
81,2,2,2013,2017,6,6,1,5,37.49103377474,126.839998750793,서울특별시 구로구 오류동(새마을금고오류2동지점 부근),서울특별시,구로구,은행,False,0.14285714285714285,0.8571428571428571,0.14285714285714285
480,2,2,2013,2014,6,6,0,2,35.238084597827,128.58272328725099,경상남도 창원시 마산회원구 합성동(- 인근),경상남도,창원시 마산회원구,기타,False,0.14285714285714285,0.8571428571428571,0.0
1685,2,2,2015,2016,6,6,1,4,37.593907206953,127.058252522437,서울특별시 동대문구 이문동(우영목욕탕 부근),서울특별시,동대문구,기타,False,0.14285714285714285,0.8571428571428571,0.14285714285714285
1664,2,2,2016,2018,6,6,0,3,37.54510417322,126.9719841873215,서울특별시 용산구 남영동(숙대입구역3번출구 부근),서울특별시,용산구,기타,False,0.14285714285714285,0.8571428571428571,0.0
1672,2,2,2016,2021,6,6,0,5,37.549689515509996,127.03006704376051,서울특별시 성동구 응봉동(응봉현대아파트 부근),서울특별시,성동구,기타,False,0.14285714285714285,0.8571428571428571,0.0
400,2,2,2013,2017,6,6,0,5,36.411449216559,126.9488999344355,충청남도 청양군 정산면(빵굽는마을 부근),충청남도,청양군,기타,False,0.14285714285714285,0.8571428571428571,0.0
1406,2,2,2015,2020,6,6,0,1,37.2599105373425,127.0235355173015,경기도 수원시 권선구 권선동(권선사거리 부근),경기도,수원시 권선구,교차로·사거리,False,0.14285714285714285,0.8571428571428571,0.0
1492,2,2,2015,2017,6,6,1,3,37.203499093859,127.03813898477699,경기도 화성시 병점동(홈에버주차장입구 부근),경기도,화성시,기타,False,0.14285714285714285,0.8571428571428571,0.14285714285714285
3532,2,2,2019,2020,5,6,1,2,35.175032847238995,129.067403551034,부산광역시 부산진구 양정동(하마정사거리 부근),부산광역시,부산진구,교차로·사거리,False,0.14285714285714285,0.8571428571428571,0.14285714285714285
1920,2,2,2016,2017,6,6,0,4,37.490818641617494,126.72970298710399,인천광역시 부평구 부평동(굴다리오거리 부근),인천광역시,부평구,교차로·사거리,False,0.14285714285714285,0.8571428571428571,0.0
295,2,2,2013,2020,6,6,0,5,37.392751402706,126.9234245083355,경기도 안양시 만안구 안양동(삼덕로22 부근),경기도,안양시 만안구,기타,False,0.14285714285714285,0.8571428571428571,0.0
1905,2,2,2016,2019,6,6,0,3,37.458714973268,126.64901780333,인천광역시 미추홀구 숭의동(숭의오거리 부근),인천광역시,미추홀구,교차로·사거리,False,0.14285714285714285,0.8571428571428571,0.0
1550,2,2,2015,2020,6,6,2,1,35.836523939679,127.15388552859551,전라북도 전주시 덕진구 인후동1가(팽나무5길18 부근),전북특별자치도,전주시 덕진구,기타,False,0.14285714285714285,0.8571428571428571,0.2857142857142857
616,2,2,2013,2014,6,6,0,4,37.5180500511195,126.9123807935895,서울특별시 영등포구 영등포동(영등포지하차도(북측) 부근),서울특별시,영등포구,기타,False,0.14285714285714285,0.8571428571428571,0.0
1585,2,2,2015,2020,6,6,0,4,34.6075664965975,127.281351075043,전라남도 고흥군 고흥읍(소매점입구 부근),전남광주통합특별시,고흥군,기타,False,0.14285714285714285,0.8571428571428571,0.0
3269,2,2,2018,2021,6,6,0,3,35.873898046209,127.0747412247785,전라북도 전주시 덕진구 반월동(이디야커피전주반월동점 부근),전북특별자치도,전주시 덕진구,기타,False,0.14285714285714285,0.8571428571428571,0.0
3285,2,2,2014,2018,6,6,1,5,35.556053218082496,126.8725099482765,전라북도 정읍시 상동(내장사거리 부근),전북특별자치도,정읍시,교차로·사거리,False,0.14285714285714285,0.8571428571428571,0.14285714285714285
1931,2,2,2015,2016,6,6,0,5,35.157798169401005,126.919768077136,광주광역시 동구 계림동(푸른마트 부근),전남광주통합특별시,동구,마트·상가,False,0.14285714285714285,0.8571428571428571,0.0
724,2,2,2013,2014,6,6,0,4,35.8401339685585,128.57984251412148,대구광역시 남구 대명동(앞산네거리 부근),대구광역시,남구,기타,False,0.14285714285714285,0.8571428571428571,0.0
4955,2,2,2020,2021,6,6,0,6,35.194318267575,128.0716502906795,경상남도 진주시 봉곡동(비엠호텔 부근),경상남도,진주시,기타,False,0.14285714285714285,0.8571428571428571,0.0
1384,2,2,2015,2020,6,6,2,2,36.320969276262,127.420621941051,대전광역시 중구 대흥동(테미로462 부근),대전광역시,중구,기타,False,0.14285714285714285,0.8571428571428571,0.2857142857142857
3780,2,2,2017,2019,6,6,0,3,36.8182846901375,127.14267713404351,충청남도 천안시 서북구 성정동(봉정네거리 부근),충청남도,천안시 서북구,기타,False,0.14285714285714285,0.8571428571428571,0.0
3683,2,2,2014,2019,6,6,0,4,37.484472833705,126.793233701775,경기도 부천시 소사동(멀뫼사거리 부근),경기도,부천시,교차로·사거리,False,0.14285714285714285,0.8571428571428571,0.0
2348,2,2,2013,2017,6,6,2,3,37.557353034366,126.955849261635,서울특별시 마포구 아현동(굴레방다리_굴레방길_진출 부근),서울특별시,마포구,기타,False,0.14285714285714285,0.8571428571428571,0.2857142857142857
2114,2,2,2016,2017,6,6,0,5,36.0830936946695,126.687228480361,충청남도 서천군 서천읍(제실 부근),충청남도,서천군,기타,False,0.14285714285714285,0.8571428571428571,0.0
4700,2,2,2016,2021,6,6,0,3,36.327077219339,127.4355083590745,대전광역시 동구 인동(원동네거리 부근),대전광역시,동구,기타,False,0.14285714285714285,0.8571428571428571,0.0
4697,2,2,2014,2021,6,6,3,2,35.143520519108,126.799663777512,광주광역시 광산구 신촌동(송정공원역1번출구 부근),전남광주통합특별시,광산구,기타,False,0.14285714285714285,0.8571428571428571,0.42857142857142855
927,2,2,2013,2014,6,6,0,4,35.812259304124495,127.1392829438035,전라북도 전주시 완산구 서완산동1가(몬나니분식 부근),전북특별자치도,전주시 완산구,기타,False,0.14285714285714285,0.8571428571428571,0.0
4620,2,2,2016,2021,6,6,1,4,35.230919722917506,129.0916457327655,부산광역시 금정구 부곡동(부곡교차로 부근),부산광역시,금정구,교차로·사거리,False,0.14285714285714285,0.8571428571428571,0.14285714285714285
953,2,2,2014,2019,6,6,1,5,34.8107681388895,126.3895499657095,전라남도 목포시 용당동(목포시청야외주차장입구 부근),전남광주통합특별시,목포시,주민센터·행정,False,0.14285714285714285,0.8571428571428571,0.14285714285714285
3957,2,2,2018,2020,6,6,1,2,37.610886012830505,127.0569296502845,서울특별시 성북구 석관동(돌곶이역 부근),서울특별시,성북구,기타,False,0.14285714285714285,0.8571428571428571,0.14285714285714285
2470,2,2,2017,2021,6,6,0,3,35.186211284474,129.076232190614,부산광역시 연제구 거제동(거제동62920 부근),부산광역시,연제구,기타,False,0.14285714285714285,0.8571428571428571,0.0
4031,2,2,2014,2020,6,6,0,5,37.482923559026,126.97579586488851,서울특별시 동작구 사당동(사당시장 부근),서울특별시,동작구,전통시장,False,0.14285714285714285,0.8571428571428571,0.0
2504,2,2,2015,2017,6,6,2,3,35.874879982676006,128.6417992600785,대구광역시 수성구 만촌동(효목초등학교B 부근),대구광역시,수성구,학교,False,0.14285714285714285,0.8571428571428571,0.2857142857142857
2489,2,2,2014,2017,6,6,0,6,35.889964638708,128.61847869099,대구광역시 동구 신암동(동양매직 부근),대구광역시,동구,기타,False,0.14285714285714285,0.8571428571428571,0.0
3917,2,2,2014,2019,6,6,0,4,33.2580701524665,126.5601227256845,제주특별자치도 서귀포시 동홍동(서귀포고등학교정문 부근),제주특별자치도,서귀포시,학교,False,0.14285714285714285,0.8571428571428571,0.0
3918,2,2,2019,2020,5,6,1,3,33.251791324711,126.5741217826455,제주특별자치도 서귀포시 동홍동(동홍중앙로2 부근),제주특별자치도,서귀포시,기타,False,0.14285714285714285,0.8571428571428571,0.14285714285714285
4913,1,1,2021,2021,3,12,1,1,35.990501221255,129.222070223663,경상북도 경주시 안강읍(양월리119948 부근),경상북도,경주시,기타,False,0.07142857142857142,0.8571428571428571,0.07142857142857142
3857,2,2,2016,2019,6,6,0,6,36.1108086844745,128.42508464304302,경상북도 구미시 인의동(이마트24 구미황상점 부근),경상북도,구미시,마트·상가,False,0.14285714285714285,0.8571428571428571,0.0
3895,2,2,2018,2019,6,6,0,5,35.245448650985,128.8755026110575,경상남도 김해시 구산동(구산백조아파트상가 부근),경상남도,김해시,마트·상가,False,0.14285714285714285,0.8571428571428571,0.0
3902,2,2,2017,2019,6,6,0,4,35.3701489813415,129.14820676408198,경상남도 양산시 덕계동(오름빌딩 부근),경상남도,양산시,기타,False,0.14285714285714285,0.8571428571428571,0.0
1993,2,2,2013,2016,6,6,0,6,37.336910519256,127.1163560452965,경기도 성남시 분당구 구미동(놀부보쌈(분당구미점) 부근),경기도,성남시 분당구,기타,False,0.14285714285714285,0.8571428571428571,0.0
2581,2,2,2016,2017,5,6,3,3,35.537127023844,129.308736322624,울산광역시 남구 신정동(하나로통신앞 부근),울산광역시,남구,기타,False,0.14285714285714285,0.8571428571428571,0.42857142857142855
785,2,2,2014,2015,6,6,0,4,36.328234798348504,127.3813684452485,대전광역시 서구 변동(번동오거리 부근),대전광역시,서구,교차로·사거리,False,0.14285714285714285,0.8571428571428571,0.0
781,2,2,2014,2018,6,6,0,5,36.2979407381755,127.45542112353701,대전광역시 중구 옥계동(키스앤키스헤어중구점 부근),대전광역시,중구,기타,False,0.14285714285714285,0.8571428571428571,0.0
3813,2,2,2014,2019,6,6,0,3,35.939261462747,126.9495857183075,전라북도 익산시 중앙동3가(K2익산중앙점 부근),전북특별자치도,익산시,기타,False,0.14285714285714285,0.8571428571428571,0.0
2658,2,2,2014,2017,6,6,0,5,37.325863788634,127.09679515047699,경기도 용인시 수지구 풍덕천동(동보1차아파트 부근),경기도,용인시 수지구,기타,False,0.14285714285714285,0.8571428571428571,0.0
2683,2,2,2015,2017,6,6,0,6,37.344403760476496,127.931117105221,강원도 원주시 단계동(수청룸가요방 부근),강원특별자치도,원주시,기타,False,0.14285714285714285,0.8571428571428571,0.0
1974,2,2,2016,2019,6,6,1,2,37.301395425609,126.99742101946549,경기도 수원시 장안구 송죽동(만석거삼거리 부근),경기도,수원시 장안구,교차로·사거리,False,0.14285714285714285,0.8571428571428571,0.14285714285714285
4117,2,2,2014,2020,6,6,0,5,35.275442766571004,129.089408277971,부산광역시 금정구 청룡동(청룡로32 부근),부산광역시,금정구,기타,False,0.14285714285714285,0.8571428571428571,0.0
4190,2,2,2016,2020,6,6,0,3,35.117850683412996,126.898841558192,광주광역시 남구 진월동(서문대로659 부근),전남광주통합특별시,남구,기타,False,0.14285714285714285,0.8571428571428571,0.0
1188,2,2,2015,2018,6,6,0,3,37.485523080876504,126.982299423331,서울특별시 동작구 사당동(이수역사거리 부근),서울특별시,동작구,교차로·사거리,False,0.14285714285714285,0.8571428571428571,0.0
4201,2,2,2013,2020,6,6,1,3,36.327921070752,127.429599354128,대전광역시 중구 대흥동(교량 부근),대전광역시,중구,기타,False,0.14285714285714285,0.8571428571428571,0.14285714285714285
4223,2,2,2015,2020,6,6,0,5,37.273548623071505,127.047744213676,경기도 수원시 영통구 매탄동(법원사거리 부근),경기도,수원시 영통구,교차로·사거리,False,0.14285714285714285,0.8571428571428571,0.0
1116,2,2,2015,2018,6,6,1,4,37.6084814559055,127.023311413442,서울특별시 성북구 길음동(삼양로10길 부근),서울특별시,성북구,기타,False,0.14285714285714285,0.8571428571428571,0.14285714285714285
2246,2,2,2016,2018,6,6,0,4,33.507778324661004,126.509583426635,제주특별자치도 제주시 용담이동(용문로타리 부근),제주특별자치도,제주시,기타,False,0.14285714285714285,0.8571428571428571,0.0
2171,2,2,2016,2019,6,6,2,2,34.7673915811075,127.08091621501251,전라남도 보성군 보성읍(NH농협은행 보성군지부 부근),전남광주통합특별시,보성군,은행,False,0.14285714285714285,0.8571428571428571,0.2857142857142857
4499,2,2,2020,2021,6,6,0,2,37.572779511466,127.038044232207,서울특별시 동대문구 용두동(서울시설공단 부근),서울특별시,동대문구,기타,False,0.14285714285714285,0.8571428571428571,0.0
2175,2,2,2016,2021,6,6,0,3,34.990071919734,126.473838194678,전라남도 무안군 무안읍(국제철물입구 부근),전남광주통합특별시,무안군,기타,False,0.14285714285714285,0.8571428571428571,0.0
2204,2,2,2016,2019,5,6,1,5,35.916285473397,128.81759421140453,경상북도 경산시 하양읍(한성천막공업사 부근),경상북도,경산시,기타,False,0.14285714285714285,0.8571428571428571,0.14285714285714285
952,2,2,2014,2021,6,6,0,6,34.7990156787815,126.389574231667,전라남도 목포시 산정동(산정동1050123 부근),전남광주통합특별시,목포시,기타,False,0.14285714285714285,0.8571428571428571,0.0
6153,1,1,2026,2026,5,12,2,10,37.528517877769,126.810473444033,경기 부천시 오정구 원종동(크레아트스쿨어린이집 부근),경기도,부천시 오정구,기타,False,0.07142857142857142,0.8571428571428571,0.14285714285714285
4506,2,2,2014,2021,6,6,2,2,37.616181111770004,127.0931492930565,서울특별시 중랑구 신내동(진로APT 부근),서울특별시,중랑구,기타,False,0.14285714285714285,0.8571428571428571,0.2857142857142857
2161,2,2,2016,2018,6,6,1,3,34.748725402906004,127.695985423989,전라남도 여수시 문수동(주은혜교회 부근),전남광주통합특별시,여수시,기타,False,0.14285714285714285,0.8571428571428571,0.14285714285714285
4568,2,2,2016,2021,6,6,1,4,37.489235739489004,126.917190791023,서울특별시 관악구 신림동(롯데백화점관악점앞 부근),서울특별시,관악구,마트·상가,False,0.14285714285714285,0.8571428571428571,0.14285714285714285
951,2,2,2014,2018,6,6,1,5,34.802426003758,126.3778773995735,전라남도 목포시 산정동(명약국 부근),전남광주통합특별시,목포시,약국,False,0.14285714285714285,0.8571428571428571,0.14285714285714285
2239,2,2,2016,2019,6,6,2,3,35.2776767936,128.407795357921,경상남도 함안군 가야읍(SK엔크린 함안주유소 부근),경상남도,함안군,기타,False,0.14285714285714285,0.8571428571428571,0.2857142857142857
4496,1,1,2021,2021,6,11,0,3,37.593541459871,127.053114707279,서울특별시 동대문구 회기동(경희대 부근),서울특별시,동대문구,기타,False,0.07142857142857142,0.7857142857142857,0.0
1065,1,1,2015,2015,10,10,0,7,37.561079445861,127.015071337873,서울특별시 중구 신당동(청구역 부근),서울특별시,중구,기타,False,0.07142857142857142,0.7142857142857142,0.0
4770,2,2,2018,2021,5,5,1,2,37.693400501282994,126.772764440428,경기도 고양시 일산서구 탄현동(낮은하늘어린이도서관 부근),경기도,고양시 일산서구,기타,False,0.14285714285714285,0.7142857142857142,0.14285714285714285
2104,2,2,2016,2020,5,5,2,2,36.8029942872075,127.1273376182375,충청남도 천안시 서북구 쌍용동(신구빌딩 부근),충청남도,천안시 서북구,기타,False,0.14285714285714285,0.7142857142857142,0.2857142857142857
3304,2,2,2018,2021,5,5,2,2,34.761468485133506,127.67364238109201,전라남도 여수시 신기동(시전삼거리 부근),전남광주통합특별시,여수시,교차로·사거리,False,0.14285714285714285,0.7142857142857142,0.2857142857142857
990,2,2,2014,2021,5,5,1,3,35.775523329539,129.3000025134065,경상북도 경주시 시래동(서울숯불갈비 부근),경상북도,경주시,기타,False,0.14285714285714285,0.7142857142857142,0.14285714285714285
1952,2,2,2014,2016,5,5,2,2,36.340645108935504,127.4359852951865,대전광역시 동구 성남동(성남네거리 부근),대전광역시,동구,기타,False,0.14285714285714285,0.7142857142857142,0.2857142857142857
257,2,2,2013,2016,5,5,1,3,36.343899415026996,127.4214853495705,대전광역시 동구 삼성동(대일볼트 부근),대전광역시,동구,기타,False,0.14285714285714285,0.7142857142857142,0.14285714285714285
3299,1,1,2018,2018,8,10,0,8,34.761920469555,127.65595692977,전라남도 여수시 선원동(도원사거리 부근),전남광주통합특별시,여수시,교차로·사거리,False,0.07142857142857142,0.7142857142857142,0.0
246,2,2,2013,2021,5,5,1,3,35.156697346156506,126.869241648734,광주광역시 서구 쌍촌동(쌍촌동2755 부근),전남광주통합특별시,서구,기타,False,0.14285714285714285,0.7142857142857142,0.14285714285714285
3958,2,2,2020,2021,5,5,2,0,37.6127375478505,127.06107774444351,서울특별시 성북구 석관동(장위사거리 부근),서울특별시,성북구,교차로·사거리,False,0.14285714285714285,0.7142857142857142,0.2857142857142857
4879,2,2,2013,2021,5,5,1,2,35.938214016964,127.168014464297,전라북도 완주군 봉동읍(원형교차로 부근),전북특별자치도,완주군,교차로·사거리,False,0.14285714285714285,0.7142857142857142,0.14285714285714285
4854,2,2,2019,2021,5,5,1,2,36.8081627728445,126.7749053399605,충청남도 당진시 합덕읍(NH농협은행합덕지점 부근),충청남도,당진시,은행,False,0.14285714285714285,0.7142857142857142,0.14285714285714285
245,2,2,2013,2020,5,5,1,3,35.148846602839,126.870927976496,광주광역시 서구 쌍촌동(가톨릭대평생교육원 부근),전남광주통합특별시,서구,기타,False,0.14285714285714285,0.7142857142857142,0.14285714285714285
3076,2,2,2016,2018,5,5,2,3,35.1298669582945,126.9296797171965,광주광역시 동구 학동(원지교교차로 부근),전남광주통합특별시,동구,교차로·사거리,False,0.14285714285714285,0.7142857142857142,0.2857142857142857
2948,2,2,2015,2018,5,5,2,2,37.5146456355885,126.901135472875,서울특별시 영등포구 문래동3가(모드니주유소 부근),서울특별시,영등포구,기타,False,0.14285714285714285,0.7142857142857142,0.2857142857142857
3628,2,2,2018,2019,5,5,2,3,35.1410390566585,126.80184796860951,광주광역시 광산구 송정동(송정동모아아파트공중전화(옥외) 부근),전남광주통합특별시,광산구,기타,False,0.14285714285714285,0.7142857142857142,0.2857142857142857
3461,1,1,2019,2019,7,10,0,4,37.549859741435,126.863949960024,서울특별시 강서구 등촌동(신한이모르젠아파트 부근),서울특별시,강서구,기타,False,0.07142857142857142,0.7142857142857142,0.0
1526,1,1,2015,2015,9,10,0,5,36.803234972317,127.150533670793,충청남도 천안시 동남구 영성동((영진약국) 부근),충청남도,천안시 동남구,약국,False,0.07142857142857142,0.7142857142857142,0.0
3533,2,2,2019,2021,5,5,2,2,35.1700765665315,129.038553172092,부산광역시 부산진구 부암동(동화랑놀자 부근),부산광역시,부산진구,기타,False,0.14285714285714285,0.7142857142857142,0.2857142857142857
1520,2,2,2015,2021,5,5,1,2,36.665849545770996,127.37308636414551,충청북도 청주시 흥덕구 옥산면(오산리1966 부근),충청북도,청주시 흥덕구,기타,False,0.14285714285714285,0.7142857142857142,0.14285714285714285
1851,1,1,2016,2016,5,9,0,5,35.874911115856,128.583111133373,대구광역시 중구 달성동(대구수창초등교앞 부근),대구광역시,중구,기타,False,0.07142857142857142,0.6428571428571428,0.0
4384,1,1,2020,2020,6,9,1,6,34.799235324252,126.392500779389,전라남도 목포시 산정동(산정로1201 부근),전남광주통합특별시,목포시,기타,False,0.07142857142857142,0.6428571428571428,0.07142857142857142
935,1,1,2014,2014,8,8,0,4,35.943919711726,126.950390129502,전라북도 익산시 남중동((흰돌여관) 부근),전북특별자치도,익산시,기타,False,0.07142857142857142,0.5714285714285714,0.0
1259,1,1,2015,2015,5,8,0,5,35.191716444359,129.128539517686,부산광역시 해운대구 재송동(동경파크빌라 부근),부산광역시,해운대구,기타,False,0.07142857142857142,0.5714285714285714,0.0
1741,1,1,2016,2016,7,8,0,3,37.555042974155,126.921492025338,서울특별시 마포구 서교동(홍대입구역 부근),서울특별시,마포구,기타,False,0.07142857142857142,0.5714285714285714,0.0
1477,1,1,2015,2015,8,8,1,3,37.352201784186,126.944711488146,경기도 군포시 당동(군포의왕구인구직센타 부근),경기도,군포시,기타,False,0.07142857142857142,0.5714285714285714,0.07142857142857142
3516,1,1,2019,2019,8,8,1,4,35.096177170941,129.061866550202,부산광역시 영도구 청학동(파리바게뜨 영도청학시장점 부근),부산광역시,영도구,전통시장,False,0.07142857142857142,0.5714285714285714,0.07142857142857142
3742,1,1,2019,2019,5,8,0,2,37.870345063175,127.726684100392,강원도 춘천시 효자동(현대자동차춘천대리점 부근),강원특별자치도,춘천시,기타,False,0.07142857142857142,0.5714285714285714,0.0
1326,1,1,2015,2015,6,8,0,4,35.827771831506,128.532687570776,대구광역시 달서구 송현동(월성보성타운1단지 부근),대구광역시,달서구,기타,False,0.07142857142857142,0.5714285714285714,0.0
1752,1,1,2016,2016,5,8,0,6,37.557333569889,126.848570759834,서울특별시 강서구 등촌동(KBS88체육관 부근),서울특별시,강서구,기타,False,0.07142857142857142,0.5714285714285714,0.0
1704,1,1,2016,2016,8,8,0,5,37.618947024387,127.029087443732,서울특별시 강북구 미아동(솔샘빌딩 부근),서울특별시,강북구,기타,False,0.07142857142857142,0.5714285714285714,0.0
3248,1,1,2018,2018,7,8,0,4,36.781399022947,127.007006837397,충청남도 아산시 온천동(온양온천초교 부근),충청남도,아산시,학교,False,0.07142857142857142,0.5714285714285714,0.0
3426,1,1,2019,2019,5,8,0,4,37.619976338938,127.018342075927,서울특별시 강북구 미아동(미래본경희한의원 부근),서울특별시,강북구,병원·의원,False,0.07142857142857142,0.5714285714285714,0.0
1715,1,1,2016,2016,5,7,2,4,37.671344118637,127.044030719144,서울특별시 도봉구 도봉동(신도봉사거리 부근),서울특별시,도봉구,교차로·사거리,False,0.07142857142857142,0.5,0.14285714285714285
1499,1,1,2015,2015,7,7,0,3,37.87673050421,127.731241562349,강원도 춘천시 효자동(운교사거리 부근),강원특별자치도,춘천시,교차로·사거리,False,0.07142857142857142,0.5,0.0
654,1,1,2014,2014,6,7,0,6,35.124892678555,129.045119122351,부산광역시 동구 수정동(세일병원 부근),부산광역시,동구,병원·의원,False,0.07142857142857142,0.5,0.0
5319,1,1,2023,2023,5,7,0,6,35.083568378782,129.018030395312,부산 서구 남부민동(은성어린이집 부근),부산광역시,서구,기타,False,0.07142857142857142,0.5,0.0
261,1,1,2013,2013,6,7,2,3,36.320873564564,127.443916223856,대전광역시 동구 효동(제2치수교네거리 부근),대전광역시,동구,기타,False,0.07142857142857142,0.5,0.14285714285714285
5030,1,1,2022,2022,5,7,1,6,37.568789496539,126.841350056361,서울특별시 강서구 가양동(양천향교역사거리 부근),서울특별시,강서구,교차로·사거리,False,0.07142857142857142,0.5,0.07142857142857142
3085,1,1,2018,2018,4,7,0,3,35.169489504838,126.911178145956,광주광역시 북구 중흥동(효동초등학교교차로 부근),전남광주통합특별시,북구,학교,False,0.07142857142857142,0.5,0.0
1746,1,1,2016,2016,6,7,0,2,37.518635897829,126.837132941933,서울특별시 양천구 신월동(샛별유치원 부근),서울특별시,양천구,기타,False,0.07142857142857142,0.5,0.0
1015,1,1,2014,2014,7,7,0,6,35.11532379306,128.488356830504,경상남도 창원시 마산합포구 월남동5가(진동삼거리 부근),경상남도,창원시 마산합포구,교차로·사거리,False,0.07142857142857142,0.5,0.0
35,1,1,2013,2013,7,7,0,6,37.604037604853,127.037955762749,서울특별시 성북구 하월곡동(생명의전화(종합복지관) 부근),서울특별시,성북구,기타,False,0.07142857142857142,0.5,0.0
1009,1,1,2014,2014,5,7,1,6,36.384313760672,128.437904851129,경상북도 의성군 안계면(포장마차 부근),경상북도,의성군,기타,False,0.07142857142857142,0.5,0.07142857142857142
378,1,1,2013,2013,5,7,0,5,36.987803033684,127.937497078828,충청북도 충주시 연수동(주공2단지아파트 부근),충청북도,충주시,기타,False,0.07142857142857142,0.5,0.0
2243,1,1,2016,2016,5,7,0,4,33.508889139823,126.518848384446,제주특별자치도 제주시 삼도일동(우일세차장카센타 부근),제주특별자치도,제주시,기타,False,0.07142857142857142,0.5,0.0
4272,1,1,2020,2020,6,7,0,2,37.59753329053,127.142741940989,경기도 구리시 수택동(수택동사거리 부근),경기도,구리시,교차로·사거리,False,0.07142857142857142,0.5,0.0
1108,1,1,2015,2015,5,7,1,3,37.61163529963,127.0291699961,서울특별시 성북구 길음동(미아삼거리역 부근),서울특별시,성북구,교차로·사거리,False,0.07142857142857142,0.5,0.07142857142857142
1186,1,1,2015,2015,7,7,1,5,37.504565469322,126.946825381487,서울특별시 동작구 상도1동(대림쇼핑센타 부근),서울특별시,동작구,마트·상가,False,0.07142857142857142,0.5,0.07142857142857142
3942,1,1,2020,2020,5,7,1,2,37.615246451763,127.078173613722,서울특별시 중랑구 묵동(해성교회 부근),서울특별시,중랑구,기타,False,0.07142857142857142,0.5,0.07142857142857142
4046,1,1,2020,2020,6,7,0,2,37.510703083282,127.083896181565,서울특별시 송파구 잠실동(잠실천주교회 부근),서울특별시,송파구,기타,False,0.07142857142857142,0.5,0.0
4204,1,1,2020,2020,5,7,2,2,36.35509313624,127.336353333041,대전광역시 유성구 봉명동(유성삼거리 부근),대전광역시,유성구,교차로·사거리,False,0.07142857142857142,0.5,0.14285714285714285
2425,1,1,2017,2017,6,7,0,6,35.163307843883,129.039830486389,부산광역시 부산진구 당감동(SKTELECOM 부근),부산광역시,부산진구,기타,False,0.07142857142857142,0.5,0.0
3345,1,1,2018,2018,7,7,0,5,35.183237851946,128.559575497712,경상남도 창원시 마산합포구 월남동4가(영생아파트 부근),경상남도,창원시 마산합포구,기타,False,0.07142857142857142,0.5,0.0
4055,1,1,2020,2020,4,7,1,4,37.544460019415,127.14535125106,서울특별시 강동구 명일동(황제당구장 부근),서울특별시,강동구,기타,False,0.07142857142857142,0.5,0.07142857142857142
4027,1,1,2020,2020,6,7,0,3,37.501568015452,126.941034202568,서울특별시 동작구 상도동(럭키하이퍼마켓 부근),서울특별시,동작구,기타,False,0.07142857142857142,0.5,0.0
3858,1,1,2019,2019,7,7,0,7,36.820389343394,128.622702878136,경상북도 영주시 휴천동(대한노인회 영주시지회 부근),경상북도,영주시,기타,False,0.07142857142857142,0.5,0.0
3830,1,1,2019,2019,7,7,1,4,34.956142484189,127.485762962891,전라남도 순천시 동외동(성동오거리 부근),전남광주통합특별시,순천시,교차로·사거리,False,0.07142857142857142,0.5,0.07142857142857142
2623,1,1,2017,2017,4,7,0,3,37.480026398001,126.798205502083,경기도 부천시 소사구 소사본동((주)테스콤 부근),경기도,부천시 소사구,기타,False,0.07142857142857142,0.5,0.0
2642,1,1,2017,2017,3,7,0,1,37.602814677057,127.145313269093,경기도 구리시 수택동(구리역사(백화점)앞 부근),경기도,구리시,마트·상가,False,0.07142857142857142,0.5,0.0
2678,1,1,2017,2017,7,7,1,3,37.348690835415,127.948598042167,강원도 원주시 일산동(GUESS 부근),강원특별자치도,원주시,기타,False,0.07142857142857142,0.5,0.07142857142857142
1812,1,1,2016,2016,6,7,1,5,35.15081094567,129.022778400604,부산광역시 부산진구 개금동(무지개비디오 부근),부산광역시,부산진구,기타,False,0.07142857142857142,0.5,0.07142857142857142
3525,1,1,2019,2019,4,6,0,4,35.168036900084,129.040928994778,부산광역시 부산진구 부암동(몸에좋은 요양센터 부근),부산광역시,부산진구,기타,False,0.07142857142857142,0.42857142857142855,0.0
2864,1,1,2018,2018,5,6,4,1,37.578016284425,127.044041772711,서울특별시 동대문구 전농동(성모온누리약국 부근),서울특별시,동대문구,약국,False,0.07142857142857142,0.42857142857142855,0.2857142857142857
2840,1,1,2018,2018,4,6,0,4,37.569709445436,127.015868362936,서울특별시 종로구 창신동(청계7가사거리 부근),서울특별시,종로구,교차로·사거리,False,0.07142857142857142,0.42857142857142855,0.0
608,1,1,2014,2014,6,6,1,3,37.504481929498,126.903675571571,서울특별시 영등포구 신길동(대진목재 부근),서울특별시,영등포구,기타,False,0.07142857142857142,0.42857142857142855,0.07142857142857142
1530,1,1,2015,2015,6,6,2,2,36.780112805363,127.003113289148,충청남도 아산시 온천동(명진용역 부근),충청남도,아산시,기타,False,0.07142857142857142,0.42857142857142855,0.14285714285714285
1631,1,1,2015,2015,4,6,0,4,35.477879542208,128.764365733493,경상남도 밀양시 가곡동(KT&G 부근),경상남도,밀양시,기타,False,0.07142857142857142,0.42857142857142855,0.0
3372,1,1,2018,2018,5,6,0,3,35.416979660184,129.173356096907,경상남도 양산시 삼호동(서창동행정복지센터 부근),경상남도,양산시,주민센터·행정,False,0.07142857142857142,0.42857142857142855,0.0
1478,1,1,2015,2015,6,6,0,4,37.345235727348,126.942718720893,경기도 군포시 당동(명랑길삼거리 부근),경기도,군포시,교차로·사거리,False,0.07142857142857142,0.42857142857142855,0.0
1486,1,1,2015,2015,5,6,0,5,37.008948113965,127.269416119559,경기도 안성시 석정동(줄리 부근),경기도,안성시,기타,False,0.07142857142857142,0.42857142857142855,0.0
3631,1,1,2019,2019,3,6,1,2,36.349181411294,127.443380556169,대전광역시 동구 가양동(경동사대전지점 부근),대전광역시,동구,기타,False,0.07142857142857142,0.42857142857142855,0.07142857142857142
2795,1,1,2017,2017,6,6,0,3,36.821082199085,128.625852636691,경상북도 영주시 하망동(신동아화재 부근),경상북도,영주시,기타,False,0.07142857142857142,0.42857142857142855,0.0
714,1,1,2014,2014,6,6,1,2,35.885698079104,128.574327858745,대구광역시 서구 원대동1가(원대네거리 부근),대구광역시,서구,기타,False,0.07142857142857142,0.42857142857142855,0.07142857142857142
715,1,1,2014,2014,6,6,0,4,35.8757266049,128.564272638772,대구광역시 서구 평리동(노인복지회관 부근),대구광역시,서구,기타,False,0.07142857142857142,0.42857142857142855,0.0
729,1,1,2014,2014,6,6,2,4,35.823094607731,128.63612470749,대구광역시 수성구 만촌동(범어네거리서편 부근),대구광역시,수성구,기타,False,0.07142857142857142,0.42857142857142855,0.14285714285714285
1433,1,1,2015,2015,6,6,0,5,37.40176740884,126.922699038731,경기도 안양시 만안구 안양동(안양역광장 부근),경기도,안양시 만안구,기타,False,0.07142857142857142,0.42857142857142855,0.0
1850,1,1,2016,2016,6,6,0,1,35.857131846359,128.588729027324,대구광역시 중구 남산동(전통콩국 부근),대구광역시,중구,기타,False,0.07142857142857142,0.42857142857142855,0.0
5531,1,1,2024,2024,6,6,0,6,37.579027970864,126.924670442831,서울 서대문구 남가좌동(남가좌2동주민센터 부근),서울특별시,서대문구,주민센터·행정,False,0.07142857142857142,0.42857142857142855,0.0
387,1,1,2013,2013,5,6,2,2,36.798132457348,127.132786482811,충청남도 천안시 서북구 쌍용동((동부빌라1동) 부근),충청남도,천안시 서북구,기타,False,0.07142857142857142,0.42857142857142855,0.14285714285714285
1793,1,1,2016,2016,4,6,0,4,37.515290614072,127.106515271364,서울특별시 송파구 잠실동(송파구청 부근),서울특별시,송파구,주민센터·행정,False,0.07142857142857142,0.42857142857142855,0.0
6106,1,1,2026,2026,6,6,0,6,35.139551917315,129.109134353735,부산 수영구 남천동(남천해변시장 부근),부산광역시,수영구,전통시장,False,0.07142857142857142,0.42857142857142855,0.0
3178,1,1,2018,2018,6,6,0,4,37.300062237783,127.107262103464,경기도 용인시 기흥구 마북동(남서울빛교회 부근),경기도,용인시 기흥구,기타,False,0.07142857142857142,0.42857142857142855,0.0
1849,1,1,2016,2016,6,6,0,4,35.870478771179,128.600573954825,대구광역시 중구 동인동3가(공평네거리 부근),대구광역시,중구,기타,False,0.07142857142857142,0.42857142857142855,0.0
2215,1,1,2016,2016,6,6,0,6,35.198045387286,128.085762444582,경상남도 진주시 대안동(수정게임랜드 부근),경상남도,진주시,기타,False,0.07142857142857142,0.42857142857142855,0.0
4454,1,1,2020,2020,5,6,0,4,34.930850224359,128.075489569789,경상남도 사천시 동금동(동금로121 부근),경상남도,사천시,기타,False,0.07142857142857142,0.42857142857142855,0.0
27,1,1,2013,2013,5,6,1,3,37.593814211657,127.075753343843,서울특별시 중랑구 상봉동(우리은행중랑교지점 부근),서울특별시,중랑구,은행,False,0.07142857142857142,0.42857142857142855,0.07142857142857142
6180,1,1,2026,2026,6,6,1,5,37.656547531545,126.623065129154,경기 김포시 양촌읍(양촌파출소 부근),경기도,김포시,기타,False,0.07142857142857142,0.42857142857142855,0.07142857142857142
4488,1,1,2021,2021,6,6,2,2,37.536962259102,126.960003240958,서울특별시 용산구 용문동(용문새마을금고 부근),서울특별시,용산구,은행,False,0.07142857142857142,0.42857142857142855,0.14285714285714285
46,1,1,2013,2013,6,6,1,4,37.662863565702,127.04003511493,서울특별시 도봉구 방학동(동부센트리빌아파트 부근),서울특별시,도봉구,기타,False,0.07142857142857142,0.42857142857142855,0.07142857142857142
2277,1,1,2017,2017,6,6,0,3,37.590077830728,127.057820202142,서울특별시 동대문구 휘경동(백합빌딩 부근),서울특별시,동대문구,기타,False,0.07142857142857142,0.42857142857142855,0.0
441,1,1,2013,2013,5,6,0,2,34.757945934658,127.709644005268,전라남도 여수시 문수동(문수교 부근),전남광주통합특별시,여수시,기타,False,0.07142857142857142,0.42857142857142855,0.0
83,1,1,2013,2013,4,6,0,5,37.489334770584,126.888865017208,서울특별시 구로구 구로동(두산아파트 부근),서울특별시,구로구,기타,False,0.07142857142857142,0.42857142857142855,0.0
2964,1,1,2018,2018,5,6,1,3,37.515964044406,127.019166375629,서울특별시 서초구 잠원동(신사역5번출구 부근),서울특별시,서초구,기타,False,0.07142857142857142,0.42857142857142855,0.07142857142857142
1696,1,1,2016,2016,6,6,1,4,37.616748515632,127.049360492794,서울특별시 성북구 장위동(중고재활용센타 부근),서울특별시,성북구,기타,False,0.07142857142857142,0.42857142857142855,0.07142857142857142
5332,1,1,2023,2023,5,6,1,4,35.147999981269,129.016865154639,부산 부산진구 개금동(해그림어린이집 부근),부산광역시,부산진구,기타,False,0.07142857142857142,0.42857142857142855,0.07142857142857142
5326,1,1,2023,2023,6,6,0,6,35.141655299727,129.055079391747,부산 동구 범일동(범일골목시장 부근),부산광역시,동구,전통시장,False,0.07142857142857142,0.42857142857142855,0.0
552,1,1,2014,2014,5,6,1,4,37.608805694328,127.030208560178,서울특별시 강북구 미아동(미아사거리_미아로_진출_1 부근),서울특별시,강북구,교차로·사거리,False,0.07142857142857142,0.42857142857142855,0.07142857142857142
3317,1,1,2018,2018,6,6,0,5,36.031112219854,129.364875827758,경상북도 포항시 북구 죽도동(홈플러스죽도점 부근),경상북도,포항시 북구,기타,False,0.07142857142857142,0.42857142857142855,0.0
3115,1,1,2018,2018,6,6,0,2,37.277667962308,127.019208644664,경기도 수원시 팔달구 영동(지동교 부근),경기도,수원시 팔달구,기타,False,0.07142857142857142,0.42857142857142855,0.0
359,1,1,2013,2013,5,6,1,3,37.889565914436,128.826915098054,강원도 강릉시 주문진읍(건영파크 부근),강원특별자치도,강릉시,기타,False,0.07142857142857142,0.42857142857142855,0.07142857142857142
2832,1,1,2017,2017,6,6,2,3,33.506029289421,126.514695054434,제주특별자치도 제주시 용담일동(반도여관 부근),제주특별자치도,제주시,기타,False,0.07142857142857142,0.42857142857142855,0.14285714285714285
5055,1,1,2022,2022,5,6,0,6,35.095895451115,129.021853338162,부산광역시 서구 충무동2가(성불원 부근),부산광역시,서구,기타,False,0.07142857142857142,0.42857142857142855,0.0
5070,1,1,2022,2022,5,6,0,5,35.154876549514,129.063130896275,부산광역시 부산진구 부전동(흥국빌딩앞교차로 부근),부산광역시,부산진구,교차로·사거리,False,0.07142857142857142,0.42857142857142855,0.0
3441,1,1,2019,2019,5,6,1,2,37.629041646356,127.056914090214,서울특별시 노원구 월계동(S-OIL 신성주유소 부근),서울특별시,노원구,기타,False,0.07142857142857142,0.42857142857142855,0.07142857142857142
695,1,1,2014,2014,4,6,1,4,35.173191222298,129.09929344154,부산광역시 수영구 망미동(무지개혼수방 부근),부산광역시,수영구,기타,False,0.07142857142857142,0.42857142857142855,0.07142857142857142
1947,1,1,2016,2016,4,6,2,3,36.317523104309,127.460491738204,대전광역시 동구 판암동(판암초교입구삼거리 부근),대전광역시,동구,학교,False,0.07142857142857142,0.42857142857142855,0.14285714285714285
1860,1,1,2016,2016,3,6,0,2,35.882585844762,128.66287972542,대구광역시 동구 방촌동(바른치과 부근),대구광역시,동구,기타,False,0.07142857142857142,0.42857142857142855,0.0
1665,1,1,2016,2016,6,6,0,3,37.570478315423,127.041962469094,서울특별시 성동구 마장동(마장현대아파트 부근),서울특별시,성동구,기타,False,0.07142857142857142,0.42857142857142855,0.0
3768,1,1,2019,2019,5,6,0,4,37.126930204666,128.215399784074,충청북도 제천시 화산동(첨단윤활유상사 부근),충청북도,제천시,기타,False,0.07142857142857142,0.42857142857142855,0.0
3710,1,1,2019,2019,6,6,0,5,37.146260293878,127.070106200342,경기도 오산시 원동(롯데시네마 오산 부근),경기도,오산시,기타,False,0.07142857142857142,0.42857142857142855,0.0
1402,1,1,2015,2015,6,6,0,4,37.295617480663,127.004074341559,경기도 수원시 장안구 정자동(진미콩비지해장국 부근),경기도,수원시 장안구,기타,False,0.07142857142857142,0.42857142857142855,0.0
1392,1,1,2015,2015,6,6,0,4,35.555043681422,129.32306527924,울산광역시 중구 성남동(서울떡집 부근),울산광역시,중구,기타,False,0.07142857142857142,0.42857142857142855,0.0
3713,1,1,2019,2019,5,6,0,5,37.358012519763,126.933497531287,경기도 군포시 금정동(산본역동부사거리 부근),경기도,군포시,교차로·사거리,False,0.07142857142857142,0.42857142857142855,0.0
1408,1,1,2015,2015,6,6,1,2,37.264635158087,127.032637801694,경기도 수원시 팔달구 인계동(나혜석거리 부근),경기도,수원시 팔달구,기타,False,0.07142857142857142,0.42857142857142855,0.07142857142857142
4916,1,1,2021,2021,6,6,0,3,36.13186157885,128.117961941092,경상북도 김천시 신음동(신음동4145 부근),경상북도,김천시,기타,False,0.07142857142857142,0.42857142857142855,0.0
1926,1,1,2016,2016,6,6,0,3,35.147770294664,126.928255037741,광주광역시 동구 동명동(동천미디어 부근),전남광주통합특별시,동구,기타,False,0.07142857142857142,0.42857142857142855,0.0
1267,1,1,2015,2015,3,6,1,3,35.089379207286,128.999963036466,부산광역시 사하구 감천동(복합화력발전소 부근),부산광역시,사하구,기타,False,0.07142857142857142,0.42857142857142855,0.07142857142857142
825,1,1,2014,2014,3,6,0,5,37.461745372452,126.880500329328,경기도 광명시 하안동(하안사거리 부근),경기도,광명시,교차로·사거리,False,0.07142857142857142,0.42857142857142855,0.0
2042,1,1,2016,2016,3,6,0,5,37.149362821838,127.073477835135,경기도 오산시 오산동(롯데마트사거리 부근),경기도,오산시,마트·상가,False,0.07142857142857142,0.42857142857142855,0.0
2040,1,1,2016,2016,6,6,1,3,37.64769589595,127.140710746605,경기도 남양주시 퇴계원면(퇴계원사거리 부근),경기도,남양주시,교차로·사거리,False,0.07142857142857142,0.42857142857142855,0.07142857142857142
4099,1,1,2020,2020,6,6,0,4,35.195992772849,129.130777617294,부산광역시 해운대구 반여동(재반로198 부근),부산광역시,해운대구,기타,False,0.07142857142857142,0.42857142857142855,0.0
202,1,1,2013,2013,6,6,0,6,35.864993805121,128.564498677073,대구광역시 서구 내당동(KOR K-2 총판 부근),대구광역시,서구,기타,False,0.07142857142857142,0.42857142857142855,0.0
188,1,1,2013,2013,6,6,1,2,35.188431358521,128.988046903343,부산광역시 사상구 모라동(모라사거리 부근),부산광역시,사상구,교차로·사거리,False,0.07142857142857142,0.42857142857142855,0.07142857142857142
2478,1,1,2017,2017,4,6,2,4,35.865882627582,128.592392603637,대구광역시 중구 덕산동(동아진열장 부근),대구광역시,중구,기타,False,0.07142857142857142,0.42857142857142855,0.14285714285714285
3944,1,1,2020,2020,5,6,0,2,37.590935180515,127.077622548743,서울특별시 중랑구 면목동(예삐유치원 부근),서울특별시,중랑구,기타,False,0.07142857142857142,0.42857142857142855,0.0
1382,1,1,2015,2015,5,6,0,4,36.343657031548,127.411625973161,대전광역시 중구 중촌동(투가리해장국 부근),대전광역시,중구,기타,False,0.07142857142857142,0.42857142857142855,0.0
3914,1,1,2019,2019,6,6,0,5,33.251739893382,126.423706497158,제주특별자치도 서귀포시 중문동(중문동우체국 부근),제주특별자치도,서귀포시,기타,False,0.07142857142857142,0.42857142857142855,0.0
2577,1,1,2017,2017,6,6,0,3,35.53169682425,129.310657523627,울산광역시 남구 신정동(남부경찰서앞 부근),울산광역시,남구,기타,False,0.07142857142857142,0.42857142857142855,0.0
2583,1,1,2017,2017,3,6,1,2,35.564876017016,129.125805221635,울산광역시 울주군 언양읍(언양터미널앞 부근),울산광역시,울주군,역·터미널,False,0.07142857142857142,0.42857142857142855,0.07142857142857142
2649,1,1,2017,2017,4,6,0,3,37.371023952494,126.941170761922,경기도 군포시 금정동(금정역삼거리 부근),경기도,군포시,교차로·사거리,False,0.07142857142857142,0.42857142857142855,0.0
3828,1,1,2019,2019,4,6,1,1,34.769717373159,127.654832973264,전라남도 여수시 선원동(여천전남병원입구 부근),전남광주통합특별시,여수시,병원·의원,False,0.07142857142857142,0.42857142857142855,0.07142857142857142
3846,1,1,2019,2019,3,6,2,0,36.033691947626,129.360131104468,경상북도 포항시 북구 용흥동(동해약국 부근),경상북도,포항시 북구,약국,False,0.07142857142857142,0.42857142857142855,0.14285714285714285
1378,1,1,2015,2015,5,6,0,4,36.343133153973,127.450400941951,대전광역시 동구 가양동(그린빌라 부근),대전광역시,동구,기타,False,0.07142857142857142,0.42857142857142855,0.0
2539,1,1,2017,2017,5,6,0,4,35.142455173668,126.874389642869,광주광역시 서구 화정동(염주동사거리 부근),전남광주통합특별시,서구,교차로·사거리,False,0.07142857142857142,0.42857142857142855,0.0
2553,1,1,2017,2017,4,6,0,5,36.343130580113,127.447534745034,대전광역시 동구 가양동(소라어린이집 부근),대전광역시,동구,기타,False,0.07142857142857142,0.42857142857142855,0.0
5995,1,1,2026,2026,6,6,0,6,37.545910090757,126.984639590635,서울 용산구 용산동2가(해방촌오거리 부근),서울특별시,용산구,교차로·사거리,False,0.07142857142857142,0.42857142857142855,0.0
232,1,1,2013,2013,4,6,2,3,37.490777077201,126.705299383361,인천광역시 부평구 산곡동(산곡주유소(현대오일뱅크) 부근),인천광역시,부평구,기타,False,0.07142857142857142,0.42857142857142855,0.14285714285714285
1315,1,1,2015,2015,5,6,1,5,35.862223605436,128.616030035359,대구광역시 수성구 수성동4가(신천시장네거리 부근),대구광역시,수성구,전통시장,False,0.07142857142857142,0.42857142857142855,0.07142857142857142
3971,1,1,2020,2020,4,6,0,2,37.650306137719,127.013437856973,서울특별시 강북구 우이동(와락닭매운탕 부근),서울특별시,강북구,기타,False,0.07142857142857142,0.42857142857142855,0.0
4033,1,1,2020,2020,5,6,1,1,37.48525530459,126.913976942283,서울특별시 관악구 신림동(신림4동사무소입구 부근),서울특별시,관악구,기타,False,0.07142857142857142,0.42857142857142855,0.07142857142857142
4140,1,1,2020,2020,6,6,1,4,35.868913519145,128.570963478783,대구광역시 서구 비산동(동서열쇠도장 부근),대구광역시,서구,기타,False,0.07142857142857142,0.42857142857142855,0.07142857142857142
4755,1,1,2021,2021,4,6,1,3,37.069276641405,127.059187936975,경기도 평택시 서정동(기독교대한성결교회송탄교회 부근),경기도,평택시,기타,False,0.07142857142857142,0.42857142857142855,0.07142857142857142
1245,1,1,2015,2015,5,6,0,1,35.20602641269,129.101526188384,부산광역시 동래구 명장동(조양맨션 부근),부산광역시,동래구,기타,False,0.07142857142857142,0.42857142857142855,0.0
2438,1,1,2017,2017,6,6,1,5,35.134883263353,129.084751249372,부산광역시 남구 대연동(B.H.신경정신과 부근),부산광역시,남구,기타,False,0.07142857142857142,0.42857142857142855,0.07142857142857142
4243,1,1,2020,2020,6,6,0,5,37.479894219244,126.806444592445,경기도 부천시 괴안동(괴안사거리 부근),경기도,부천시,교차로·사거리,False,0.07142857142857142,0.42857142857142855,0.0
1141,1,1,2015,2015,6,6,1,3,37.567928413666,126.916657564096,서울특별시 서대문구 연희동(마포구-서대문구경계(4) 부근),서울특별시,서대문구,기타,False,0.07142857142857142,0.42857142857142855,0.07142857142857142
4245,1,1,2020,2020,5,6,0,3,37.480554631892,126.778195537995,경기도 부천시 심곡본동(세멜레피부관리실 부근),경기도,부천시,기타,False,0.07142857142857142,0.42857142857142855,0.0
2097,1,1,2016,2016,6,6,0,3,36.649518230183,127.486001603392,충청북도 청주시 청원구 우암동(우암사거리 부근),충청북도,청주시 청원구,교차로·사거리,False,0.07142857142857142,0.42857142857142855,0.0
4206,1,1,2020,2020,6,6,0,2,36.356190806461,127.427255879157,대전광역시 대덕구 중리동(홍도로106 부근),대전광역시,대덕구,기타,False,0.07142857142857142,0.42857142857142855,0.0
2385,1,1,2017,2017,5,6,1,3,37.476698540406,126.915935451661,서울특별시 관악구 신림동(난곡우체국앞 부근),서울특별시,관악구,기타,False,0.07142857142857142,0.42857142857142855,0.07142857142857142
2090,1,1,2016,2016,5,6,0,3,36.640409076319,127.491956892398,충청북도 청주시 상당구 수동((청수빌딩) 부근),충청북도,청주시 상당구,기타,False,0.07142857142857142,0.42857142857142855,0.0
2400,1,1,2017,2017,6,6,0,2,37.488209959723,127.052366575658,서울특별시 강남구 도곡동(삼성엔지니어링 사옥 부근),서울특별시,강남구,기타,False,0.07142857142857142,0.42857142857142855,0.0
4127,1,1,2020,2020,5,6,0,3,35.149446818017,129.004164889399,부산광역시 사상구 주례동(가야대로292 부근),부산광역시,사상구,기타,False,0.07142857142857142,0.42857142857142855,0.0
4166,1,1,2020,2020,6,6,0,3,37.458718288619,126.678164960346,인천광역시 미추홀구 주안동(경인로3411 부근),인천광역시,미추홀구,기타,False,0.07142857142857142,0.42857142857142855,0.0
162,1,1,2013,2013,6,6,0,3,35.199158485377,129.06425113948,부산광역시 동래구 사직동(사직삼거리 부근),부산광역시,동래구,교차로·사거리,False,0.07142857142857142,0.42857142857142855,0.0
2373,1,1,2017,2017,6,6,0,3,37.522094859491,126.901712115922,서울특별시 영등포구 영등포동6가(영등포농협공판장 부근),서울특별시,영등포구,은행,False,0.07142857142857142,0.42857142857142855,0.0
2359,1,1,2017,2017,6,6,0,3,37.498697853424,126.852057491661,서울특별시 구로구 개봉동(중원오피스텔 부근),서울특별시,구로구,기타,False,0.07142857142857142,0.42857142857142855,0.0
6074,1,1,2026,2026,6,6,0,6,35.141318600601,129.059529337007,부산 부산진구 범천동(현대백화점앞교차로 부근),부산광역시,부산진구,마트·상가,False,0.07142857142857142,0.42857142857142855,0.0
4552,1,1,2021,2021,4,6,0,3,37.464831392456,126.902896688532,서울특별시 금천구 독산동(독산4동사거리 부근),서울특별시,금천구,교차로·사거리,False,0.07142857142857142,0.42857142857142855,0.0
4574,1,1,2021,2021,6,6,0,4,37.487561327294,127.103924752626,서울특별시 강남구 수서동(수서아파트6단지601동 부근),서울특별시,강남구,기타,False,0.07142857142857142,0.42857142857142855,0.0
4340,1,1,2020,2020,6,6,0,4,36.800634084396,127.15323264687,충청남도 천안시 동남구 영성동(중앙교 부근),충청남도,천안시 동남구,기타,False,0.07142857142857142,0.42857142857142855,0.0
2146,1,1,2016,2016,6,6,0,3,34.798920270155,126.378246663454,전라남도 목포시 대성동((하나하나사진관) 부근),전남광주통합특별시,목포시,기타,False,0.07142857142857142,0.42857142857142855,0.0
2135,1,1,2016,2016,4,6,0,2,35.964879263668,126.694352775162,전라북도 군산시 나운동(에코로바 부근),전북특별자치도,군산시,기타,False,0.07142857142857142,0.42857142857142855,0.0
2320,1,1,2017,2017,4,6,0,3,37.665165328318,127.035883993652,서울특별시 도봉구 방학동(방학프라자 부근),서울특별시,도봉구,기타,False,0.07142857142857142,0.42857142857142855,0.0
4446,1,1,2020,2020,6,6,0,5,35.199199504355,128.073986008549,경상남도 진주시 상봉동(진주여고사거리 부근),경상남도,진주시,교차로·사거리,False,0.07142857142857142,0.42857142857142855,0.0
2295,1,1,2017,2017,4,6,1,2,37.617617374043,127.042481150386,서울특별시 성북구 장위동(그린빌아파트 부근),서울특별시,성북구,기타,False,0.07142857142857142,0.42857142857142855,0.07142857142857142
6059,1,1,2026,2026,5,6,0,6,37.540421435601,127.143510120412,서울 강동구 길동(길동119안전센터 부근),서울특별시,강동구,기타,False,0.07142857142857142,0.42857142857142855,0.0
6057,1,1,2026,2026,6,6,0,6,37.546358149139,127.14392590814,서울 강동구 명일동(굽은다리역교차로 부근),서울특별시,강동구,교차로·사거리,False,0.07142857142857142,0.42857142857142855,0.0
6052,1,1,2026,2026,6,6,1,5,37.477783836263,126.962979766909,서울 관악구 봉천동(낙성대역 2호선 부근),서울특별시,관악구,기타,False,0.07142857142857142,0.42857142857142855,0.07142857142857142
6216,1,1,2026,2026,6,6,0,6,36.751596627573,126.303123626905,충남 태안군 태안읍(성심사거리 부근),충청남도,태안군,교차로·사거리,False,0.07142857142857142,0.42857142857142855,0.0
2,1,1,2013,2013,6,6,0,4,37.57070617665,126.993646645777,서울특별시 종로구 장사동(종묘공원 부근),서울특별시,종로구,기타,False,0.07142857142857142,0.42857142857142855,0.0
6174,1,1,2026,2026,6,6,0,6,37.235012620301,127.20310274202,경기 용인시 처인구 김량장동(농협파마스마켓사거리 부근),경기도,용인시 처인구,은행,False,0.07142857142857142,0.42857142857142855,0.0
6122,1,1,2026,2026,5,5,1,4,36.338235188006,127.422616365843,대전 동구 삼성동(470 부근),대전광역시,동구,기타,False,0.07142857142857142,0.3571428571428571,0.07142857142857142
6185,1,1,2026,2026,5,5,0,5,37.307203277742,127.640148282126,경기 여주시 현암동(도예1교차로 부근),경기도,여주시,교차로·사거리,False,0.07142857142857142,0.3571428571428571,0.0
1,1,1,2013,2013,5,5,0,5,37.576104317661,127.004402517663,서울특별시 종로구 충신동(이화사거리 부근),서울특별시,종로구,교차로·사거리,False,0.07142857142857142,0.3571428571428571,0.0
6159,1,1,2026,2026,5,5,0,5,37.90639371949,127.054245948715,경기 동두천시 생연동(중앙시장 부근),경기도,동두천시,전통시장,False,0.07142857142857142,0.3571428571428571,0.0
6155,1,1,2026,2026,5,5,0,5,37.51931942464,126.804784283567,경기 부천시 오정구 원종동(성곡사거리 부근),경기도,부천시 오정구,교차로·사거리,False,0.07142857142857142,0.3571428571428571,0.0
6103,1,1,2026,2026,5,5,1,4,35.184463198403,129.080527282367,부산 연제구 연산동(레몬약국 부근),부산광역시,연제구,약국,False,0.07142857142857142,0.3571428571428571,0.07142857142857142
99,1,1,2013,2013,5,5,0,4,37.492960634726,126.897318352161,서울특별시 영등포구 대림동(대림역 부근),서울특별시,영등포구,기타,False,0.07142857142857142,0.3571428571428571,0.0
2250,1,1,2016,2016,5,5,0,3,33.249625764418,126.561542893691,제주특별자치도 서귀포시 서귀동(피자콤비 부근),제주특별자치도,서귀포시,기타,False,0.07142857142857142,0.3571428571428571,0.0
6265,1,1,2026,2026,5,5,0,5,35.684838461546,127.911951750054,경남 거창군 거창읍(스마일명품꽈배기 거창점 부근),경상남도,거창군,기타,False,0.07142857142857142,0.3571428571428571,0.0
6264,1,1,2026,2026,5,5,0,5,35.30369976643,127.971568817382,경남 산청군 신안면(원지삼거리 부근),경상남도,산청군,교차로·사거리,False,0.07142857142857142,0.3571428571428571,0.0
6237,1,1,2026,2026,5,5,0,5,36.565856860609,128.713225220634,경북 안동시 평화동(라라약국 부근),경상북도,안동시,약국,False,0.07142857142857142,0.3571428571428571,0.0
6233,1,1,2026,2026,5,5,0,5,35.991055997576,129.223613059516,경북 경주시 안강읍(피자모자이크 부근),경상북도,경주시,기타,False,0.07142857142857142,0.3571428571428571,0.0
6227,1,1,2026,2026,5,5,1,4,35.806226398696,126.894636029478,전북 김제시 검산동(심심이가맥 부근),전북특별자치도,김제시,기타,False,0.07142857142857142,0.3571428571428571,0.07142857142857142
2301,1,1,2017,2017,3,5,1,1,37.581616672572,127.029655136277,서울특별시 성북구 안암동5가(안암오거리_무학로_진입_1 부근),서울특별시,성북구,교차로·사거리,False,0.07142857142857142,0.3571428571428571,0.07142857142857142
2296,1,1,2017,2017,4,5,0,3,37.61159416464,127.063781333143,서울특별시 성북구 석관동(석관1동로터리_석계길_진입_1 부근),서울특별시,성북구,기타,False,0.07142857142857142,0.3571428571428571,0.0
2287,1,1,2017,2017,4,5,1,2,37.601779132902,127.100425141608,서울특별시 중랑구 망우동(능산지하차도(남측) 부근),서울특별시,중랑구,기타,False,0.07142857142857142,0.3571428571428571,0.07142857142857142
2282,1,1,2017,2017,4,5,0,1,37.575568435036,127.041319753305,서울특별시 동대문구 용두동(홍명약국 부근),서울특별시,동대문구,약국,False,0.07142857142857142,0.3571428571428571,0.0
6043,1,1,2026,2026,5,5,0,5,37.473408248353,126.898943321055,서울 금천구 독산동(명수약국 부근),서울특별시,금천구,약국,False,0.07142857142857142,0.3571428571428571,0.0
3657,1,1,2019,2019,5,5,0,4,37.270769854646,127.012000121609,경기도 수원시 팔달구 교동(보람파출부 부근),경기도,수원시 팔달구,기타,False,0.07142857142857142,0.3571428571428571,0.0
3701,1,1,2019,2019,5,5,0,1,37.643019650637,126.787795049003,경기도 고양시 일산동구 백석동(백석역사거리 부근),경기도,고양시 일산동구,교차로·사거리,False,0.07142857142857142,0.3571428571428571,0.0
1448,1,1,2015,2015,4,5,0,4,37.482608930758,126.866224339183,경기도 광명시 철산동(현충공원삼거리 부근),경기도,광명시,교차로·사거리,False,0.07142857142857142,0.3571428571428571,0.0
3678,1,1,2019,2019,5,5,0,3,37.490084868123,126.784098841689,경기도 부천시 심곡동(심곡천사거리 부근),경기도,부천시,교차로·사거리,False,0.07142857142857142,0.3571428571428571,0.0
3509,1,1,2019,2019,5,5,0,5,35.102517460613,129.020070660634,부산광역시 서구 아미동1가(대학약국 부근),부산광역시,서구,약국,False,0.07142857142857142,0.3571428571428571,0.0
6018,1,1,2026,2026,5,5,0,5,37.589787592013,127.019892500293,서울 성북구 동선동2가(팔백집 본점 부근),서울특별시,성북구,기타,False,0.07142857142857142,0.3571428571428571,0.0
6005,1,1,2026,2026,5,5,0,5,37.581444806852,127.051771308926,서울 동대문구 전농동(새성수약국 부근),서울특별시,동대문구,약국,False,0.07142857142857142,0.3571428571428571,0.0
6002,1,1,2026,2026,5,5,2,3,37.561567230154,127.065477666172,서울 동대문구 장안동(장한평역교차로 부근),서울특별시,동대문구,교차로·사거리,False,0.07142857142857142,0.3571428571428571,0.14285714285714285
5993,1,1,2026,2026,5,5,0,5,37.563572715902,127.015540287745,서울 중구 신당동(메디팜늘봄약국 부근),서울특별시,중구,약국,False,0.07142857142857142,0.3571428571428571,0.0
2211,1,1,2016,2016,5,5,1,2,35.209728675139,128.583255910733,경상남도 창원시 마산합포구 산호동(- 인근),경상남도,창원시 마산합포구,기타,False,0.07142857142857142,0.3571428571428571,0.07142857142857142
3578,1,1,2019,2019,4,5,0,2,35.899307042987,128.548116186014,대구광역시 북구 팔달동(현대주유소 부근),대구광역시,북구,기타,False,0.07142857142857142,0.3571428571428571,0.0
3559,1,1,2019,2019,4,5,0,2,35.283863676468,129.094623413241,부산광역시 금정구 노포동(노포역1번출구 부근),부산광역시,금정구,기타,False,0.07142857142857142,0.3571428571428571,0.0
1417,1,1,2015,2015,5,5,1,4,37.438289837607,127.139109234804,경기도 성남시 수정구 신흥동(수진역사거리 부근),경기도,성남시 수정구,교차로·사거리,False,0.07142857142857142,0.3571428571428571,0.07142857142857142
3732,1,1,2019,2019,4,5,1,3,37.600719651492,126.721305386735,경기도 김포시 풍무동(당곡입구삼거리 부근),경기도,김포시,교차로·사거리,False,0.07142857142857142,0.3571428571428571,0.07142857142857142
3712,1,1,2019,2019,5,5,0,3,37.342458609178,126.784849868228,경기도 시흥시 거모동(도일삼거리 부근),경기도,시흥시,교차로·사거리,False,0.07142857142857142,0.3571428571428571,0.0
3751,1,1,2019,2019,5,5,0,4,38.198716877183,128.579759495905,강원도 속초시 교동(동신빌딩 부근),강원특별자치도,속초시,기타,False,0.07142857142857142,0.3571428571428571,0.0
3745,1,1,2019,2019,5,5,0,4,37.347938619073,127.951420787441,강원도 원주시 일산동(원주강원감영 부근),강원특별자치도,원주시,기타,False,0.07142857142857142,0.3571428571428571,0.0
3744,1,1,2019,2019,5,5,1,3,37.357011219993,127.935745500755,강원도 원주시 단계동(단계사거리 부근),강원특별자치도,원주시,교차로·사거리,False,0.07142857142857142,0.3571428571428571,0.07142857142857142
1424,1,1,2015,2015,5,5,0,2,37.46279998853,127.170143018387,경기도 성남시 중원구 은행동(신성빌라 부근),경기도,성남시 중원구,은행,False,0.07142857142857142,0.3571428571428571,0.0
3502,1,1,2019,2019,5,5,0,1,37.542431472635,127.131393714449,서울특별시 강동구 천호동(고분다리전통시장 부근),서울특별시,강동구,전통시장,False,0.07142857142857142,0.3571428571428571,0.0
3497,1,1,2019,2019,4,5,0,3,37.511703226524,127.082063467556,서울특별시 송파구 잠실동(잠실지구대 부근),서울특별시,송파구,기타,False,0.07142857142857142,0.3571428571428571,0.0
1542,1,1,2015,2015,5,5,0,2,35.82772584917,127.123183006692,전라북도 전주시 완산구 서신동(우신아파트 부근),전북특별자치도,전주시 완산구,기타,False,0.07142857142857142,0.3571428571428571,0.0
1580,1,1,2015,2015,3,5,0,2,34.761901250144,127.707910675338,전라남도 여수시 미평동(미평삼거리 부근),전남광주통합특별시,여수시,교차로·사거리,False,0.07142857142857142,0.3571428571428571,0.0
3777,1,1,2019,2019,5,5,0,3,36.802993868573,127.138877796974,충청남도 천안시 동남구 다가동(한양프라자1동 부근),충청남도,천안시 동남구,기타,False,0.07142857142857142,0.3571428571428571,0.0
3776,1,1,2019,2019,3,5,1,3,36.986297782617,128.370023640879,충청북도 단양군 단양읍(단양시외버스터미널 부근),충청북도,단양군,역·터미널,False,0.07142857142857142,0.3571428571428571,0.07142857142857142
3758,1,1,2019,2019,5,5,1,2,36.618187706299,127.478525947516,충청북도 청주시 서원구 수곡동(수곡1동우체국),충청북도,청주시 서원구,기타,False,0.07142857142857142,0.3571428571428571,0.07142857142857142
1551,1,1,2015,2015,4,5,0,2,35.825703084131,127.166351842665,전라북도 전주시 덕진구 인후동1가(다농 부근),전북특별자치도,전주시 덕진구,기타,False,0.07142857142857142,0.3571428571428571,0.0
2357,1,1,2017,2017,4,5,0,2,37.531520892176,126.856527225652,서울특별시 강서구 화곡동(신정여상 부근),서울특별시,강서구,기타,False,0.07142857142857142,0.3571428571428571,0.0
2354,1,1,2017,2017,5,5,0,3,37.576327681378,126.811809986443,서울특별시 강서구 방화동(방화5단지3R 부근),서울특별시,강서구,기타,False,0.07142857142857142,0.3571428571428571,0.0
2346,1,1,2017,2017,5,5,0,2,37.559181753136,126.926943295598,서울특별시 마포구 동교동(동교동삼거리_연희로_진출 부근),서울특별시,마포구,교차로·사거리,False,0.07142857142857142,0.3571428571428571,0.0
2147,1,1,2016,2016,5,5,1,2,34.787980244094,126.384624082536,전라남도 목포시 대안동(무안동 부근),전남광주통합특별시,목포시,기타,False,0.07142857142857142,0.3571428571428571,0.07142857142857142
215,1,1,2013,2013,4,5,0,3,35.830596650616,128.551587871284,대구광역시 달서구 송현동(송현여고 부근),대구광역시,달서구,기타,False,0.07142857142857142,0.3571428571428571,0.0
5963,1,1,2025,2025,5,5,0,5,35.205844112708,128.580489752298,경남 창원시 마산합포구 오동동(새건강약국 부근),경상남도,창원시 마산합포구,약국,False,0.07142857142857142,0.3571428571428571,0.0
5948,1,1,2025,2025,5,5,1,4,34.638610463164,126.768132785115,전남 강진군 강진읍(신한약국 부근),전남광주통합특별시,강진군,약국,False,0.07142857142857142,0.3571428571428571,0.07142857142857142
5947,1,1,2025,2025,5,5,0,5,35.060147447839,126.983353968061,전남 화순군 화순읍(화순고인돌전통시장 부근),전남광주통합특별시,화순군,전통시장,False,0.07142857142857142,0.3571428571428571,0.0
5936,1,1,2025,2025,5,5,1,4,35.6744773331,127.270262179121,전북 임실군 관촌면(관촌면사무소 부근),전북특별자치도,임실군,주민센터·행정,False,0.07142857142857142,0.3571428571428571,0.07142857142857142
6033,1,1,2026,2026,5,5,0,5,37.589832709156,126.942794261577,서울 서대문구 홍제동(홍시약국 부근),서울특별시,서대문구,약국,False,0.07142857142857142,0.3571428571428571,0.0
154,1,1,2013,2013,5,5,1,3,35.165721892252,129.060602713146,부산광역시 부산진구 범전동(동진건재 부근),부산광역시,부산진구,기타,False,0.07142857142857142,0.3571428571428571,0.07142857142857142
2121,1,1,2016,2016,5,5,0,4,35.817565411216,127.147321210606,전라북도 전주시 완산구 전동(한국스카우트연맹(사)전북연맹 부근),전북특별자치도,전주시 완산구,기타,False,0.07142857142857142,0.3571428571428571,0.0
2099,1,1,2016,2016,5,5,0,4,36.975548008135,127.927879268415,충청북도 충주시 문화동(대봉교 부근),충청북도,충주시,기타,False,0.07142857142857142,0.3571428571428571,0.0
5928,1,1,2025,2025,5,5,0,5,35.786540410916,127.133534667725,전북 전주시 완산구 평화동2가(평화119안전센터 부근),전북특별자치도,전주시 완산구,기타,False,0.07142857142857142,0.3571428571428571,0.0
5884,1,1,2025,2025,5,5,0,5,37.599195702307,127.142552737318,경기 구리시 수택동(스타약국 부근),경기도,구리시,약국,False,0.07142857142857142,0.3571428571428571,0.0
5873,1,1,2025,2025,5,5,0,5,37.489072139439,126.753098129836,경기 부천시 원미구 상동(송내역앞교차로 부근),경기도,부천시 원미구,역·터미널,False,0.07142857142857142,0.3571428571428571,0.0
5858,1,1,2025,2025,5,5,0,5,35.501216016028,129.428363252662,울산 동구 일산동(번덕사거리 부근),울산광역시,동구,교차로·사거리,False,0.07142857142857142,0.3571428571428571,0.0
5837,1,1,2025,2025,5,5,1,4,35.869487929681,128.713744971006,대구 동구 동호동(소림마라 대구반야월점 부근),대구광역시,동구,기타,False,0.07142857142857142,0.3571428571428571,0.07142857142857142
5805,1,1,2025,2025,5,5,0,5,35.169176132054,129.051271691579,부산 부산진구 부암동(부암교차로 부근),부산광역시,부산진구,교차로·사거리,False,0.07142857142857142,0.3571428571428571,0.0
218,1,1,2013,2013,5,5,0,5,35.82349730166,128.547138560897,대구광역시 달서구 송현동(월촌역네거리 부근),대구광역시,달서구,기타,False,0.07142857142857142,0.3571428571428571,0.0
217,1,1,2013,2013,5,5,0,3,35.856967788434,128.57397604486,대구광역시 달서구 두류동(한양빌딩 부근),대구광역시,달서구,기타,False,0.07142857142857142,0.3571428571428571,0.0
3484,1,1,2019,2019,5,5,1,2,37.477487093855,126.913823192388,서울특별시 관악구 신림동(신일자원 부근),서울특별시,관악구,기타,False,0.07142857142857142,0.3571428571428571,0.07142857142857142
3478,1,1,2019,2019,5,5,0,3,37.491840159497,126.924208084037,서울특별시 동작구 신대방동(해태보라매타워 부근),서울특별시,동작구,기타,False,0.07142857142857142,0.3571428571428571,0.0
3822,1,1,2019,2019,3,5,0,3,34.798913050398,126.394949031674,전라남도 목포시 용당동(백련로사거리 부근),전남광주통합특별시,목포시,교차로·사거리,False,0.07142857142857142,0.3571428571428571,0.0
1344,1,1,2015,2015,5,5,1,1,37.44795963513,126.736820472688,인천광역시 남동구 만수동(남동장애인종합복지관 부근),인천광역시,남동구,기타,False,0.07142857142857142,0.3571428571428571,0.07142857142857142
3447,1,1,2019,2019,5,5,1,3,37.617714857855,126.922185560017,서울특별시 은평구 대조동(보스톤탑치과의원 부근),서울특별시,은평구,병원·의원,False,0.07142857142857142,0.3571428571428571,0.07142857142857142
5745,1,1,2025,2025,5,5,0,5,37.595095649328,127.099837528725,서울 중랑구 망우동(우림시장교차로 부근),서울특별시,중랑구,전통시장,False,0.07142857142857142,0.3571428571428571,0.0
5708,1,1,2024,2024,5,5,0,5,35.198877538805,128.075613003944,경남 진주시 상봉동(진주여고사거리 부근),경상남도,진주시,교차로·사거리,False,0.07142857142857142,0.3571428571428571,0.0
2417,1,1,2017,2017,5,5,0,3,35.112427480545,129.011675423683,부산광역시 서구 서대신동2가(김밥천하 부근),부산광역시,서구,기타,False,0.07142857142857142,0.3571428571428571,0.0
2089,1,1,2016,2016,5,5,1,0,36.632241565697,127.492964421772,충청북도 청주시 상당구 서운동((중부매일) 부근),충청북도,청주시 상당구,기타,False,0.07142857142857142,0.3571428571428571,0.07142857142857142
332,1,1,2013,2013,2,5,2,2,37.550714233176,127.214537543974,경기도 하남시 신장동((신풍로입구교차로) 부근),경기도,하남시,교차로·사거리,False,0.07142857142857142,0.3571428571428571,0.14285714285714285
5686,1,1,2024,2024,5,5,2,3,34.979646443783,127.582175417267,전남 광양시 광양읍(파랑새어린이집 부근),전남광주통합특별시,광양시,기타,False,0.07142857142857142,0.3571428571428571,0.14285714285714285
5650,1,1,2024,2024,5,5,0,5,36.628191254357,127.436485182606,충북 청주시 흥덕구 가경동(서부소방서사거리 부근),충청북도,청주시 흥덕구,교차로·사거리,False,0.07142857142857142,0.3571428571428571,0.0
2382,1,1,2017,2017,5,5,0,3,37.482778854062,126.97332164378,서울특별시 동작구 사당동(사당시장 부근),서울특별시,동작구,전통시장,False,0.07142857142857142,0.3571428571428571,0.0
3443,1,1,2019,2019,5,5,0,3,37.657132408435,127.062346835339,서울특별시 노원구 상계동(성광빌딩 부근),서울특별시,노원구,기타,False,0.07142857142857142,0.3571428571428571,0.0
3427,1,1,2019,2019,5,5,0,3,37.620457043659,127.028686268757,서울특별시 강북구 미아동(GS25미아진영점 부근),서울특별시,강북구,기타,False,0.07142857142857142,0.3571428571428571,0.0
1617,1,1,2015,2015,5,5,1,3,35.192499290711,128.084356640548,경상남도 진주시 대안동(중앙광장사거리 부근),경상남도,진주시,교차로·사거리,False,0.07142857142857142,0.3571428571428571,0.07142857142857142
1337,1,1,2015,2015,5,5,0,4,37.459329984092,126.684935098077,인천광역시 남구 주안동(홀인원 부근),인천광역시,남구,기타,False,0.07142857142857142,0.3571428571428571,0.0
3876,1,1,2019,2019,5,5,1,3,35.279039457606,128.688788790671,경상남도 창원시 의창구 동읍(동읍파출소 부근),경상남도,창원시 의창구,기타,False,0.07142857142857142,0.3571428571428571,0.07142857142857142
1381,1,1,2015,2015,5,5,1,3,36.317439931409,127.393843428333,대전광역시 중구 유천동(유천예식장네거리 부근),대전광역시,중구,기타,False,0.07142857142857142,0.3571428571428571,0.07142857142857142
1369,1,1,2015,2015,5,5,1,2,35.205774946957,126.871335550596,광주광역시 북구 양산동(양산우체국앞 부근),전남광주통합특별시,북구,기타,False,0.07142857142857142,0.3571428571428571,0.07142857142857142
3943,1,1,2020,2020,5,5,0,3,37.584315919345,127.088495426923,서울특별시 중랑구 면목동(신한은행면목지점 부근),서울특별시,중랑구,은행,False,0.07142857142857142,0.3571428571428571,0.0
2439,1,1,2017,2017,5,5,0,3,35.144161512245,129.076723530268,부산광역시 남구 문현동(한샘학원 부근),부산광역시,남구,기타,False,0.07142857142857142,0.3571428571428571,0.0
2432,1,1,2017,2017,5,5,0,2,35.201257584871,129.064952807627,부산광역시 동래구 사직동(사직삼거리 부근),부산광역시,동래구,교차로·사거리,False,0.07142857142857142,0.3571428571428571,0.0
2431,1,1,2017,2017,5,5,1,3,35.194334549801,129.096263470884,부산광역시 동래구 낙민동(채소(강죽자) 부근),부산광역시,동래구,기타,False,0.07142857142857142,0.3571428571428571,0.07142857142857142
2427,1,1,2017,2017,4,5,0,4,35.165985161587,129.043909547689,부산광역시 부산진구 부암동(미르아트사인 부근),부산광역시,부산진구,기타,False,0.07142857142857142,0.3571428571428571,0.0
5629,1,1,2024,2024,5,5,0,5,37.52450608433,126.799206183723,경기 부천시 오정구 오정동(원종2동 행정복지센터 부근),경기도,부천시 오정구,주민센터·행정,False,0.07142857142857142,0.3571428571428571,0.0
5624,1,1,2024,2024,5,5,0,5,37.487999578819,126.811616088101,경기 부천시 원미구 역곡동(성약국 부근),경기도,부천시 원미구,약국,False,0.07142857142857142,0.3571428571428571,0.0
364,1,1,2013,2013,4,5,1,4,38.206650176465,127.219097639146,강원도 철원군 동송읍(네네치킨 부근),강원특별자치도,철원군,기타,False,0.07142857142857142,0.3571428571428571,0.07142857142857142
3934,1,1,2020,2020,5,5,0,2,37.566223946579,127.066812023257,서울특별시 동대문구 장안동(장안동우리은행 부근),서울특별시,동대문구,은행,False,0.07142857142857142,0.3571428571428571,0.0
3921,1,1,2020,2020,5,5,2,2,37.566694384639,127.000108755816,서울특별시 중구 을지로5가(중부시장앞 부근),서울특별시,중구,전통시장,False,0.07142857142857142,0.3571428571428571,0.14285714285714285
1608,1,1,2015,2015,5,5,0,3,35.818876456384,128.738436004519,경상북도 경산시 삼북동(성인용품 부근),경상북도,경산시,기타,False,0.07142857142857142,0.3571428571428571,0.0
1602,1,1,2015,2015,5,5,0,4,36.827285972571,128.630455107019,경상북도 영주시 하망동(대안탕 부근),경상북도,영주시,기타,False,0.07142857142857142,0.3571428571428571,0.0
1592,1,1,2015,2015,3,5,1,1,35.804136525781,129.503615562709,경상북도 경주시 감포읍(수진플라워 부근),경상북도,경주시,기타,False,0.07142857142857142,0.3571428571428571,0.07142857142857142
1587,1,1,2015,2015,5,5,0,3,35.976137108342,129.411708250836,경상북도 포항시 남구 오천읍(천일택배정기화물 부근),경상북도,포항시 남구,기타,False,0.07142857142857142,0.3571428571428571,0.0
3425,1,1,2019,2019,5,5,1,2,37.64569415796,127.010724530414,서울특별시 강북구 수유동(이상인한의원 부근),서울특별시,강북구,병원·의원,False,0.07142857142857142,0.3571428571428571,0.07142857142857142
3387,1,1,2018,2018,5,5,0,5,33.252737994264,126.557934306424,제주특별자치도 서귀포시 서귀동(나래어린이집 부근),제주특별자치도,서귀포시,기타,False,0.07142857142857142,0.3571428571428571,0.0
3915,1,1,2019,2019,5,5,2,2,33.279204880202,126.717990706907,제주특별자치도 서귀포시 남원읍(남원약국 부근),제주특별자치도,서귀포시,약국,False,0.07142857142857142,0.3571428571428571,0.14285714285714285
1345,1,1,2015,2015,4,5,1,3,37.468622142799,126.699516466513,인천광역시 남동구 간석동(벽돌막사거리 부근),인천광역시,남동구,교차로·사거리,False,0.07142857142857142,0.3571428571428571,0.07142857142857142
3975,1,1,2020,2020,5,5,0,2,37.665814003914,127.037628564208,서울특별시 도봉구 방학동(방학프라자 부근),서울특별시,도봉구,기타,False,0.07142857142857142,0.3571428571428571,0.0
3970,1,1,2020,2020,4,5,0,3,37.629991109203,127.022348847023,서울특별시 강북구 미아동(지성한의원 부근),서울특별시,강북구,병원·의원,False,0.07142857142857142,0.3571428571428571,0.0
2051,1,1,2016,2016,5,5,0,3,37.293092140291,127.121384955253,경기도 용인시 기흥구 언남동(삼성화재 기흥영업소 부근),경기도,용인시 기흥구,기타,False,0.07142857142857142,0.3571428571428571,0.0
391,1,1,2013,2013,5,5,1,3,36.775940088665,126.463247306119,충청남도 서산시 동문동((삼성디지털프라자앞교차로) 부근),충청남도,서산시,교차로·사거리,False,0.07142857142857142,0.3571428571428571,0.07142857142857142
417,1,1,2013,2013,4,5,0,4,35.982881014648,126.716764339204,전라북도 군산시 중앙로1가(키티의상실 부근),전북특별자치도,군산시,기타,False,0.07142857142857142,0.3571428571428571,0.0
5640,1,1,2024,2024,5,5,0,5,37.537246876966,127.20673911131,경기 하남시 신장동(신장시장 부근),경기도,하남시,전통시장,False,0.07142857142857142,0.3571428571428571,0.0
1660,1,1,2016,2016,5,5,1,3,37.549795790644,126.97754485741,서울특별시 용산구 후암동(후암시장 부근),서울특별시,용산구,전통시장,False,0.07142857142857142,0.3571428571428571,0.07142857142857142
1658,1,1,2016,2016,4,5,0,3,37.562644142114,126.993084404023,서울특별시 중구 충무로3가(호운빌딩 부근),서울특별시,중구,기타,False,0.07142857142857142,0.3571428571428571,0.0
1651,1,1,2016,2016,3,5,1,2,37.575781552777,126.983871261551,서울특별시 종로구 경운동(안국동사거리_율곡로_진출_1 부근),서울특별시,종로구,교차로·사거리,False,0.07142857142857142,0.3571428571428571,0.07142857142857142
1266,1,1,2015,2015,5,5,0,2,35.080787012512,128.969579359301,부산광역시 사하구 장림동(카우보이 부근),부산광역시,사하구,기타,False,0.07142857142857142,0.3571428571428571,0.0
1265,1,1,2015,2015,5,5,1,2,35.095649216739,128.960605053382,부산광역시 사하구 신평동(동해공업사 부근),부산광역시,사하구,기타,False,0.07142857142857142,0.3571428571428571,0.07142857142857142
3989,1,1,2020,2020,5,5,0,4,37.559954362505,126.964478472505,서울특별시 서대문구 충정로3가(충정로역가구상가서소 부근),서울특별시,서대문구,마트·상가,False,0.07142857142857142,0.3571428571428571,0.0
1309,1,1,2015,2015,5,5,1,3,35.888122389638,128.5713911271,대구광역시 북구 노원동2가(대구노원동우체국 부근),대구광역시,북구,기타,False,0.07142857142857142,0.3571428571428571,0.07142857142857142
1298,1,1,2015,2015,5,5,1,2,35.884108197336,128.563986505974,대구광역시 서구 비산동(북비산초등교입구 부근),대구광역시,서구,기타,False,0.07142857142857142,0.3571428571428571,0.07142857142857142
1291,1,1,2015,2015,5,5,0,1,35.877472935429,128.579318408119,대구광역시 중구 달성동(여관 부근),대구광역시,중구,기타,False,0.07142857142857142,0.3571428571428571,0.0
1290,1,1,2015,2015,5,5,0,3,35.860026979862,128.600012393858,대구광역시 중구 대봉동(명신하이텍 부근),대구광역시,중구,기타,False,0.07142857142857142,0.3571428571428571,0.0
1246,1,1,2015,2015,4,5,1,3,35.206110027157,129.078843106425,부산광역시 동래구 온천동(내성지하차도 부근),부산광역시,동래구,기타,False,0.07142857142857142,0.3571428571428571,0.07142857142857142
5513,1,1,2024,2024,5,5,0,5,37.576474703018,127.084920145759,서울 중랑구 면목동(예아랑어린이집 부근),서울특별시,중랑구,기타,False,0.07142857142857142,0.3571428571428571,0.0
5510,1,1,2024,2024,5,5,0,5,37.589802251489,127.09750949958,서울 중랑구 면목동(겸재삼거리 부근),서울특별시,중랑구,교차로·사거리,False,0.07142857142857142,0.3571428571428571,0.0
5498,1,1,2023,2023,5,5,0,5,35.518874534433,127.729784382357,경남 함양군 함양읍 용평리(씨티청과할인마트 부근),경상남도,함양군,마트·상가,False,0.07142857142857142,0.3571428571428571,0.0
2506,1,1,2017,2017,5,5,0,3,35.833085732122,128.53113752178,대구광역시 달서구 본동(월성주공3단지 부근),대구광역시,달서구,기타,False,0.07142857142857142,0.3571428571428571,0.0
5464,1,1,2023,2023,5,5,0,5,35.963178659506,129.414698867672,경북 포항시 남구 오천읍 문덕리(오천읍 행정복지센터 부근),경상북도,포항시 남구,주민센터·행정,False,0.07142857142857142,0.3571428571428571,0.0
5454,1,1,2023,2023,5,5,0,5,34.817463340512,126.396663971497,전남 목포시 용해동(충만한교회 부근),전남광주통합특별시,목포시,기타,False,0.07142857142857142,0.3571428571428571,0.0
5580,1,1,2024,2024,5,5,0,5,35.130330038299,129.091949393894,부산 남구 대연동(유엔교차로 부근),부산광역시,남구,교차로·사거리,False,0.07142857142857142,0.3571428571428571,0.0
4047,1,1,2020,2020,5,5,0,4,37.501599094224,127.108316562161,서울특별시 송파구 석촌동(송파사거리 부근),서울특별시,송파구,교차로·사거리,False,0.07142857142857142,0.3571428571428571,0.0
3322,1,1,2018,2018,5,5,0,3,35.992515832141,129.223023630038,경상북도 경주시 안강읍(CU안강점 부근),경상북도,경주시,기타,False,0.07142857142857142,0.3571428571428571,0.0
3318,1,1,2018,2018,5,5,0,3,36.027200281369,129.351254274266,경상북도 포항시 북구 학잠동(메디팜우호약국 부근),경상북도,포항시 북구,약국,False,0.07142857142857142,0.3571428571428571,0.0
1674,1,1,2016,2016,5,5,1,3,37.56469263226,127.0818211866,서울특별시 광진구 중곡동(광제사약국 부근),서울특별시,광진구,약국,False,0.07142857142857142,0.3571428571428571,0.07142857142857142
4030,1,1,2020,2020,4,5,0,2,37.508070120141,126.939768628021,서울특별시 동작구 노량진동(타코야 부근),서울특별시,동작구,기타,False,0.07142857142857142,0.3571428571428571,0.0
4139,1,1,2020,2020,4,5,0,0,35.884036538456,128.641476206962,대구광역시 동구 효목동(하늘을나는교습소 부근),대구광역시,동구,기타,False,0.07142857142857142,0.3571428571428571,0.0
1666,1,1,2016,2016,5,5,0,4,37.566172753571,127.035759935774,서울특별시 성동구 도선동(홍익동123빌딩 부근),서울특별시,성동구,기타,False,0.07142857142857142,0.3571428571428571,0.0
1661,1,1,2016,2016,5,5,0,4,37.535248516407,126.974204841881,서울특별시 용산구 용산동3가(삼각지역 부근),서울특별시,용산구,기타,False,0.07142857142857142,0.3571428571428571,0.0
484,1,1,2013,2013,5,5,0,4,35.146695872817,128.702653716897,경상남도 창원시 진해구 이동(- 인근),경상남도,창원시 진해구,기타,False,0.07142857142857142,0.3571428571428571,0.0
478,1,1,2013,2013,5,5,1,3,35.114665084627,128.486534322002,경상남도 창원시 마산합포구 진동면(진동삼거리3 부근),경상남도,창원시 마산합포구,교차로·사거리,False,0.07142857142857142,0.3571428571428571,0.07142857142857142
2528,1,1,2017,2017,5,5,1,2,37.487449547859,126.727605554953,인천광역시 부평구 부평동(동소정사거리 부근),인천광역시,부평구,교차로·사거리,False,0.07142857142857142,0.3571428571428571,0.07142857142857142
2518,1,1,2017,2017,5,5,1,1,37.461738739053,126.643369416067,인천광역시 남구 숭의동(숭의로터리 부근),인천광역시,남구,기타,False,0.07142857142857142,0.3571428571428571,0.07142857142857142
5355,1,1,2023,2023,5,5,0,5,35.149991805446,129.114942716791,부산 수영구 광안동(새길교회 부근),부산광역시,수영구,기타,False,0.07142857142857142,0.3571428571428571,0.0
518,1,1,2014,2014,5,5,0,4,37.53841625151,127.049174866428,서울특별시 성동구 행당동(성수여중 부근),서울특별시,성동구,기타,False,0.07142857142857142,0.3571428571428571,0.0
5537,1,1,2024,2024,5,5,0,5,37.520418753093,126.859257850943,서울 양천구 신정동(프라자약국 부근),서울특별시,양천구,약국,False,0.07142857142857142,0.3571428571428571,0.0
5535,1,1,2024,2024,5,5,0,5,37.532836561845,126.832255815543,서울 양천구 신월동(신월1동주민센터 부근),서울특별시,양천구,주민센터·행정,False,0.07142857142857142,0.3571428571428571,0.0
1707,1,1,2016,2016,4,5,1,3,37.629575359816,127.024974508568,서울특별시 강북구 미아동(목화빌라 부근),서울특별시,강북구,기타,False,0.07142857142857142,0.3571428571428571,0.07142857142857142
1689,1,1,2016,2016,5,5,0,3,37.616983055225,127.079444861192,서울특별시 중랑구 묵동(묵동성심의원 부근),서울특별시,중랑구,병원·의원,False,0.07142857142857142,0.3571428571428571,0.0
1214,1,1,2015,2015,4,5,1,1,37.53509395892,127.138897363524,서울특별시 강동구 길동(동우빌딩-국민은행 부근),서울특별시,강동구,은행,False,0.07142857142857142,0.3571428571428571,0.07142857142857142
1191,1,1,2015,2015,5,5,2,2,37.478191651524,126.960561210932,서울특별시 관악구 봉천동(낙성대입구 부근),서울특별시,관악구,기타,False,0.07142857142857142,0.3571428571428571,0.14285714285714285
4192,1,1,2020,2020,5,5,0,2,35.186775296544,126.905224086324,광주광역시 북구 오치동(우치로250 부근),전남광주통합특별시,북구,기타,False,0.07142857142857142,0.3571428571428571,0.0
1716,1,1,2016,2016,4,5,0,4,37.637587387549,127.037936252857,서울특별시 도봉구 창동(남대문약국 부근),서울특별시,도봉구,약국,False,0.07142857142857142,0.3571428571428571,0.0
1713,1,1,2016,2016,3,5,0,2,37.647630266125,127.011626500064,서울특별시 강북구 수유동(4.19탑 부근),서울특별시,강북구,기타,False,0.07142857142857142,0.3571428571428571,0.0
3222,1,1,2018,2018,5,5,1,4,36.614147133285,127.48558255709,충청북도 청주시 서원구 수곡동(청주수곡동우체국 부근),충청북도,청주시 서원구,기타,False,0.07142857142857142,0.3571428571428571,0.07142857142857142
3214,1,1,2018,2018,5,5,1,3,37.550496936286,129.10620778826,강원도 동해시 발한동(묵호지구대 부근),강원특별자치도,동해시,기타,False,0.07142857142857142,0.3571428571428571,0.07142857142857142
4167,1,1,2020,2020,5,5,0,3,37.457484108506,126.654503275707,인천광역시 미추홀구 용현동(독정이삼거리 부근),인천광역시,미추홀구,교차로·사거리,False,0.07142857142857142,0.3571428571428571,0.0
4155,1,1,2020,2020,5,5,0,3,35.815222063948,128.528057924735,대구광역시 달서구 진천동(월배지구대 부근),대구광역시,달서구,기타,False,0.07142857142857142,0.3571428571428571,0.0
1171,1,1,2015,2015,5,5,0,2,37.472638009637,126.902040118458,서울특별시 금천구 가산동(주택 부근),서울특별시,금천구,기타,False,0.07142857142857142,0.3571428571428571,0.0
2547,1,1,2017,2017,5,5,0,2,35.168896162729,126.891643934021,광주광역시 북구 신안동(신문교종점 부근),전남광주통합특별시,북구,기타,False,0.07142857142857142,0.3571428571428571,0.0
5262,1,1,2023,2023,5,5,0,5,37.573143105871,127.030819879066,서울 동대문구 용두동(시립동부병원앞교차로 부근),서울특별시,동대문구,병원·의원,False,0.07142857142857142,0.3571428571428571,0.0
5253,1,1,2022,2022,5,5,1,4,33.495445679076,126.528064789659,제주특별자치도 제주시 도남동(도남오거리 부근),제주특별자치도,제주시,교차로·사거리,False,0.07142857142857142,0.3571428571428571,0.07142857142857142
5249,1,1,2022,2022,5,5,0,5,35.388921623535,128.481895221388,경상남도 창녕군 남지읍(커피마마남지우리집점 부근),경상남도,창녕군,기타,False,0.07142857142857142,0.3571428571428571,0.0
5378,1,1,2023,2023,5,5,0,5,37.259687817374,127.00996276442,경기 수원시 권선구 세류동(금호어울림어린이집 부근),경기도,수원시 권선구,기타,False,0.07142857142857142,0.3571428571428571,0.0
5377,1,1,2023,2023,5,5,1,4,37.292333223631,127.010200810092,경기 수원시 장안구 영화동(애플트리어린이집 부근),경기도,수원시 장안구,기타,False,0.07142857142857142,0.3571428571428571,0.07142857142857142
1165,1,1,2015,2015,4,5,2,3,37.50987228328,126.890963968314,서울특별시 구로구 신도림동(신도림역 부근),서울특별시,구로구,기타,False,0.07142857142857142,0.3571428571428571,0.14285714285714285
1205,1,1,2015,2015,4,5,1,3,37.511010831286,127.043638661496,서울특별시 강남구 삼성동(삼릉공원 부근),서울특별시,강남구,기타,False,0.07142857142857142,0.3571428571428571,0.07142857142857142
1200,1,1,2015,2015,4,5,0,1,37.482205910375,126.914228952106,서울특별시 관악구 신림동(양지빌딩 부근),서울특별시,관악구,기타,False,0.07142857142857142,0.3571428571428571,0.0
4246,1,1,2020,2020,4,5,0,3,37.492990223321,126.766891889051,경기도 부천시 중동(정말문예사거리 부근),경기도,부천시,교차로·사거리,False,0.07142857142857142,0.3571428571428571,0.0
4234,1,1,2020,2020,4,5,0,2,37.747018502103,127.042403392304,경기도 의정부시 가능동(푸른내과앞 부근),경기도,의정부시,기타,False,0.07142857142857142,0.3571428571428571,0.0
4226,1,1,2020,2020,5,5,0,2,37.43633891491,127.142421937923,경기도 성남시 중원구 성남동(성일중고앞사거리 부근),경기도,성남시 중원구,교차로·사거리,False,0.07142857142857142,0.3571428571428571,0.0
1174,1,1,2015,2015,5,5,1,3,37.520285689734,126.893450228646,서울특별시 영등포구 당산동2가(교보생명 부근),서울특별시,영등포구,기타,False,0.07142857142857142,0.3571428571428571,0.07142857142857142
1172,1,1,2015,2015,4,5,0,5,37.466770541228,126.896587624221,서울특별시 금천구 독산동(말미사거리 부근),서울특별시,금천구,교차로·사거리,False,0.07142857142857142,0.3571428571428571,0.0
1149,1,1,2015,2015,5,5,0,2,37.556704495017,126.921881442576,서울특별시 마포구 동교동(서교빌딩 부근),서울특별시,마포구,기타,False,0.07142857142857142,0.3571428571428571,0.0
1143,1,1,2015,2015,5,5,0,3,37.581554961094,126.950912976454,서울특별시 서대문구 홍제동(무악재역A 부근),서울특별시,서대문구,기타,False,0.07142857142857142,0.3571428571428571,0.0
2587,1,1,2017,2017,4,5,1,0,37.293137558752,127.024097005873,경기도 수원시 장안구 연무동(도매유통 부근),경기도,수원시 장안구,기타,False,0.07142857142857142,0.3571428571428571,0.07142857142857142
2582,1,1,2017,2017,5,5,0,4,35.497656233849,129.425293682159,울산광역시 동구 화정동(PIZZAPEOPLE 부근),울산광역시,동구,기타,False,0.07142857142857142,0.3571428571428571,0.0
2578,1,1,2017,2017,5,5,0,5,35.543740270798,129.335636279792,울산광역시 남구 삼산동(포셀리베스 화장품 부근),울산광역시,남구,기타,False,0.07142857142857142,0.3571428571428571,0.0
2574,1,1,2017,2017,5,5,0,3,35.555976135391,129.324818570522,울산광역시 중구 옥교동(안국한의원앞사거리 부근),울산광역시,중구,병원·의원,False,0.07142857142857142,0.3571428571428571,0.0
2573,1,1,2017,2017,5,5,0,4,35.554312788006,129.317139264067,울산광역시 중구 교동(전정희헤어드릴 부근),울산광역시,중구,기타,False,0.07142857142857142,0.3571428571428571,0.0
565,1,1,2014,2014,4,5,1,3,37.647197801938,127.063088021496,서울특별시 노원구 중계동(당현교 부근),서울특별시,노원구,기타,False,0.07142857142857142,0.3571428571428571,0.07142857142857142
5234,1,1,2022,2022,5,5,0,5,35.179506167277,128.103992219566,경상남도 진주시 상대동(상대동3321 부근),경상남도,진주시,기타,False,0.07142857142857142,0.3571428571428571,0.0
1747,1,1,2016,2016,5,5,0,3,37.516523965909,126.861510502209,서울특별시 양천구 신정동(목동9-10단지 부근),서울특별시,양천구,기타,False,0.07142857142857142,0.3571428571428571,0.0
3143,1,1,2018,2018,5,5,0,2,37.493523733534,126.784816629285,경기도 부천시 원미동(북교사거리 부근),경기도,부천시,교차로·사거리,False,0.07142857142857142,0.3571428571428571,0.0
1131,1,1,2015,2015,5,5,0,2,37.614681492258,127.065339501218,서울특별시 노원구 월계동(석계역서 부근),서울특별시,노원구,기타,False,0.07142857142857142,0.3571428571428571,0.0
1119,1,1,2015,2015,5,5,0,3,37.639169959627,127.022389998201,서울특별시 강북구 수유동(한성빌딩 부근),서울특별시,강북구,기타,False,0.07142857142857142,0.3571428571428571,0.0
4257,1,1,2020,2020,4,5,0,3,37.001872333542,127.076635742447,경기도 평택시 신대동(평택로189 부근),경기도,평택시,기타,False,0.07142857142857142,0.3571428571428571,0.0
3121,1,1,2018,2018,5,5,0,3,37.447589582095,127.138888766904,경기도 성남시 수정구 태평동(태평2동행정복지센터 부근),경기도,성남시 수정구,주민센터·행정,False,0.07142857142857142,0.3571428571428571,0.0
606,1,1,2014,2014,5,5,0,2,37.452250261042,126.901481693426,서울특별시 금천구 시흥동(교촌빌딩 부근),서울특별시,금천구,기타,False,0.07142857142857142,0.3571428571428571,0.0
2627,1,1,2017,2017,5,5,0,5,36.99457059216,127.088758341925,경기도 평택시 평택동(평택경찰서오거리 부근),경기도,평택시,교차로·사거리,False,0.07142857142857142,0.3571428571428571,0.0
2613,1,1,2017,2017,5,5,1,0,37.373513078067,126.957549536983,경기도 안양시 동안구 호계동(한양건축설비 부근),경기도,안양시 동안구,기타,False,0.07142857142857142,0.3571428571428571,0.07142857142857142
2603,1,1,2017,2017,5,5,0,3,37.430244480999,127.136959242676,경기도 성남시 중원구 성남동(중원구청사거리 부근),경기도,성남시 중원구,주민센터·행정,False,0.07142857142857142,0.3571428571428571,0.0
2602,1,1,2017,2017,5,5,1,3,37.435659570634,127.140246022837,경기도 성남시 중원구 성남동(성일중고앞사거리 부근),경기도,성남시 중원구,교차로·사거리,False,0.07142857142857142,0.3571428571428571,0.07142857142857142
2599,1,1,2017,2017,4,5,0,3,37.437810305602,127.133227211767,경기도 성남시 수정구 수진동(수진동현대아파트B 부근),경기도,성남시 수정구,기타,False,0.07142857142857142,0.3571428571428571,0.0
3105,1,1,2018,2018,4,5,0,3,35.535139234789,129.314060435042,울산광역시 남구 달동(달동주민센터앞교차로 부근),울산광역시,남구,주민센터·행정,False,0.07142857142857142,0.3571428571428571,0.0
3103,1,1,2018,2018,5,5,0,5,35.557739294034,129.32665071436,울산광역시 중구 학산동(삼성서비스센터앞교차로 부근),울산광역시,중구,교차로·사거리,False,0.07142857142857142,0.3571428571428571,0.0
1791,1,1,2016,2016,5,5,0,1,37.507699584169,127.023858354581,서울특별시 강남구 논현동(청하빌딩 부근),서울특별시,강남구,기타,False,0.07142857142857142,0.3571428571428571,0.0
1777,1,1,2016,2016,5,5,0,5,37.482564321687,126.947615792036,서울특별시 관악구 봉천동(현대시장입구 부근),서울특별시,관악구,전통시장,False,0.07142857142857142,0.3571428571428571,0.0
4279,1,1,2020,2020,5,5,1,2,37.147117949435,127.068400640578,경기도 오산시 오산동(어린이보호구역 부근),경기도,오산시,기타,False,0.07142857142857142,0.3571428571428571,0.07142857142857142
1068,1,1,2015,2015,5,5,0,3,37.565924743033,126.983242487052,서울특별시 중구 을지로2가(을지로1가_을지로_진입_1 부근),서울특별시,중구,기타,False,0.07142857142857142,0.3571428571428571,0.0
1762,1,1,2016,2016,4,5,0,2,37.493317876919,126.832614906254,서울특별시 구로구 궁동(수궁동사무소입구삼거리 부근),서울특별시,구로구,교차로·사거리,False,0.07142857142857142,0.3571428571428571,0.0
3093,1,1,2018,2018,5,5,0,3,36.317604497451,127.426081179304,대전광역시 중구 대사동(보문산공원오거리 부근),대전광역시,중구,교차로·사거리,False,0.07142857142857142,0.3571428571428571,0.0
3084,1,1,2018,2018,5,5,0,4,35.175322540903,126.932902238549,광주광역시 북구 두암동(에덴스튜디오 부근),전남광주통합특별시,북구,기타,False,0.07142857142857142,0.3571428571428571,0.0
4312,1,1,2020,2020,4,5,0,3,37.883194224934,127.748850412118,강원도 춘천시 후평동(무랑루주 부근),강원특별자치도,춘천시,기타,False,0.07142857142857142,0.3571428571428571,0.0
4309,1,1,2020,2020,4,5,0,3,37.828263629864,127.146164391075,경기도 포천시 소흘읍(소흘읍송우리1191 부근),경기도,포천시,기타,False,0.07142857142857142,0.3571428571428571,0.0
1090,1,1,2015,2015,4,5,2,2,37.562650229625,127.06701826748,서울특별시 동대문구 장안동(장한평역_장한로_진입_1 부근),서울특별시,동대문구,기타,False,0.07142857142857142,0.3571428571428571,0.14285714285714285
4420,1,1,2020,2020,5,5,0,2,36.130318027456,128.329050236181,경상북도 구미시 원평동(CGV앞 부근),경상북도,구미시,기타,False,0.07142857142857142,0.3571428571428571,0.0
2656,1,1,2017,2017,5,5,0,3,37.23634289391,127.20873305149,경기도 용인시 처인구 김량장동(용인사거리 부근),경기도,용인시 처인구,교차로·사거리,False,0.07142857142857142,0.3571428571428571,0.0
2638,1,1,2017,2017,3,5,2,2,37.648125726022,126.780856199355,경기도 고양시 일산동구 백석동(이마트사거리 부근),경기도,고양시 일산동구,마트·상가,False,0.07142857142857142,0.3571428571428571,0.14285714285714285
597,1,1,2014,2014,5,5,0,2,37.532418324747,126.846349839075,서울특별시 강서구 화곡동(형제빌딩 부근),서울특별시,강서구,기타,False,0.07142857142857142,0.3571428571428571,0.0
5137,1,1,2022,2022,5,5,0,5,37.071175746964,127.064365369967,경기도 평택시 서정동(경기도립도서관사거리 부근),경기도,평택시,교차로·사거리,False,0.07142857142857142,0.3571428571428571,0.0
5133,1,1,2022,2022,5,5,0,5,37.485023578976,126.789376822483,경기도 부천시 심곡동(소명사거리 부근),경기도,부천시,교차로·사거리,False,0.07142857142857142,0.3571428571428571,0.0
5112,1,1,2022,2022,5,5,0,5,36.332551895355,127.425513424706,대전광역시 동구 중동(선화교 부근),대전광역시,동구,기타,False,0.07142857142857142,0.3571428571428571,0.0
5111,1,1,2022,2022,5,5,0,5,36.346979789087,127.430848997185,대전광역시 동구 홍도동(그리심중앙교회 부근),대전광역시,동구,기타,False,0.07142857142857142,0.3571428571428571,0.0
5107,1,1,2022,2022,5,5,0,5,35.153219260861,126.904655950413,광주광역시 서구 양동(태평교 부근),전남광주통합특별시,서구,기타,False,0.07142857142857142,0.3571428571428571,0.0
644,1,1,2014,2014,4,5,0,5,35.111398496045,129.034463432243,부산광역시 중구 영주동(부산터널삼거리 부근),부산광역시,중구,교차로·사거리,False,0.07142857142857142,0.3571428571428571,0.0
5229,1,1,2022,2022,5,5,3,2,35.262410936317,128.618002686576,경상남도 창원시 의창구 서상동(의창주유소 부근),경상남도,창원시 의창구,기타,False,0.07142857142857142,0.3571428571428571,0.21428571428571427
5159,1,1,2022,2022,5,5,0,5,37.882079467594,127.731697891845,강원도 춘천시 옥천동(갤러리아 부근),강원특별자치도,춘천시,기타,False,0.07142857142857142,0.3571428571428571,0.0
2670,1,1,2017,2017,5,5,0,4,37.844223167066,127.063853862567,경기도 양주시 덕정동((덕정휴게소앞) 부근),경기도,양주시,기타,False,0.07142857142857142,0.3571428571428571,0.0
5071,1,1,2022,2022,5,5,0,5,35.152831190808,129.025547681182,부산광역시 부산진구 개금동(개금동1632 부근),부산광역시,부산진구,기타,False,0.07142857142857142,0.3571428571428571,0.0
667,1,1,2014,2014,4,5,0,2,35.173591606768,129.04934613112,부산광역시 부산진구 초읍동(동가홍상 부근),부산광역시,부산진구,기타,False,0.07142857142857142,0.3571428571428571,0.0
666,1,1,2014,2014,5,5,0,4,35.162104528502,129.038044956211,부산광역시 부산진구 당감동(경비실 부근),부산광역시,부산진구,기타,False,0.07142857142857142,0.3571428571428571,0.0
716,1,1,2014,2014,5,5,0,4,35.873748617106,128.570988005993,대구광역시 서구 비산동(비산네거리 부근),대구광역시,서구,기타,False,0.07142857142857142,0.3571428571428571,0.0
2662,1,1,2017,2017,5,5,0,5,37.007370186886,127.270263717997,경기도 안성시 서인동(ROEM GIRLS안성점 부근),경기도,안성시,기타,False,0.07142857142857142,0.3571428571428571,0.0
1808,1,1,2016,2016,5,5,0,4,35.089319262075,129.038689324054,부산광역시 영도구 남항동1가(남항사거리 부근),부산광역시,영도구,교차로·사거리,False,0.07142857142857142,0.3571428571428571,0.0
4402,1,1,2020,2020,3,5,0,3,34.987344458081,126.478026908516,전라남도 무안군 무안읍(무안로502 부근),전남광주통합특별시,무안군,기타,False,0.07142857142857142,0.3571428571428571,0.0
4361,1,1,2020,2020,5,5,0,2,35.822076622839,127.151194342446,전라북도 전주시 완산구 중노송동(기린대로163 부근),전북특별자치도,전주시 완산구,기타,False,0.07142857142857142,0.3571428571428571,0.0
4442,1,1,2020,2020,5,5,1,2,35.229546468496,128.575659647676,경상남도 창원시 마산회원구 석전동(삼호천길94 부근),경상남도,창원시 마산회원구,기타,False,0.07142857142857142,0.3571428571428571,0.07142857142857142
1053,1,1,2014,2014,5,5,0,4,33.501503819047,126.528618614658,제주특별자치도 제주시 이도일동(광양사거리 부근),제주특별자치도,제주시,교차로·사거리,False,0.07142857142857142,0.3571428571428571,0.0
1049,1,1,2014,2014,5,5,0,3,35.520561533789,127.727970509533,경상남도 함양군 함양읍(연암정보(컴마을) 부근),경상남도,함양군,기타,False,0.07142857142857142,0.3571428571428571,0.0
1047,1,1,2014,2014,4,5,1,2,35.542804535202,128.493602570603,경상남도 창녕군 창녕읍(제일다방 부근),경상남도,창녕군,기타,False,0.07142857142857142,0.3571428571428571,0.07142857142857142
1039,1,1,2014,2014,5,5,0,3,35.488382700102,128.754399080554,경상남도 밀양시 삼문동(어린이보호 부근),경상남도,밀양시,기타,False,0.07142857142857142,0.3571428571428571,0.0
1802,1,1,2016,2016,3,5,2,3,35.114583945094,129.01906716382,부산광역시 서구 동대신동2가(바다낚시공방 부근),부산광역시,서구,기타,False,0.07142857142857142,0.3571428571428571,0.14285714285714285
3032,1,1,2018,2018,5,5,0,3,35.874341947524,128.615754892276,대구광역시 동구 신천동(신천역 부근),대구광역시,동구,기타,False,0.07142857142857142,0.3571428571428571,0.0
1016,1,1,2014,2014,5,5,0,5,35.204970399066,128.56554191313,경상남도 창원시 마산합포구 자산동((대한유리앞교차로) 부근),경상남도,창원시 마산합포구,교차로·사거리,False,0.07142857142857142,0.3571428571428571,0.0
1991,1,1,2016,2016,4,5,0,4,37.357981961699,127.119201863576,경기도 성남시 분당구 정자동(불정사거리 부근),경기도,성남시 분당구,교차로·사거리,False,0.07142857142857142,0.3571428571428571,0.0
5029,1,1,2022,2022,5,5,0,5,37.525624187707,126.859384540865,서울특별시 양천구 신정동(영등포여상사거리 부근),서울특별시,양천구,교차로·사거리,False,0.07142857142857142,0.3571428571428571,0.0
5025,1,1,2022,2022,5,5,0,5,37.569222007491,126.962284312872,서울특별시 서대문구 천연동(감리교신학대학교 부근),서울특별시,서대문구,학교,False,0.07142857142857142,0.3571428571428571,0.0
5019,1,1,2022,2022,5,5,0,5,37.620938958867,126.91998493156,서울특별시 은평구 갈현동(연신내역 부근),서울특별시,은평구,기타,False,0.07142857142857142,0.3571428571428571,0.0
5010,1,1,2022,2022,5,5,0,5,37.644692806029,127.032472902004,서울특별시 도봉구 쌍문동(성북택시 부근),서울특별시,도봉구,기타,False,0.07142857142857142,0.3571428571428571,0.0
731,1,1,2014,2014,4,5,0,4,35.856235239366,128.624807829519,대구광역시 수성구 범어동(삼천궁한정식 부근),대구광역시,수성구,기타,False,0.07142857142857142,0.3571428571428571,0.0
640,1,1,2014,2014,5,5,0,2,37.530061943605,127.132336078049,서울특별시 강동구 성내동(성내중고 부근),서울특별시,강동구,기타,False,0.07142857142857142,0.3571428571428571,0.0
1856,1,1,2016,2016,5,5,0,3,35.881236158423,128.615179532111,대구광역시 동구 신암동(공고네거리 부근),대구광역시,동구,기타,False,0.07142857142857142,0.3571428571428571,0.0
1853,1,1,2016,2016,4,5,2,2,35.875219512272,128.594907718717,대구광역시 중구 달성동(대구역네거리 부근),대구광역시,중구,기타,False,0.07142857142857142,0.3571428571428571,0.14285714285714285
4476,1,1,2020,2020,3,5,0,2,33.505919018149,126.508640934433,제주특별자치도 제주시 용담이동(용문로100 부근),제주특별자치도,제주시,기타,False,0.07142857142857142,0.3571428571428571,0.0
4455,1,1,2020,2020,5,5,0,3,34.934467672646,128.077256877904,경상남도 사천시 선구동(중앙로81 부근),경상남도,사천시,기타,False,0.07142857142857142,0.3571428571428571,0.0
4445,1,1,2020,2020,5,5,0,4,35.14559895353,128.66555432987,경상남도 창원시 진해구 태평동(태평로57 부근),경상남도,창원시 진해구,기타,False,0.07142857142857142,0.3571428571428571,0.0
4566,1,1,2021,2021,4,5,0,3,37.476225982644,126.977406284474,서울특별시 관악구 남현동(꼬마숲어린이집 부근),서울특별시,관악구,기타,False,0.07142857142857142,0.3571428571428571,0.0
2994,1,1,2018,2018,4,5,0,1,35.163841197614,129.024798092659,부산광역시 부산진구 개금동(보현어린이집 부근),부산광역시,부산진구,기타,False,0.07142857142857142,0.3571428571428571,0.0
2986,1,1,2018,2018,5,5,0,2,35.092458074082,129.049755893721,부산광역시 영도구 봉래동5가(영도중앙유치원 부근),부산광역시,영도구,기타,False,0.07142857142857142,0.3571428571428571,0.0
2972,1,1,2018,2018,3,5,0,1,37.514455180763,127.103103730954,서울특별시 송파구 신천(잠실역8호선 부근),서울특별시,송파구,기타,False,0.07142857142857142,0.3571428571428571,0.0
4989,1,1,2022,2022,5,5,1,4,37.551737475505,126.962636379466,서울특별시 중구 만리동2가(만리시장 부근),서울특별시,중구,전통시장,False,0.07142857142857142,0.3571428571428571,0.07142857142857142
4964,1,1,2021,2021,4,5,1,2,34.929382452539,128.072447447493,경상남도 사천시 선구동(선구동주민센터 부근),경상남도,사천시,주민센터·행정,False,0.07142857142857142,0.3571428571428571,0.07142857142857142
766,1,1,2014,2014,4,5,0,1,35.15412497349,126.909575319347,광주광역시 북구 북동(플라워한국 부근),전남광주통합특별시,북구,기타,False,0.07142857142857142,0.3571428571428571,0.0
2696,1,1,2017,2017,4,5,1,2,36.612922119062,127.510936532896,충청북도 청주시 상당구 용암동(태산아파트앞 부근),충청북도,청주시 상당구,기타,False,0.07142857142857142,0.3571428571428571,0.07142857142857142
2692,1,1,2017,2017,5,5,0,3,37.444009202064,129.165703666692,강원도 삼척시 남양동(중앙로사거리 부근),강원특별자치도,삼척시,교차로·사거리,False,0.07142857142857142,0.3571428571428571,0.0
988,1,1,2014,2014,5,5,0,3,35.853002065994,129.218061327469,경상북도 경주시 성동동(보디가드 부근),경상북도,경주시,기타,False,0.07142857142857142,0.3571428571428571,0.0
981,1,1,2014,2014,4,5,0,4,36.013031367205,129.350287068694,경상북도 포항시 남구 상도동((포항시외버스터미널동측교차로) 부근),경상북도,포항시 남구,역·터미널,False,0.07142857142857142,0.3571428571428571,0.0
2967,1,1,2018,2018,5,5,0,5,37.501952490916,127.085902845141,서울특별시 송파구 삼전동(시온정비센터 부근),서울특별시,송파구,기타,False,0.07142857142857142,0.3571428571428571,0.0
2953,1,1,2018,2018,3,5,0,2,37.505373087499,126.922577340673,서울특별시 동작구 대방동(롯데하이마트대방점 부근),서울특별시,동작구,마트·상가,False,0.07142857142857142,0.3571428571428571,0.0
1877,1,1,2016,2016,4,5,0,4,35.897642637099,128.61501832054,대구광역시 북구 산격동(복현오거리 부근),대구광역시,북구,교차로·사거리,False,0.07142857142857142,0.3571428571428571,0.0
1883,1,1,2016,2016,5,5,0,4,35.854547858498,128.613690781805,대구광역시 수성구 수성동1가(동성학교네거리 부근),대구광역시,수성구,학교,False,0.07142857142857142,0.3571428571428571,0.0
4608,1,1,2021,2021,3,5,0,0,35.217823863182,129.082135193485,부산광역시 동래구 온천동(온천동1822 부근),부산광역시,동래구,기타,False,0.07142857142857142,0.3571428571428571,0.0
950,1,1,2014,2014,4,5,0,3,34.798999335852,126.396806570568,전라남도 목포시 산정동((동명로백년로) 부근),전남광주통합특별시,목포시,기타,False,0.07142857142857142,0.3571428571428571,0.0
948,1,1,2014,2014,5,5,0,4,34.806407040753,126.403012068953,전라남도 목포시 용당동(MBC앞 부근),전남광주통합특별시,목포시,기타,False,0.07142857142857142,0.3571428571428571,0.0
933,1,1,2014,2014,5,5,1,2,35.963177597969,126.693298316465,전라북도 군산시 나운동(프로월드컴상설할인매장 부근),전북특별자치도,군산시,기타,False,0.07142857142857142,0.3571428571428571,0.07142857142857142
4680,1,1,2021,2021,4,5,0,4,37.506394666082,126.670364032275,인천광역시 서구 석남동(석남1고가교입구교차로 부근),인천광역시,서구,교차로·사거리,False,0.07142857142857142,0.3571428571428571,0.0
1967,1,1,2016,2016,5,5,0,5,35.539558354935,129.312425285,울산광역시 남구 신정동(구암문구 부근),울산광역시,남구,기타,False,0.07142857142857142,0.3571428571428571,0.0
4920,1,1,2021,2021,3,5,0,2,36.125906368985,128.11051513097,경상북도 김천시 평화동(평화동24573 부근),경상북도,김천시,기타,False,0.07142857142857142,0.3571428571428571,0.0
1954,1,1,2016,2016,5,5,0,2,36.313021823899,127.434967217664,대전광역시 중구 부사동(보문오거리 부근),대전광역시,중구,교차로·사거리,False,0.07142857142857142,0.3571428571428571,0.0
2922,1,1,2018,2018,5,5,0,3,37.555911935988,126.899125128823,서울특별시 마포구 망원동(한강공원입구교차로 부근),서울특별시,마포구,교차로·사거리,False,0.07142857142857142,0.3571428571428571,0.0
2921,1,1,2018,2018,5,5,1,1,37.552672234437,126.918148262333,서울특별시 마포구 서교동(서교동사거리 부근),서울특별시,마포구,교차로·사거리,False,0.07142857142857142,0.3571428571428571,0.07142857142857142
2910,1,1,2018,2018,3,5,0,2,37.598648900427,126.920935061705,서울특별시 은평구 응암동(드림캐시아주상복합 부근),서울특별시,은평구,기타,False,0.07142857142857142,0.3571428571428571,0.0
2893,1,1,2018,2018,5,5,0,2,37.621256429442,127.020532171524,서울특별시 강북구 미아동(삼양사거리역 부근),서울특별시,강북구,교차로·사거리,False,0.07142857142857142,0.3571428571428571,0.0
4645,1,1,2021,2021,5,5,0,3,35.881095572803,128.665948714063,대구광역시 동구 방촌동(방촌동11391 부근),대구광역시,동구,기타,False,0.07142857142857142,0.3571428571428571,0.0
4634,1,1,2021,2021,5,5,0,4,35.159310669453,128.982653726589,부산광역시 사상구 괘법동(감전2동사거리 부근),부산광역시,사상구,교차로·사거리,False,0.07142857142857142,0.3571428571428571,0.0
881,1,1,2014,2014,5,5,0,2,37.753388405551,128.893446284719,강원도 강릉시 임당동((강릉우체국앞교차로) 부근),강원특별자치도,강릉시,교차로·사거리,False,0.07142857142857142,0.3571428571428571,0.0
2855,1,1,2018,2018,4,5,0,2,37.559499487213,127.04198180182,서울특별시 성동구 사근동(한양대후문약국 부근),서울특별시,성동구,약국,False,0.07142857142857142,0.3571428571428571,0.0
2848,1,1,2018,2018,3,5,0,1,37.561053423078,126.978017023968,서울특별시 중구 북창동(소니서비스센터남대문점 부근),서울특별시,중구,기타,False,0.07142857142857142,0.3571428571428571,0.0
2846,1,1,2018,2018,4,5,0,3,37.556023408754,126.976492750441,서울특별시 중구 남대문로5가(도동삼거리 부근),서울특별시,중구,교차로·사거리,False,0.07142857142857142,0.3571428571428571,0.0
4736,1,1,2021,2021,5,5,0,1,37.737640116399,127.053261321954,경기도 의정부시 의정부동(신곡교 부근),경기도,의정부시,기타,False,0.07142857142857142,0.3571428571428571,0.0
2822,1,1,2017,2017,5,5,0,3,34.938731782047,128.079620095692,경상남도 사천시 벌리동(대상벌리점 부근),경상남도,사천시,기타,False,0.07142857142857142,0.3571428571428571,0.0
810,1,1,2014,2014,5,5,0,4,37.740266045043,127.043105501119,경기도 의정부시 의정부동(강북구보건서사거리 부근),경기도,의정부시,교차로·사거리,False,0.07142857142857142,0.3571428571428571,0.0
4774,1,1,2021,2021,5,5,0,3,37.587668386888,127.216752787312,경기도 남양주시 와부읍(수레로42 부근),경기도,남양주시,기타,False,0.07142857142857142,0.3571428571428571,0.0
869,1,1,2014,2014,5,5,0,1,37.880938408682,127.726878965493,강원도 춘천시 옥천동(중앙로타리 부근),강원특별자치도,춘천시,기타,False,0.07142857142857142,0.3571428571428571,0.0
775,1,1,2014,2014,5,5,1,2,36.322245250119,127.46061225905,대전광역시 동구 판암동(김태명소아과 부근),대전광역시,동구,기타,False,0.07142857142857142,0.3571428571428571,0.07142857142857142
1938,1,1,2016,2016,5,5,0,4,35.174677237765,126.912693961358,광주광역시 북구 중흥동(LG텔레콤 부근),전남광주통합특별시,북구,기타,False,0.07142857142857142,0.3571428571428571,0.0
2772,1,1,2017,2017,5,5,0,3,34.988154810197,127.701490458419,전라남도 광양시 옥곡면(우체국삼거리 부근),전남광주통합특별시,광양시,교차로·사거리,False,0.07142857142857142,0.3571428571428571,0.0
4863,1,1,2021,2021,4,5,0,2,36.704200214869,126.667536658191,충청남도 예산군 덕산면(읍내사거리 부근),충청남도,예산군,교차로·사거리,False,0.07142857142857142,0.3571428571428571,0.0
13,1,1,2013,2013,5,5,0,4,37.545508664894,127.087249704911,서울특별시 광진구 구의동(구의사거리 부근),서울특별시,광진구,교차로·사거리,False,0.07142857142857142,0.3571428571428571,0.0
6095,1,1,2026,2026,5,5,1,4,35.103447912893,128.966157234104,부산 사하구 하단동(오거리밀면전문점 부근),부산광역시,사하구,교차로·사거리,False,0.07142857142857142,0.3571428571428571,0.07142857142857142
6080,1,1,2026,2026,5,5,0,5,35.174608720709,129.064844228723,부산 부산진구 양정동(하마정약국 부근),부산광역시,부산진구,약국,False,0.07142857142857142,0.3571428571428571,0.0
123,1,1,2013,2013,5,5,0,4,37.50414762991,127.090868896983,서울특별시 송파구 삼전동(송파구민회관 부근),서울특별시,송파구,기타,False,0.07142857142857142,0.3571428571428571,0.0
115,1,1,2013,2013,5,5,0,4,37.494165174084,127.01408431574,서울특별시 서초구 서초동(도일빌딩 부근),서울특별시,서초구,기타,False,0.07142857142857142,0.3571428571428571,0.0
2212,1,1,2016,2016,5,5,0,4,35.18053677955,128.562101111478,경상남도 창원시 마산합포구 해운동((대동씨코아아파트앞교차로) 부근),경상남도,창원시 마산합포구,교차로·사거리,False,0.07142857142857142,0.3571428571428571,0.0
3619,1,1,2019,2019,5,5,2,2,35.134187878769,126.901301951325,광주광역시 남구 주월동(백운교차로 부근),전남광주통합특별시,남구,교차로·사거리,False,0.07142857142857142,0.3571428571428571,0.14285714285714285
3610,1,1,2019,2019,4,5,0,4,35.161741798646,126.935212614871,광주광역시 동구 산수동(뚜레쥬르 두암타운점 부근),전남광주통합특별시,동구,기타,False,0.07142857142857142,0.3571428571428571,0.0
3609,1,1,2019,2019,5,5,0,2,35.153994537619,126.919862902552,광주광역시 동구 계림동(계림오거리 부근),전남광주통합특별시,동구,교차로·사거리,False,0.07142857142857142,0.3571428571428571,0.0
3649,1,1,2019,2019,5,5,0,4,37.307221091281,126.992479564082,경기도 수원시 장안구 파장동(북수원종합시장 부근),경기도,수원시 장안구,전통시장,False,0.07142857142857142,0.3571428571428571,0.0
58,1,1,2013,2013,4,5,0,1,37.59618479939,126.908805923256,서울특별시 은평구 신사동(신사사거리 부근),서울특별시,은평구,교차로·사거리,False,0.07142857142857142,0.3571428571428571,0.0
60,1,1,2013,2013,4,5,0,2,37.625429426728,126.920139952198,서울특별시 은평구 불광동(지현한방병원 부근),서울특별시,은평구,병원·의원,False,0.07142857142857142,0.3571428571428571,0.0
70,1,1,2013,2013,4,4,0,4,37.550318554858,126.93243037956,서울특별시 마포구 신수동(우마카서비스 부근),서울특별시,마포구,기타,False,0.07142857142857142,0.2857142857142857,0.0
52,1,1,2013,2013,4,4,0,4,37.625506559781,127.051340554424,서울특별시 노원구 월계동(월계초교앞 부근),서울특별시,노원구,학교,False,0.07142857142857142,0.2857142857142857,0.0
57,1,1,2013,2013,4,4,0,0,37.601633463415,126.928536601984,서울특별시 은평구 녹번동(선학수련원 부근),서울특별시,은평구,기타,False,0.07142857142857142,0.2857142857142857,0.0
38,1,1,2013,2013,4,4,0,2,37.646189493751,127.015116769824,서울특별시 강북구 수유동((주)월드패션투어 부근),서울특별시,강북구,기타,False,0.07142857142857142,0.2857142857142857,0.0
1475,1,1,2015,2015,3,4,0,3,37.688915750862,127.210418023074,경기도 남양주시 오남읍(진주아파트 부근),경기도,남양주시,기타,False,0.07142857142857142,0.2857142857142857,0.0
3644,1,1,2019,2019,3,4,1,1,35.539881948094,129.30978759862,울산광역시 남구 신정동(운포아파트 부근),울산광역시,남구,기타,False,0.07142857142857142,0.2857142857142857,0.07142857142857142
3650,1,1,2019,2019,4,4,0,4,37.292060056727,127.006609495333,경기도 수원시 장안구 정자동(수원상공회의소입구 부근),경기도,수원시 장안구,기타,False,0.07142857142857142,0.2857142857142857,0.0
3611,1,1,2019,2019,4,4,0,3,35.150854681499,126.931053893423,광주광역시 동구 지산동(지산사거리 부근),전남광주통합특별시,동구,교차로·사거리,False,0.07142857142857142,0.2857142857142857,0.0
3616,1,1,2019,2019,4,4,0,3,35.135403246863,126.859123017115,광주광역시 서구 금호동(금호지구대 부근),전남광주통합특별시,서구,기타,False,0.07142857142857142,0.2857142857142857,0.0
3620,1,1,2019,2019,4,4,1,3,35.148588862087,126.904191690695,광주광역시 남구 월산동(월산사거리 부근),전남광주통합특별시,남구,교차로·사거리,False,0.07142857142857142,0.2857142857142857,0.07142857142857142
1469,1,1,2015,2015,3,4,0,4,37.600591085311,127.13103983752,경기도 구리시 교문동(교문4거리 부근),경기도,구리시,기타,False,0.07142857142857142,0.2857142857142857,0.0
101,1,1,2013,2013,4,4,1,2,37.501951186899,126.934426442827,서울특별시 동작구 상도동(동광교회 부근),서울특별시,동작구,기타,False,0.07142857142857142,0.2857142857142857,0.07142857142857142
45,1,1,2013,2013,4,4,0,3,37.668951800586,127.033273236572,서울특별시 도봉구 방학동(아람미술놀이방 부근),서울특별시,도봉구,기타,False,0.07142857142857142,0.2857142857142857,0.0
2221,1,1,2016,2016,4,4,1,3,34.839950583953,128.416140065113,경상남도 통영시 도천동(아름다운홈패션 부근),경상남도,통영시,기타,False,0.07142857142857142,0.2857142857142857,0.07142857142857142
2180,1,1,2016,2016,3,4,0,2,36.03065011671,129.363289036961,경상북도 포항시 북구 죽도동((굿모닝신한증권앞교차로) 부근),경상북도,포항시 북구,교차로·사거리,False,0.07142857142857142,0.2857142857142857,0.0
2179,1,1,2016,2016,4,4,0,1,36.110661226236,129.347665282328,경상북도 포항시 북구 흥해읍((흥해시장앞교차로) 부근),경상북도,포항시 북구,전통시장,False,0.07142857142857142,0.2857142857142857,0.0
2177,1,1,2016,2016,4,4,2,1,36.017645702288,129.36068146348,경상북도 포항시 남구 대도동(상공회의소앞 부근),경상북도,포항시 남구,기타,False,0.07142857142857142,0.2857142857142857,0.14285714285714285
2280,1,1,2017,2017,4,4,0,2,37.565305954607,127.068369688611,서울특별시 동대문구 장안동(장안동우리은행 부근),서울특별시,동대문구,은행,False,0.07142857142857142,0.2857142857142857,0.0
3658,1,1,2019,2019,4,4,1,2,37.271752245271,127.01702909272,경기도 수원시 팔달구 매교동(팽나무고개삼거리 부근),경기도,수원시 팔달구,교차로·사거리,False,0.07142857142857142,0.2857142857142857,0.07142857142857142
3599,1,1,2019,2019,4,4,0,2,37.462618240041,126.716879879604,인천광역시 남동구 간석동(상인천중학교입구 부근),인천광역시,남동구,학교,False,0.07142857142857142,0.2857142857142857,0.0
3588,1,1,2019,2019,4,4,0,2,35.812408852388,128.529375724711,대구광역시 달서구 진천동(월배로24길 부근),대구광역시,달서구,기타,False,0.07142857142857142,0.2857142857142857,0.0
3587,1,1,2019,2019,4,4,0,2,35.849901885265,128.535020537169,"대구광역시 달서구 죽전동(

현대오일뱅크직영 웰컴주유소 부근)",대구광역시,달서구,기타,False,0.07142857142857142,0.2857142857142857,0.0
3707,1,1,2019,2019,4,4,1,2,37.653423897496,127.24378081963,경기도 남양주시 호평동(평내호평역 부근),경기도,남양주시,기타,False,0.07142857142857142,0.2857142857142857,0.07142857142857142
3692,1,1,2019,2019,3,4,1,3,37.891334316127,127.054402793655,경기도 동두천시 지행동(동두천시평생교육원 부근),경기도,동두천시,기타,False,0.07142857142857142,0.2857142857142857,0.07142857142857142
1460,1,1,2015,2015,4,4,0,3,37.325534886327,126.802597516663,경기도 안산시 단원구 원곡동(주공4단지사거리 부근),경기도,안산시 단원구,교차로·사거리,False,0.07142857142857142,0.2857142857142857,0.0
1446,1,1,2015,2015,4,4,0,2,37.520161166905,126.794418483028,경기도 부천시 오정구 여월동(정일카센타 부근),경기도,부천시 오정구,기타,False,0.07142857142857142,0.2857142857142857,0.0
1441,1,1,2015,2015,4,4,1,2,37.503375455814,126.768911963318,경기도 부천시 원미구 중동(오낙골 부근),경기도,부천시 원미구,기타,False,0.07142857142857142,0.2857142857142857,0.07142857142857142
3677,1,1,2019,2019,4,4,1,2,37.402213079571,126.976631853978,경기도 안양시 동안구 관양동(인덕원사거리 부근),경기도,안양시 동안구,교차로·사거리,False,0.07142857142857142,0.2857142857142857,0.07142857142857142
3671,1,1,2019,2019,4,4,0,3,37.726623578716,127.053110597377,경기도 의정부시 장암동(발곡프라자 부근),경기도,의정부시,기타,False,0.07142857142857142,0.2857142857142857,0.0
3662,1,1,2019,2019,4,4,1,1,37.45164211879,127.148397771041,경기도 성남시 수정구 신흥동(산성동행정복지센터 부근),경기도,성남시 수정구,주민센터·행정,False,0.07142857142857142,0.2857142857142857,0.07142857142857142
4810,1,1,2021,2021,4,4,0,2,37.829307177086,127.147729588251,경기도 포천시 소흘읍(송우터미널앞 부근),경기도,포천시,역·터미널,False,0.07142857142857142,0.2857142857142857,0.0
2827,1,1,2017,2017,3,4,0,3,35.229686826587,128.885841461016,경상남도 김해시 부원동(구경부세무회계사무소 부근),경상남도,김해시,기타,False,0.07142857142857142,0.2857142857142857,0.0
2817,1,1,2017,2017,3,4,0,3,35.176512328682,128.097147078376,경상남도 진주시 칠암동(하영빌 부근),경상남도,진주시,기타,False,0.07142857142857142,0.2857142857142857,0.0
2807,1,1,2017,2017,3,4,1,2,35.244609062359,128.649274004493,경상남도 창원시 의창구 봉곡동(상북삼거리 부근),경상남도,창원시 의창구,교차로·사거리,False,0.07142857142857142,0.2857142857142857,0.07142857142857142
2803,1,1,2017,2017,4,4,0,1,35.823608856265,128.7269665062,경상북도 경산시 옥산동(대한메디칼마사지 부근),경상북도,경산시,기타,False,0.07142857142857142,0.2857142857142857,0.0
4807,1,1,2021,2021,4,4,0,2,37.819100785574,127.046554539661,경기도 양주시 덕계동(양주금광2차아파트앞 부근),경기도,양주시,기타,False,0.07142857142857142,0.2857142857142857,0.0
824,1,1,2014,2014,4,4,0,2,37.5231519541,126.815394703004,경기도 부천시 오정구 고강동(간대미사거리 부근),경기도,부천시 오정구,교차로·사거리,False,0.07142857142857142,0.2857142857142857,0.0
4785,1,1,2021,2021,2,4,1,3,37.369375926858,126.937681940071,경기도 군포시 산본동(산본시장사거리 부근),경기도,군포시,전통시장,False,0.07142857142857142,0.2857142857142857,0.07142857142857142
4776,1,1,2021,2021,3,4,1,1,37.653176915783,127.312083178797,경기도 남양주시 화도읍(양지뜰영양삼계탕 부근),경기도,남양주시,기타,False,0.07142857142857142,0.2857142857142857,0.07142857142857142
4775,1,1,2021,2021,4,4,1,3,37.654880243429,127.306267883657,경기도 남양주시 화도읍(마석역남측 부근),경기도,남양주시,기타,False,0.07142857142857142,0.2857142857142857,0.07142857142857142
4748,1,1,2021,2021,4,4,0,2,37.504798823608,126.763196503717,경기도 부천시 중동(석천사거리 부근),경기도,부천시,교차로·사거리,False,0.07142857142857142,0.2857142857142857,0.0
870,1,1,2014,2014,4,4,1,0,37.86248339939,127.718892272561,강원도 춘천시 온의동((춘천시외버스터미널앞교차로) 부근),강원특별자치도,춘천시,역·터미널,False,0.07142857142857142,0.2857142857142857,0.07142857142857142
780,1,1,2014,2014,3,4,1,2,36.326379411981,127.392562021221,대전광역시 중구 태평동(가장교 부근),대전광역시,중구,기타,False,0.07142857142857142,0.2857142857142857,0.07142857142857142
1924,1,1,2016,2016,4,4,0,3,37.497361289093,126.671787256178,인천광역시 서구 가좌동(창대빌딩 부근),인천광역시,서구,기타,False,0.07142857142857142,0.2857142857142857,0.0
2798,1,1,2017,2017,4,4,0,2,35.972287849905,128.941563691512,경상북도 영천시 문외동((장애인종합복지관앞교차로) 부근),경상북도,영천시,교차로·사거리,False,0.07142857142857142,0.2857142857142857,0.0
2785,1,1,2017,2017,4,4,0,4,35.842276063291,129.200834700362,경상북도 경주시 성건동(신우이벤트 부근),경상북도,경주시,기타,False,0.07142857142857142,0.2857142857142857,0.0
1910,1,1,2016,2016,4,4,0,2,37.400142145045,126.724997213452,인천광역시 남동구 논현동(서울플러스치과의원 부근),인천광역시,남동구,병원·의원,False,0.07142857142857142,0.2857142857142857,0.0
877,1,1,2014,2014,4,4,0,2,37.321797222964,127.955763510179,강원도 원주시 단구동(씨에프랑스 부근),강원특별자치도,원주시,기타,False,0.07142857142857142,0.2857142857142857,0.0
4692,1,1,2021,2021,4,4,0,4,35.181716954475,126.873081248902,광주광역시 북구 운암동(북문대로146 부근),전남광주통합특별시,북구,기타,False,0.07142857142857142,0.2857142857142857,0.0
4683,1,1,2021,2021,4,4,0,3,35.154145034667,126.915004132636,광주광역시 동구 대인동(동부소방서앞교차로 부근),전남광주통합특별시,동구,교차로·사거리,False,0.07142857142857142,0.2857142857142857,0.0
1902,1,1,2016,2016,4,4,0,1,37.454628299657,126.639809889516,인천광역시 남구 용현동((주)삼성용현전자 부근),인천광역시,남구,기타,False,0.07142857142857142,0.2857142857142857,0.0
2858,1,1,2018,2018,4,4,0,1,37.548267730073,127.068174562707,서울특별시 광진구 군자동(화양사거리 부근),서울특별시,광진구,교차로·사거리,False,0.07142857142857142,0.2857142857142857,0.0
2849,1,1,2018,2018,4,4,0,2,37.539340835512,126.989132827019,서울특별시 용산구 이태원동(대성옵티마약국 부근),서울특별시,용산구,약국,False,0.07142857142857142,0.2857142857142857,0.0
2830,1,1,2017,2017,4,4,0,2,35.414357729027,129.170636736797,경상남도 양산시 삼호동(소주공단입구사거리 부근),경상남도,양산시,교차로·사거리,False,0.07142857142857142,0.2857142857142857,0.0
2828,1,1,2017,2017,3,4,0,3,35.245589045499,128.911927903151,경상남도 김해시 삼방동(신어중사거리 부근),경상남도,김해시,교차로·사거리,False,0.07142857142857142,0.2857142857142857,0.0
849,1,1,2014,2014,4,4,0,3,37.346739512519,126.942795952872,경기도 군포시 당동(군포초교사거리 부근),경기도,군포시,학교,False,0.07142857142857142,0.2857142857142857,0.0
847,1,1,2014,2014,4,4,2,1,37.437957931115,126.790664350381,경기도 시흥시 신천동(신천삼거리 부근),경기도,시흥시,교차로·사거리,False,0.07142857142857142,0.2857142857142857,0.14285714285714285
4738,1,1,2021,2021,4,4,0,0,37.750410150409,127.042295244331,경기도 의정부시 가능동(대한적십자사앞 부근),경기도,의정부시,기타,False,0.07142857142857142,0.2857142857142857,0.0
4720,1,1,2021,2021,4,4,0,1,37.288218701533,127.006603086764,경기도 수원시 장안구 영화동(영복사거리 부근),경기도,수원시 장안구,교차로·사거리,False,0.07142857142857142,0.2857142857142857,0.0
4719,1,1,2021,2021,4,4,0,2,37.292210316354,126.99921598623,경기도 수원시 장안구 정자동(엘사랑교회 부근),경기도,수원시 장안구,기타,False,0.07142857142857142,0.2857142857142857,0.0
4718,1,1,2021,2021,4,4,0,3,37.292155661855,127.028757090368,경기도 수원시 장안구 연무동(퉁소바위사거리 부근),경기도,수원시 장안구,교차로·사거리,False,0.07142857142857142,0.2857142857142857,0.0
4712,1,1,2021,2021,3,4,0,3,35.556967216165,129.329985473352,울산광역시 중구 학성동(돼지커피 부근),울산광역시,중구,기타,False,0.07142857142857142,0.2857142857142857,0.0
2903,1,1,2018,2018,3,4,2,1,37.654506104774,127.054960268103,서울특별시 노원구 상계동(한국전력공사노원도봉지사 부근),서울특별시,노원구,기타,False,0.07142857142857142,0.2857142857142857,0.14285714285714285
2901,1,1,2018,2018,4,4,0,3,37.671234804244,127.08204080554,서울특별시 노원구 상계동(우물집원조추어탕순대국 부근),서울특별시,노원구,기타,False,0.07142857142857142,0.2857142857142857,0.0
2897,1,1,2018,2018,4,4,0,3,37.6888743128,127.045601952569,서울특별시 도봉구 도봉동(도봉산역1번출구 부근),서울특별시,도봉구,기타,False,0.07142857142857142,0.2857142857142857,0.0
2896,1,1,2018,2018,4,4,1,1,37.652122928331,127.048000341044,서울특별시 도봉구 창동(창동지하차도 부근),서울특별시,도봉구,기타,False,0.07142857142857142,0.2857142857142857,0.07142857142857142
4650,1,1,2021,2021,4,4,0,2,35.861691070987,128.570636324308,대구광역시 서구 내당동(반고개네거리 부근),대구광역시,서구,기타,False,0.07142857142857142,0.2857142857142857,0.0
4711,1,1,2021,2021,4,4,0,3,35.55478261093,129.318838779487,울산광역시 중구 성남동(중앙시장앞교차로 부근),울산광역시,중구,전통시장,False,0.07142857142857142,0.2857142857142857,0.0
4703,1,1,2021,2021,4,4,0,3,36.321707030156,127.409216515831,대전광역시 중구 오류동(엔제리너스서대전 부근),대전광역시,중구,기타,False,0.07142857142857142,0.2857142857142857,0.0
4699,1,1,2021,2021,4,4,0,2,36.34273704488,127.435533142142,대전광역시 동구 성남동(성남동166106 부근),대전광역시,동구,기타,False,0.07142857142857142,0.2857142857142857,0.0
895,1,1,2014,2014,4,4,0,3,36.632792670246,127.436265485265,충청북도 청주시 흥덕구 가경동(오복치과 부근),충청북도,청주시 흥덕구,기타,False,0.07142857142857142,0.2857142857142857,0.0
891,1,1,2014,2014,4,4,0,4,37.183498213373,128.470855488391,강원도 영월군 영월읍(영월신용협동조합 부근),강원특별자치도,영월군,기타,False,0.07142857142857142,0.2857142857142857,0.0
887,1,1,2014,2014,4,4,1,2,38.197890103446,128.578132782403,강원도 속초시 교동(교동삼거리 부근),강원특별자치도,속초시,교차로·사거리,False,0.07142857142857142,0.2857142857142857,0.07142857142857142
2883,1,1,2018,2018,4,4,1,1,37.615750512777,127.050726974871,서울특별시 성북구 장위동(KEB하나은행장위동지점 부근),서울특별시,성북구,은행,False,0.07142857142857142,0.2857142857142857,0.07142857142857142
2875,1,1,2018,2018,4,4,0,2,37.589089460511,127.090565328129,서울특별시 중랑구 면목동(삼대냉면 부근),서울특별시,중랑구,기타,False,0.07142857142857142,0.2857142857142857,0.0
2874,1,1,2018,2018,4,4,0,3,37.612201189035,127.078278316392,서울특별시 중랑구 묵동(다솔한의원 부근),서울특별시,중랑구,병원·의원,False,0.07142857142857142,0.2857142857142857,0.0
1922,1,1,2016,2016,4,4,0,3,37.544219565881,126.737932235285,인천광역시 계양구 임학동(임학사거리 부근),인천광역시,계양구,교차로·사거리,False,0.07142857142857142,0.2857142857142857,0.0
1911,1,1,2016,2016,4,4,0,2,37.441188165502,126.702646203461,인천광역시 남동구 구월동(청원경찰관리실 부근),인천광역시,남동구,기타,False,0.07142857142857142,0.2857142857142857,0.0
1964,1,1,2016,2016,4,4,0,3,36.361437914429,127.431831662103,대전광역시 대덕구 중리동(중리충은지점네거리 부근),대전광역시,대덕구,기타,False,0.07142857142857142,0.2857142857142857,0.0
4941,1,1,2021,2021,4,4,1,2,36.359704709506,129.379117733598,경상북도 영덕군 강구면(강구교차로 부근),경상북도,영덕군,교차로·사거리,False,0.07142857142857142,0.2857142857142857,0.07142857142857142
4934,1,1,2021,2021,4,4,1,2,36.418514256828,128.153783664885,경상북도 상주시 무양동(상주시보보스모텔전기차충전소 부근),경상북도,상주시,기타,False,0.07142857142857142,0.2857142857142857,0.07142857142857142
4931,1,1,2021,2021,4,4,0,3,35.973766054761,128.947116581566,경상북도 영천시 야사동(신우천요양센터 부근),경상북도,영천시,기타,False,0.07142857142857142,0.2857142857142857,0.0
4924,1,1,2021,2021,4,4,0,1,36.565191335313,128.724535009184,경상북도 안동시 광석동(안동구시장공영주차장 부근),경상북도,안동시,전통시장,False,0.07142857142857142,0.2857142857142857,0.0
4908,1,1,2021,2021,4,4,0,3,36.019920600356,129.356816826636,경상북도 포항시 북구 죽도동(5호광장 부근),경상북도,포항시 북구,기타,False,0.07142857142857142,0.2857142857142857,0.0
4898,1,1,2021,2021,3,4,0,3,35.028794605987,126.716175330928,전라남도 나주시 금계동(금성동831 부근),전남광주통합특별시,나주시,기타,False,0.07142857142857142,0.2857142857142857,0.0
4897,1,1,2021,2021,4,4,0,1,34.994549682423,126.71350153407,전라남도 나주시 이창동(이창동삼거리 부근),전남광주통합특별시,나주시,교차로·사거리,False,0.07142857142857142,0.2857142857142857,0.0
4895,1,1,2021,2021,4,4,0,2,34.939699328462,127.490943789925,전라남도 순천시 남정동(삼거리 부근),전남광주통합특별시,순천시,교차로·사거리,False,0.07142857142857142,0.2857142857142857,0.0
4891,1,1,2021,2021,4,4,0,1,34.765819117859,127.663838384935,전라남도 여수시 학동(쌍봉사거리 부근),전남광주통합특별시,여수시,교차로·사거리,False,0.07142857142857142,0.2857142857142857,0.0
4884,1,1,2021,2021,4,4,1,1,34.813055799686,126.417446611373,전라남도 목포시 상동(상동7541 부근),전남광주통합특별시,목포시,기타,False,0.07142857142857142,0.2857142857142857,0.07142857142857142
786,1,1,2014,2014,4,4,0,3,36.400170252656,127.404233499178,대전광역시 유성구 전민동(세종아파트 부근),대전광역시,유성구,기타,False,0.07142857142857142,0.2857142857142857,0.0
720,1,1,2014,2014,3,4,0,2,35.879236284728,128.559108818818,대구광역시 서구 평리동(임성호한의원 부근),대구광역시,서구,병원·의원,False,0.07142857142857142,0.2857142857142857,0.0
2925,1,1,2018,2018,4,4,0,4,37.53639677799,126.83039775995,서울특별시 양천구 신월동(으뜸공원 부근),서울특별시,양천구,기타,False,0.07142857142857142,0.2857142857142857,0.0
2923,1,1,2018,2018,4,4,0,4,37.561845127751,126.904739761832,서울특별시 마포구 망원동(LG베스트샵월드컵점 부근),서울특별시,마포구,기타,False,0.07142857142857142,0.2857142857142857,0.0
2918,1,1,2018,2018,3,4,0,2,37.595125393523,126.946227806269,서울특별시 서대문구 홍은동(홍은파출소 부근),서울특별시,서대문구,기타,False,0.07142857142857142,0.2857142857142857,0.0
1870,1,1,2016,2016,4,4,0,3,35.852421362057,128.590612428022,대구광역시 남구 대명동(1000냥민속촌 부근),대구광역시,남구,기타,False,0.07142857142857142,0.2857142857142857,0.0
1869,1,1,2016,2016,3,4,0,2,35.875740153186,128.566275286876,대구광역시 서구 평리동(동명부동산 부근),대구광역시,서구,기타,False,0.07142857142857142,0.2857142857142857,0.0
1865,1,1,2016,2016,4,4,0,4,35.871292389633,128.571171094472,대구광역시 서구 비산동(비산네거리 부근),대구광역시,서구,기타,False,0.07142857142857142,0.2857142857142857,0.0
959,1,1,2014,2014,4,4,1,1,34.748780035371,127.698843493733,전라남도 여수시 여서동(삼성화재해상보험보험국동여수 영업소 부근),전남광주통합특별시,여수시,기타,False,0.07142857142857142,0.2857142857142857,0.07142857142857142
919,1,1,2014,2014,3,4,0,3,36.100855846921,127.498247374917,충청남도 금산군 금산읍(대영약업사 부근),충청남도,금산군,기타,False,0.07142857142857142,0.2857142857142857,0.0
915,1,1,2014,2014,4,4,1,2,36.782466664806,126.999417056653,충청남도 아산시 온천동(천안한약방 부근),충청남도,아산시,기타,False,0.07142857142857142,0.2857142857142857,0.07142857142857142
1857,1,1,2016,2016,4,4,0,3,35.884458824116,128.620507260703,대구광역시 동구 신암동(가야산천평시 부근),대구광역시,동구,기타,False,0.07142857142857142,0.2857142857142857,0.0
2934,1,1,2018,2018,4,4,1,1,37.488478390266,126.884704243507,서울특별시 구로구 구로동(킴스안경클럽 부근),서울특별시,구로구,기타,False,0.07142857142857142,0.2857142857142857,0.07142857142857142
1901,1,1,2016,2016,4,4,0,3,37.461204826842,126.680198265439,인천광역시 남구 주안동(굿모닝 어학원 부근),인천광역시,남구,기타,False,0.07142857142857142,0.2857142857142857,0.0
1893,1,1,2016,2016,4,4,0,4,35.818666328889,128.536726713868,대구광역시 달서구 상인동(상인네거리 부근),대구광역시,달서구,기타,False,0.07142857142857142,0.2857142857142857,0.0
1885,1,1,2016,2016,4,4,1,0,35.841363660605,128.612310737052,대구광역시 수성구 중동(중동네거리 부근),대구광역시,수성구,기타,False,0.07142857142857142,0.2857142857142857,0.07142857142857142
1884,1,1,2016,2016,4,4,2,2,35.83017917453,128.623053645211,대구광역시 수성구 두산동(두산오거리 부근),대구광역시,수성구,교차로·사거리,False,0.07142857142857142,0.2857142857142857,0.14285714285714285
904,1,1,2014,2014,4,4,1,3,36.484883489083,127.717856665454,충청북도 보은군 보은읍(봉성기획 부근),충청북도,보은군,기타,False,0.07142857142857142,0.2857142857142857,0.07142857142857142
4624,1,1,2021,2021,4,4,1,3,35.189854746101,129.071249366866,부산광역시 연제구 거제동(부산은행거제2동영업소 부근),부산광역시,연제구,은행,False,0.07142857142857142,0.2857142857142857,0.07142857142857142
934,1,1,2014,2014,4,4,0,3,35.965412689345,126.702676094227,전라북도 군산시 나운동(예치과 부근),전북특별자치도,군산시,기타,False,0.07142857142857142,0.2857142857142857,0.0
2926,1,1,2018,2018,3,4,0,2,37.516960030982,126.865489971686,서울특별시 양천구 신월동(양천경찰서 부근),서울특별시,양천구,기타,False,0.07142857142857142,0.2857142857142857,0.0
1948,1,1,2016,2016,4,4,0,2,36.327951565413,127.454831586909,대전광역시 동구 용운동(화인종합장식 부근),대전광역시,동구,기타,False,0.07142857142857142,0.2857142857142857,0.0
2732,1,1,2017,2017,4,4,1,1,36.078841407306,126.686487416062,충청남도 서천군 서천읍(신기베아링 부근),충청남도,서천군,기타,False,0.07142857142857142,0.2857142857142857,0.07142857142857142
2723,1,1,2017,2017,4,4,0,2,36.778627797136,126.997499101304,충청남도 아산시 온천동((산천연립) 부근),충청남도,아산시,기타,False,0.07142857142857142,0.2857142857142857,0.0
2710,1,1,2017,2017,4,4,0,1,36.782172758267,127.581317346719,충청북도 증평군 증평읍(선경철공사 부근),충청북도,증평군,기타,False,0.07142857142857142,0.2857142857142857,0.0
4971,1,1,2021,2021,4,4,0,3,35.303081448451,128.732479893533,경상남도 김해시 진영읍(진영교회앞교차로 부근),경상남도,김해시,교차로·사거리,False,0.07142857142857142,0.2857142857142857,0.0
765,1,1,2014,2014,4,4,0,3,35.175212716595,126.886958101037,광주광역시 북구 운암동(영빈관수타면 부근),전남광주통합특별시,북구,기타,False,0.07142857142857142,0.2857142857142857,0.0
763,1,1,2014,2014,4,4,0,3,35.162286293179,126.936942883508,광주광역시 북구 두암동(밤실마을교차로 부근),전남광주통합특별시,북구,교차로·사거리,False,0.07142857142857142,0.2857142857142857,0.0
757,1,1,2014,2014,4,4,1,1,35.138027109764,126.859066045063,광주광역시 서구 금호동(한국아파트B 부근),전남광주통합특별시,서구,기타,False,0.07142857142857142,0.2857142857142857,0.07142857142857142
749,1,1,2014,2014,4,4,2,2,37.506754004595,126.720470714253,인천광역시 부평구 부평동(부평구청사거리 부근),인천광역시,부평구,주민센터·행정,False,0.07142857142857142,0.2857142857142857,0.14285714285714285
747,1,1,2014,2014,4,4,0,2,37.450427204853,126.701338428227,인천광역시 남동구 구월동(문예회관사거리 부근),인천광역시,남동구,교차로·사거리,False,0.07142857142857142,0.2857142857142857,0.0
4958,1,1,2021,2021,4,4,0,3,34.84870077702,128.425165276258,경상남도 통영시 태평동(태평동669 부근),경상남도,통영시,기타,False,0.07142857142857142,0.2857142857142857,0.0
2966,1,1,2018,2018,3,4,0,3,37.485658154101,127.036655539123,서울특별시 강남구 도곡동(언주초교 부근),서울특별시,강남구,학교,False,0.07142857142857142,0.2857142857142857,0.0
2962,1,1,2018,2018,3,4,0,3,37.485350276595,126.909574171812,서울특별시 관악구 신림동(신림현대아파트교차로 부근),서울특별시,관악구,교차로·사거리,False,0.07142857142857142,0.2857142857142857,0.0
2959,1,1,2018,2018,4,4,1,3,37.48778856619,126.928617792778,서울특별시 관악구 신림동(미가할매집 부근),서울특별시,관악구,기타,False,0.07142857142857142,0.2857142857142857,0.07142857142857142
1878,1,1,2016,2016,4,4,0,3,35.879885701365,128.582336934003,대구광역시 북구 고성동2가(고추방아간 부근),대구광역시,북구,기타,False,0.07142857142857142,0.2857142857142857,0.0
1871,1,1,2016,2016,4,4,0,3,35.841075658116,128.573643480963,대구광역시 남구 대명동(도촌삼거리2 부근),대구광역시,남구,교차로·사거리,False,0.07142857142857142,0.2857142857142857,0.0
4458,1,1,2020,2020,4,4,0,2,35.231675674594,128.898071802872,경상남도 김해시 삼정동(미화당돼지꿈앞교차로 부근),경상남도,김해시,교차로·사거리,False,0.07142857142857142,0.2857142857142857,0.0
4457,1,1,2020,2020,4,4,0,3,35.30262898604,128.736174483866,경상남도 김해시 진영읍(진영로195 부근),경상남도,김해시,기타,False,0.07142857142857142,0.2857142857142857,0.0
4556,1,1,2021,2021,4,4,0,3,37.500026156583,126.916952423916,서울특별시 영등포구 신길동(신길동3994 부근),서울특별시,영등포구,기타,False,0.07142857142857142,0.2857142857142857,0.0
4553,1,1,2021,2021,4,4,0,2,37.450153858615,126.913186136932,서울특별시 금천구 시흥동(평화교회 부근),서울특별시,금천구,기타,False,0.07142857142857142,0.2857142857142857,0.0
3003,1,1,2018,2018,4,4,0,2,35.130008396471,129.08912159119,부산광역시 남구 우암동(부산공고 부근),부산광역시,남구,기타,False,0.07142857142857142,0.2857142857142857,0.0
2997,1,1,2018,2018,4,4,0,3,35.200939655642,129.098521669441,부산광역시 동래구 안락동(안락새마을금고서원시장지점 부근),부산광역시,동래구,전통시장,False,0.07142857142857142,0.2857142857142857,0.0
2987,1,1,2018,2018,4,4,0,3,35.093903168597,129.040503263816,부산광역시 영도구 봉래동2가(구민장례식장 부근),부산광역시,영도구,기타,False,0.07142857142857142,0.2857142857142857,0.0
2983,1,1,2018,2018,4,4,1,2,35.087635227585,129.024494798098,부산광역시 서구 남부민동(중부소방소충무119안전센터 부근),부산광역시,서구,기타,False,0.07142857142857142,0.2857142857142857,0.07142857142857142
2979,1,1,2018,2018,3,4,0,1,37.52892315548,127.131276284574,서울특별시 강동구 성내동(CU성내제일점 부근),서울특별시,강동구,기타,False,0.07142857142857142,0.2857142857142857,0.0
2975,1,1,2018,2018,4,4,0,3,37.549745213672,127.147096287465,서울특별시 강동구 명일동(샛마을근린공원 부근),서울특별시,강동구,기타,False,0.07142857142857142,0.2857142857142857,0.0
4537,1,1,2021,2021,4,4,1,2,37.556259665152,126.933684100142,서울특별시 마포구 노고산동(신촌현대백화점 부근),서울특별시,마포구,마트·상가,False,0.07142857142857142,0.2857142857142857,0.07142857142857142
4519,1,1,2021,2021,4,4,1,1,37.667358825151,127.033448099851,서울특별시 도봉구 방학동(아람미술놀이방 부근),서울특별시,도봉구,기타,False,0.07142857142857142,0.2857142857142857,0.07142857142857142
4504,1,1,2021,2021,4,4,0,3,37.609644812159,127.077953208775,서울특별시 중랑구 묵동(묵동우체국 부근),서울특별시,중랑구,기타,False,0.07142857142857142,0.2857142857142857,0.0
4498,1,1,2021,2021,4,4,0,1,37.578929634996,127.071972496834,서울특별시 동대문구 장안동(장안동삼거리 부근),서울특별시,동대문구,교차로·사거리,False,0.07142857142857142,0.2857142857142857,0.0
4578,1,1,2021,2021,3,4,0,2,37.502231192616,127.097319236694,서울특별시 송파구 삼전동(배명사거리 부근),서울특별시,송파구,교차로·사거리,False,0.07142857142857142,0.2857142857142857,0.0
4570,1,1,2021,2021,3,4,0,2,37.495680532631,127.020653981097,서울특별시 서초구 서초동(서초1교 부근),서울특별시,서초구,기타,False,0.07142857142857142,0.2857142857142857,0.0
2680,1,1,2017,2017,4,4,0,3,37.321687308723,127.963848287669,강원도 원주시 관설동(신생약방 부근),강원특별자치도,원주시,기타,False,0.07142857142857142,0.2857142857142857,0.0
1978,1,1,2016,2016,4,4,0,1,37.285450176385,127.027621636031,경기도 수원시 팔달구 우만동(못골사거리 부근),경기도,수원시 팔달구,교차로·사거리,False,0.07142857142857142,0.2857142857142857,0.0
1977,1,1,2016,2016,4,4,1,1,37.268820179309,127.00700496321,경기도 수원시 팔달구 매산로2가(배도형한의원 부근),경기도,수원시 팔달구,병원·의원,False,0.07142857142857142,0.2857142857142857,0.07142857142857142
746,1,1,2014,2014,4,4,0,2,37.44621010931,126.735112893047,인천광역시 남동구 만수동(장승백이상가 부근),인천광역시,남동구,마트·상가,False,0.07142857142857142,0.2857142857142857,0.0
745,1,1,2014,2014,4,4,0,3,37.451294527222,126.709684239337,인천광역시 남동구 구월동(구월주공사거리 부근),인천광역시,남동구,교차로·사거리,False,0.07142857142857142,0.2857142857142857,0.0
737,1,1,2014,2014,4,4,0,2,35.823656995175,128.545450978581,대구광역시 달서구 상인동(월촌역네거리 부근),대구광역시,달서구,기타,False,0.07142857142857142,0.2857142857142857,0.0
735,1,1,2014,2014,4,4,1,2,35.849724590219,128.515650080987,대구광역시 달서구 이곡동(한국갱생보호공단대구지부 부근),대구광역시,달서구,기타,False,0.07142857142857142,0.2857142857142857,0.07142857142857142
728,1,1,2014,2014,3,4,0,2,35.900790181523,128.565501508389,대구광역시 북구 노원동1가(노곡교 부근),대구광역시,북구,기타,False,0.07142857142857142,0.2857142857142857,0.0
632,1,1,2014,2014,4,4,1,1,37.489753386111,126.9913829029,서울특별시 서초구 방배동(단지빌딩앞 부근),서울특별시,서초구,기타,False,0.07142857142857142,0.2857142857142857,0.07142857142857142
1845,1,1,2016,2016,4,4,0,1,35.184951521796,129.107177523625,부산광역시 연제구 연산동(동명R&D 부근),부산광역시,연제구,기타,False,0.07142857142857142,0.2857142857142857,0.0
1007,1,1,2014,2014,4,4,0,2,35.826944905784,128.736371906639,경상북도 경산시 중방동(LG전자 부근),경상북도,경산시,기타,False,0.07142857142857142,0.2857142857142857,0.0
4487,1,1,2021,2021,4,4,0,2,37.566474742316,126.997270758939,서울특별시 중구 인현동1가(을지로4가 부근),서울특별시,중구,기타,False,0.07142857142857142,0.2857142857142857,0.0
4486,1,1,2021,2021,4,4,0,4,37.568201392081,127.018719666181,서울특별시 중구 황학동(동대문중앙교회앞 부근),서울특별시,중구,기타,False,0.07142857142857142,0.2857142857142857,0.0
4483,1,1,2021,2021,3,4,0,4,37.58364889758,126.998095348223,서울특별시 종로구 명륜2가(성균관대입구교차로 부근),서울특별시,종로구,교차로·사거리,False,0.07142857142857142,0.2857142857142857,0.0
4472,1,1,2020,2020,4,4,0,3,33.50021902329,126.549327360071,제주특별자치도 제주시 일도이동(제주일도대림2차아파트 부근),제주특별자치도,제주시,기타,False,0.07142857142857142,0.2857142857142857,0.0
4464,1,1,2020,2020,4,4,0,3,35.421628011225,129.064742867191,경상남도 양산시 상북면(내석입구삼거리 부근),경상남도,양산시,교차로·사거리,False,0.07142857142857142,0.2857142857142857,0.0
4410,1,1,2020,2020,4,4,0,3,36.047865676761,129.367643476067,경상북도 포항시 북구 대신동(한동대선린병원앞교차로 부근),경상북도,포항시 북구,병원·의원,False,0.07142857142857142,0.2857142857142857,0.0
4406,1,1,2020,2020,4,4,0,2,34.864961963025,126.313883958979,전라남도 신안군 압해읍(압해로887 부근),전남광주통합특별시,신안군,기타,False,0.07142857142857142,0.2857142857142857,0.0
4395,1,1,2020,2020,4,4,0,2,35.21099664458,127.464026328353,전라남도 구례군 구례읍(구례읍봉북리854 부근),전남광주통합특별시,구례군,기타,False,0.07142857142857142,0.2857142857142857,0.0
4388,1,1,2020,2020,4,4,0,1,34.791723201765,126.384715775614,전라남도 목포시 명륜동(김양순내과의원 부근),전남광주통합특별시,목포시,병원·의원,False,0.07142857142857142,0.2857142857142857,0.0
4374,1,1,2020,2020,4,4,2,2,35.938279418361,126.952996812654,전라북도 익산시 갈산동(중앙사거리 부근),전북특별자치도,익산시,교차로·사거리,False,0.07142857142857142,0.2857142857142857,0.14285714285714285
1072,1,1,2015,2015,4,4,0,2,37.550125260873,126.963528252428,서울특별시 용산구 서계동(신한은행 부근),서울특별시,용산구,은행,False,0.07142857142857142,0.2857142857142857,0.0
4441,1,1,2020,2020,3,4,0,2,35.203022291247,128.569852712634,경상남도 창원시 마산합포구 서성동(동서남2길2 부근),경상남도,창원시 마산합포구,기타,False,0.07142857142857142,0.2857142857142857,0.0
1801,1,1,2016,2016,4,4,0,2,35.107671391622,129.020937505463,부산광역시 서구 부용동2가(부용사거리 부근),부산광역시,서구,교차로·사거리,False,0.07142857142857142,0.2857142857142857,0.0
3044,1,1,2018,2018,3,4,0,4,35.904203273263,128.541478344851,대구광역시 북구 매천동(대구농수산물도매시장제3문 부근),대구광역시,북구,전통시장,False,0.07142857142857142,0.2857142857142857,0.0
3041,1,1,2018,2018,4,4,1,3,35.854933897882,128.606879730316,대구광역시 남구 이천동(대봉교역 부근),대구광역시,남구,기타,False,0.07142857142857142,0.2857142857142857,0.07142857142857142
3038,1,1,2018,2018,4,4,0,3,35.854863332578,128.54944120305,대구광역시 서구 내당동(감삼역 부근),대구광역시,서구,기타,False,0.07142857142857142,0.2857142857142857,0.0
1037,1,1,2014,2014,4,4,0,3,35.235531178822,128.865695430401,경상남도 김해시 외동((경원소방서앞교차로) 부근),경상남도,김해시,교차로·사거리,False,0.07142857142857142,0.2857142857142857,0.0
1024,1,1,2014,2014,3,4,1,3,35.185463977082,128.117172367812,경상남도 진주시 상대동(하대5진 성장KT유료주차장 부근),경상남도,진주시,기타,False,0.07142857142857142,0.2857142857142857,0.07142857142857142
4431,1,1,2020,2020,4,4,0,1,35.641926016973,128.745476830093,경상북도 청도군 청도읍(청화로182 부근),경상북도,청도군,기타,False,0.07142857142857142,0.2857142857142857,0.0
4422,1,1,2020,2020,4,4,0,2,36.823366388049,128.626751798658,경상북도 영주시 하망동(원당로121 부근),경상북도,영주시,기타,False,0.07142857142857142,0.2857142857142857,0.0
3021,1,1,2018,2018,4,4,0,4,35.147925005036,129.112432569908,부산광역시 수영구 남천동(진주아파트정문 부근),부산광역시,수영구,기타,False,0.07142857142857142,0.2857142857142857,0.0
642,1,1,2014,2014,4,4,0,1,37.557230954546,127.170359265769,서울특별시 강동구 고덕동(고덕삼거리 부근),서울특별시,강동구,교차로·사거리,False,0.07142857142857142,0.2857142857142857,0.0
1970,1,1,2016,2016,4,4,0,2,35.50907500231,129.425756842006,울산광역시 동구 전하동(백의원 부근),울산광역시,동구,병원·의원,False,0.07142857142857142,0.2857142857142857,0.0
2679,1,1,2017,2017,4,4,2,2,37.335209381908,127.94315363913,강원도 원주시 명륜동(성불유치원 부근),강원특별자치도,원주시,기타,False,0.07142857142857142,0.2857142857142857,0.14285714285714285
2667,1,1,2017,2017,4,4,1,2,37.413861534883,127.255547365819,경기도 광주시 경안동(공영주차장입구 부근),경기도,광주시,기타,False,0.07142857142857142,0.2857142857142857,0.07142857142857142
2665,1,1,2017,2017,4,4,0,4,37.623455793451,126.712485537579,경기도 김포시 북변동(김포우수농산물영농조합법인 부근),경기도,김포시,기타,False,0.07142857142857142,0.2857142857142857,0.0
697,1,1,2014,2014,4,4,0,4,35.149267929372,129.110691025571,부산광역시 수영구 광안동((주)에이앤시티(극단사무실) 부근),부산광역시,수영구,기타,False,0.07142857142857142,0.2857142857142857,0.0
684,1,1,2014,2014,4,4,0,2,35.097110882162,128.960226679818,부산광역시 사하구 신평동(SK텔레콤정보통신(주) 부근),부산광역시,사하구,기타,False,0.07142857142857142,0.2857142857142857,0.0
661,1,1,2014,2014,3,4,0,2,35.081118265197,129.042582900182,부산광역시 영도구 영선동4가(칼라미술원 부근),부산광역시,영도구,기타,False,0.07142857142857142,0.2857142857142857,0.0
705,1,1,2014,2014,4,4,0,3,35.862318974942,128.603166899934,대구광역시 중구 삼덕동2가(삼덕네거리 부근),대구광역시,중구,기타,False,0.07142857142857142,0.2857142857142857,0.0
699,1,1,2014,2014,4,4,1,2,35.160348496087,128.986636179117,부산광역시 사상구 괘법동(서부터미널 부근),부산광역시,사상구,역·터미널,False,0.07142857142857142,0.2857142857142857,0.07142857142857142
2003,1,1,2016,2016,4,4,0,4,37.402155978916,126.918359930368,경기도 안양시 만안구 안양동(안양여고사거리 부근),경기도,안양시 만안구,교차로·사거리,False,0.07142857142857142,0.2857142857142857,0.0
3077,1,1,2018,2018,4,4,0,4,35.140973952487,126.875602445198,광주광역시 서구 화정동(궁전제과염주점 부근),전남광주통합특별시,서구,기타,False,0.07142857142857142,0.2857142857142857,0.0
3074,1,1,2018,2018,3,4,0,3,35.132606586426,126.931613002839,광주광역시 동구 학동(남광주새마을금고학운지점 부근),전남광주통합특별시,동구,은행,False,0.07142857142857142,0.2857142857142857,0.0
3063,1,1,2018,2018,4,4,0,3,37.460233536549,126.724568227843,인천광역시 남동구 만수동(소명교회 부근),인천광역시,남동구,기타,False,0.07142857142857142,0.2857142857142857,0.0
3058,1,1,2018,2018,3,4,1,2,35.800995032895,128.500141142801,대구광역시 달성군 화원읍(화원노인회관 부근),대구광역시,달성군,기타,False,0.07142857142857142,0.2857142857142857,0.07142857142857142
1815,1,1,2016,2016,4,4,0,0,35.176878696296,129.054435735422,부산광역시 부산진구 초읍동(천우약국 부근),부산광역시,부산진구,약국,False,0.07142857142857142,0.2857142857142857,0.0
4284,1,1,2020,2020,3,4,1,2,37.356612001044,126.947149361355,경기도 군포시 당동(당정지하차도 부근),경기도,군포시,기타,False,0.07142857142857142,0.2857142857142857,0.07142857142857142
4276,1,1,2020,2020,4,4,0,3,37.697871504667,127.202969800117,경기도 남양주시 오남읍(농협양지지점앞 부근),경기도,남양주시,은행,False,0.07142857142857142,0.2857142857142857,0.0
1769,1,1,2016,2016,4,4,1,2,37.509406706955,126.907124262076,서울특별시 영등포구 도림동(도림초등학교 부근),서울특별시,영등포구,학교,False,0.07142857142857142,0.2857142857142857,0.07142857142857142
3096,1,1,2018,2018,3,4,1,2,36.314352006641,127.382386489046,대전광역시 서구 도마동(다이소대전도마점 부근),대전광역시,서구,기타,False,0.07142857142857142,0.2857142857142857,0.07142857142857142
4333,1,1,2020,2020,3,4,0,1,36.630763162091,127.506039968071,충청북도 청주시 상당구 용담동(부영e그린2차아파트602동 부근),충청북도,청주시 상당구,기타,False,0.07142857142857142,0.2857142857142857,0.0
4317,1,1,2020,2020,4,4,0,3,37.365258138953,127.935939997134,강원도 원주시 우산동(우산로2 부근),강원특별자치도,원주시,기타,False,0.07142857142857142,0.2857142857142857,0.0
4306,1,1,2020,2020,4,4,0,3,37.082021097796,126.816141699681,경기도 화성시 우정읍(조암농협하나로마트 부근),경기도,화성시,은행,False,0.07142857142857142,0.2857142857142857,0.0
4295,1,1,2020,2020,4,4,0,4,37.863857792804,126.783978664385,경기도 파주시 문산읍(산호빌라입구 부근),경기도,파주시,기타,False,0.07142857142857142,0.2857142857142857,0.0
1105,1,1,2015,2015,4,4,0,2,37.594966688363,127.097596466205,서울특별시 중랑구 망우동(망우제2동우리은행 부근),서울특별시,중랑구,은행,False,0.07142857142857142,0.2857142857142857,0.0
1103,1,1,2015,2015,4,4,0,3,37.571508218131,127.081443680882,서울특별시 중랑구 면목동(장평교 부근),서울특별시,중랑구,기타,False,0.07142857142857142,0.2857142857142857,0.0
1091,1,1,2015,2015,4,4,1,2,37.57707240277,127.028901775997,서울특별시 동대문구 신설동(용두동사거리_일반국도6호선_진 부근),서울특별시,동대문구,교차로·사거리,False,0.07142857142857142,0.2857142857142857,0.07142857142857142
4421,1,1,2020,2020,4,4,1,3,36.819759116491,128.619913342128,경상북도 영주시 가흥동(세무서사거리 부근),경상북도,영주시,교차로·사거리,False,0.07142857142857142,0.2857142857142857,0.07142857142857142
2643,1,1,2017,2017,4,4,0,2,37.650103850513,127.141163929373,경기도 남양주시 퇴계원면((별내농협퇴계원지소) 부근),경기도,남양주시,은행,False,0.07142857142857142,0.2857142857142857,0.0
2637,1,1,2017,2017,4,4,0,3,37.673701469248,126.786424625197,경기도 고양시 일산동구 중산동(학골이벤트레스토랑 부근),경기도,고양시 일산동구,기타,False,0.07142857142857142,0.2857142857142857,0.0
598,1,1,2014,2014,4,4,1,3,37.5577023297,126.837847263541,서울특별시 강서구 내발산동(발산역_강서로_진입_2 부근),서울특별시,강서구,기타,False,0.07142857142857142,0.2857142857142857,0.07142857142857142
658,1,1,2014,2014,3,4,0,3,35.120072096551,129.030895135503,부산광역시 동구 초량동(경희아파트 부근),부산광역시,동구,기타,False,0.07142857142857142,0.2857142857142857,0.0
613,1,1,2014,2014,4,4,0,0,37.528752433579,126.904085168697,서울특별시 영등포구 영등포동3가(영등포현대아파트 부근),서울특별시,영등포구,기타,False,0.07142857142857142,0.2857142857142857,0.0
612,1,1,2014,2014,4,4,0,3,37.491711612202,126.902514970391,서울특별시 영등포구 대림동(대림공원사거리 부근),서울특별시,영등포구,교차로·사거리,False,0.07142857142857142,0.2857142857142857,0.0
607,1,1,2014,2014,4,4,0,3,37.443577013969,126.904625701716,서울특별시 금천구 시흥동(부영빌딩 부근),서울특별시,금천구,기타,False,0.07142857142857142,0.2857142857142857,0.0
600,1,1,2014,2014,4,4,1,1,37.547842678098,126.846148658935,서울특별시 강서구 화곡동(유니스빌딩 부근),서울특별시,강서구,기타,False,0.07142857142857142,0.2857142857142857,0.07142857142857142
599,1,1,2014,2014,4,4,1,2,37.558901549568,126.846105531047,서울특별시 강서구 등촌동(등촌성당 부근),서울특별시,강서구,기타,False,0.07142857142857142,0.2857142857142857,0.07142857142857142
2630,1,1,2017,2017,3,4,1,0,37.060526422258,127.070578819258,경기도 평택시 이충동(반지마을주공1단지 부근),경기도,평택시,기타,False,0.07142857142857142,0.2857142857142857,0.07142857142857142
2007,1,1,2016,2016,4,4,0,4,37.398353186651,126.933511189291,경기도 안양시 동안구 비산동(비산사거리 부근),경기도,안양시 동안구,교차로·사거리,False,0.07142857142857142,0.2857142857142857,0.0
590,1,1,2014,2014,4,4,1,1,37.543860263341,126.951037875199,서울특별시 마포구 도화동(공덕오거리 부근),서울특별시,마포구,교차로·사거리,False,0.07142857142857142,0.2857142857142857,0.07142857142857142
578,1,1,2014,2014,4,4,0,1,37.608583558186,126.931308693842,서울특별시 은평구 불광동(국립보건원 부근),서울특별시,은평구,기타,False,0.07142857142857142,0.2857142857142857,0.0
3117,1,1,2018,2018,4,4,1,1,37.267633569734,127.000027883381,경기도 수원시 팔달구 매산로1가(수원역광장교차로 부근),경기도,수원시 팔달구,교차로·사거리,False,0.07142857142857142,0.2857142857142857,0.07142857142857142
3116,1,1,2018,2018,4,4,1,3,37.277432868733,127.027985971177,경기도 수원시 팔달구 인계동(성빈센트병원단일로 부근),경기도,수원시 팔달구,병원·의원,False,0.07142857142857142,0.2857142857142857,0.07142857142857142
3112,1,1,2018,2018,4,4,0,2,37.306083057688,127.000972150845,경기도 수원시 장안구 송죽동(솔대사거리 부근),경기도,수원시 장안구,교차로·사거리,False,0.07142857142857142,0.2857142857142857,0.0
3111,1,1,2018,2018,4,4,1,3,37.293734674417,127.012798248342,경기도 수원시 장안구 영화동(수성중 부근),경기도,수원시 장안구,기타,False,0.07142857142857142,0.2857142857142857,0.07142857142857142
1789,1,1,2016,2016,4,4,0,2,37.484917909535,127.031796331237,서울특별시 서초구 서초동(양재지하차도(서측) 부근),서울특별시,서초구,기타,False,0.07142857142857142,0.2857142857142857,0.0
1776,1,1,2016,2016,4,4,0,2,37.510945160991,126.924774785529,서울특별시 동작구 노량진동(성애병원입구 부근),서울특별시,동작구,병원·의원,False,0.07142857142857142,0.2857142857142857,0.0
4290,1,1,2020,2020,4,4,0,1,37.326958773929,127.111389038374,경기도 용인시 수지구 죽전동(죽전농협삼거리 부근),경기도,용인시 수지구,은행,False,0.07142857142857142,0.2857142857142857,0.0
2594,1,1,2017,2017,4,4,0,1,37.268226247244,127.022549936332,경기도 수원시 팔달구 인계동(성우수퍼 부근),경기도,수원시 팔달구,기타,False,0.07142857142857142,0.2857142857142857,0.0
2591,1,1,2017,2017,4,4,0,4,37.282313032621,127.02565352639,경기도 수원시 팔달구 지동(박사칡냉면 부근),경기도,수원시 팔달구,기타,False,0.07142857142857142,0.2857142857142857,0.0
2580,1,1,2017,2017,4,4,0,3,35.520208447363,129.338599665543,울산광역시 남구 신정동(수암번개시장 부근),울산광역시,남구,전통시장,False,0.07142857142857142,0.2857142857142857,0.0
501,1,1,2013,2013,4,4,0,4,35.686277095413,127.913289030865,경상남도 거창군 거창읍(하리수단란주점 부근),경상남도,거창군,기타,False,0.07142857142857142,0.2857142857142857,0.0
500,1,1,2013,2013,4,4,0,2,35.541092296173,128.498676330649,경상남도 창녕군 창녕읍(명동의류 부근),경상남도,창녕군,기타,False,0.07142857142857142,0.2857142857142857,0.0
1738,1,1,2016,2016,4,4,0,4,37.561991507703,126.955814394919,서울특별시 서대문구 북아현동(SC제일은행 부근),서울특별시,서대문구,은행,False,0.07142857142857142,0.2857142857142857,0.0
3152,1,1,2018,2018,2,4,1,2,37.482185355471,126.799099165595,경기도 부천시 소사본동(소사어울마당삼거리 부근),경기도,부천시,교차로·사거리,False,0.07142857142857142,0.2857142857142857,0.07142857142857142
3129,1,1,2018,2018,4,4,0,1,37.377106065693,127.132426469807,경기도 성남시 분당구 서현동(돌마지하차도 부근),경기도,성남시 분당구,기타,False,0.07142857142857142,0.2857142857142857,0.0
3128,1,1,2018,2018,4,4,0,2,37.353307394522,127.111044713144,경기도 성남시 분당구 정자동(청솔종합사회복지관 부근),경기도,성남시 분당구,기타,False,0.07142857142857142,0.2857142857142857,0.0
1122,1,1,2015,2015,4,4,2,1,37.631382989934,127.040892584326,서울특별시 강북구 번동(강북구-노원구경계(1) 부근),서울특별시,강북구,기타,False,0.07142857142857142,0.2857142857142857,0.14285714285714285
4266,1,1,2020,2020,4,4,0,1,37.657467108221,126.835140734059,경기도 고양시 덕양구 주교동(원당로57 부근),경기도,고양시 덕양구,기타,False,0.07142857142857142,0.2857142857142857,0.0
4258,1,1,2020,2020,4,4,0,3,36.999102718417,127.081707720036,경기도 평택시 세교동(세교동주민센터사거리 부근),경기도,평택시,주민센터·행정,False,0.07142857142857142,0.2857142857142857,0.0
4256,1,1,2020,2020,4,4,0,4,37.000680156265,127.096192118173,경기도 평택시 비전동(평택2로132 부근),경기도,평택시,기타,False,0.07142857142857142,0.2857142857142857,0.0
4247,1,1,2020,2020,4,4,0,2,37.486643155458,126.778333018255,경기도 부천시 심곡동(전화국사거리 부근),경기도,부천시,교차로·사거리,False,0.07142857142857142,0.2857142857142857,0.0
1081,1,1,2015,2015,3,4,0,4,37.56303010056,127.080317306999,서울특별시 광진구 중곡동(중곡동사거리 부근),서울특별시,광진구,교차로·사거리,False,0.07142857142857142,0.2857142857142857,0.0
614,1,1,2014,2014,4,4,0,0,37.530633449275,126.925189326227,서울특별시 영등포구 여의도동(한서리버파크 부근),서울특별시,영등포구,기타,False,0.07142857142857142,0.2857142857142857,0.0
1197,1,1,2015,2015,4,4,1,2,37.486782474832,126.922775511682,서울특별시 관악구 신림동(트윈타워1 부근),서울특별시,관악구,기타,False,0.07142857142857142,0.2857142857142857,0.07142857142857142
3172,1,1,2018,2018,3,4,0,3,37.352107750173,126.727232686141,경기도 시흥시 정왕동(시화병원사거리 부근),경기도,시흥시,병원·의원,False,0.07142857142857142,0.2857142857142857,0.0
3167,1,1,2018,2018,3,4,0,3,37.704500947961,127.168165265316,경기도 남양주시 진접읍(내각사거리 부근),경기도,남양주시,교차로·사거리,False,0.07142857142857142,0.2857142857142857,0.0
3166,1,1,2018,2018,4,4,0,1,37.587173516945,127.210649251363,경기도 남양주시 와부읍(와부파출소 부근),경기도,남양주시,기타,False,0.07142857142857142,0.2857142857142857,0.0
3165,1,1,2018,2018,4,4,1,1,37.651261649407,127.242845440166,경기도 남양주시 평내동(복음빛교회 부근),경기도,남양주시,기타,False,0.07142857142857142,0.2857142857142857,0.07142857142857142
1761,1,1,2016,2016,4,4,0,3,37.490108240604,126.884193765831,서울특별시 구로구 구로동(구로4동우체국 부근),서울특별시,구로구,기타,False,0.07142857142857142,0.2857142857142857,0.0
1759,1,1,2016,2016,4,4,1,2,37.496435746414,126.891101934208,서울특별시 구로구 구로동(기업은행구로북지점 부근),서울특별시,구로구,은행,False,0.07142857142857142,0.2857142857142857,0.07142857142857142
1748,1,1,2016,2016,4,4,0,1,37.516634447623,126.851146905606,서울특별시 양천구 신정동(김약국 부근),서울특별시,양천구,약국,False,0.07142857142857142,0.2857142857142857,0.0
4237,1,1,2020,2020,4,4,1,3,37.408137043391,126.912059684808,경기도 안양시 만안구 박달동(안양대교 부근),경기도,안양시 만안구,기타,False,0.07142857142857142,0.2857142857142857,0.07142857142857142
4233,1,1,2020,2020,4,4,0,3,37.746761123328,127.035339901117,경기도 의정부시 가능동(가능초등학교앞 부근),경기도,의정부시,학교,False,0.07142857142857142,0.2857142857142857,0.0
4228,1,1,2020,2020,4,4,0,3,37.456416438769,127.167362242674,경기도 성남시 중원구 은행동(은이로24 부근),경기도,성남시 중원구,은행,False,0.07142857142857142,0.2857142857142857,0.0
4222,1,1,2020,2020,4,4,0,2,37.274501965594,127.043727970471,경기도 수원시 영통구 원천동(아주대삼거리 부근),경기도,수원시 영통구,교차로·사거리,False,0.07142857142857142,0.2857142857142857,0.0
575,1,1,2014,2014,4,4,0,3,37.599053288679,126.915906754294,서울특별시 은평구 역촌동(신사오거리 부근),서울특별시,은평구,교차로·사거리,False,0.07142857142857142,0.2857142857142857,0.0
573,1,1,2014,2014,4,4,0,3,37.623790912322,126.93013916689,서울특별시 은평구 불광동(연신초교삼거리 부근),서울특별시,은평구,학교,False,0.07142857142857142,0.2857142857142857,0.0
568,1,1,2014,2014,3,4,0,3,37.623663790452,127.060164333618,서울특별시 노원구 월계동(성북역 부근),서울특별시,노원구,기타,False,0.07142857142857142,0.2857142857142857,0.0
566,1,1,2014,2014,4,4,0,3,37.655352186055,127.060879614803,서울특별시 노원구 상계동(노원롯데백화점 부근),서울특별시,노원구,마트·상가,False,0.07142857142857142,0.2857142857142857,0.0
2554,1,1,2017,2017,4,4,0,3,36.316569416446,127.441337666102,대전광역시 동구 천동(효동네거리 부근),대전광역시,동구,기타,False,0.07142857142857142,0.2857142857142857,0.0
2550,1,1,2017,2017,3,4,0,3,35.168216428147,126.910377587457,광주광역시 북구 중흥동(소등초등학교앞 부근),전남광주통합특별시,북구,학교,False,0.07142857142857142,0.2857142857142857,0.0
2542,1,1,2017,2017,4,4,0,4,35.147249293121,126.856713762131,광주광역시 서구 쌍촌동(신상무주유소 부근),전남광주통합특별시,서구,기타,False,0.07142857142857142,0.2857142857142857,0.0
2541,1,1,2017,2017,4,4,1,1,35.161224336835,126.883440869601,광주광역시 서구 광천동(광천4거리 부근),전남광주통합특별시,서구,기타,False,0.07142857142857142,0.2857142857142857,0.07142857142857142
2538,1,1,2017,2017,4,4,0,3,35.139624355181,126.922402610493,광주광역시 동구 학동(남광주교차로 부근),전남광주통합특별시,동구,교차로·사거리,False,0.07142857142857142,0.2857142857142857,0.0
537,1,1,2014,2014,4,4,0,3,37.587796176054,127.078233688435,서울특별시 중랑구 면목동(면목2동사거리_일반국도3호선_진 부근),서울특별시,중랑구,교차로·사거리,False,0.07142857142857142,0.2857142857142857,0.0
3211,1,1,2018,2018,4,4,0,2,37.759411001617,128.902634366684,강원도 강릉시 옥천동(강릉여고 부근),강원특별자치도,강릉시,기타,False,0.07142857142857142,0.2857142857142857,0.0
3203,1,1,2018,2018,3,4,1,1,37.870537334631,127.724621721117,강원도 춘천시 효자동(춘천경찰서 부근),강원특별자치도,춘천시,기타,False,0.07142857142857142,0.2857142857142857,0.07142857142857142
3195,1,1,2018,2018,4,4,0,3,37.786857788857,126.99227315888,경기도 양주시 백석읍(복지사거리 부근),경기도,양주시,교차로·사거리,False,0.07142857142857142,0.2857142857142857,0.0
3194,1,1,2018,2018,3,4,0,2,37.197747174394,127.065126519274,경기도 화성시 반송동(휴먼시아사거리 부근),경기도,화성시,교차로·사거리,False,0.07142857142857142,0.2857142857142857,0.0
3185,1,1,2018,2018,4,4,0,3,37.117742661396,127.629101948597,경기도 이천시 장호원읍(장호원우체국 부근),경기도,이천시,기타,False,0.07142857142857142,0.2857142857142857,0.0
3184,1,1,2018,2018,3,4,2,0,37.723156038421,126.750074069464,경기도 파주시 와동(운정1동행정복지센터앞교차로 부근),경기도,파주시,주민센터·행정,False,0.07142857142857142,0.2857142857142857,0.14285714285714285
4207,1,1,2020,2020,4,4,0,1,36.357251693512,127.406926931833,대전광역시 대덕구 오정동(대전천북로350 부근),대전광역시,대덕구,기타,False,0.07142857142857142,0.2857142857142857,0.0
4197,1,1,2020,2020,4,4,0,0,36.317236179207,127.458322556342,대전광역시 동구 판암동(옥천로178 부근),대전광역시,동구,기타,False,0.07142857142857142,0.2857142857142857,0.0
1199,1,1,2015,2015,4,4,0,2,37.477338652658,126.934989646856,서울특별시 관악구 신림동(신본교(남단) 부근),서울특별시,관악구,기타,False,0.07142857142857142,0.2857142857142857,0.0
1198,1,1,2015,2015,4,4,0,3,37.470675739295,126.919892728568,서울특별시 관악구 신림동(우림시장 부근),서울특별시,관악구,전통시장,False,0.07142857142857142,0.2857142857142857,0.0
1226,1,1,2015,2015,4,4,0,3,35.140224726391,129.064278853887,부산광역시 동구 범일동(한양아파트 부근),부산광역시,동구,기타,False,0.07142857142857142,0.2857142857142857,0.0
1222,1,1,2015,2015,4,4,0,3,35.110398730518,129.017979345671,부산광역시 서구 동대신동1가(동대신교차로 부근),부산광역시,서구,교차로·사거리,False,0.07142857142857142,0.2857142857142857,0.0
1213,1,1,2015,2015,4,4,1,2,37.535292325082,127.144914119392,서울특별시 강동구 길동(둔촌고교입구 부근),서울특별시,강동구,학교,False,0.07142857142857142,0.2857142857142857,0.07142857142857142
1187,1,1,2015,2015,4,4,0,3,37.495603144171,126.94338871312,서울특별시 동작구 상도동(가든주택 부근),서울특별시,동작구,기타,False,0.07142857142857142,0.2857142857142857,0.0
4195,1,1,2020,2020,4,4,1,2,35.179019465877,126.824834489022,광주광역시 광산구 운남동(하남대로282 부근),전남광주통합특별시,광산구,기타,False,0.07142857142857142,0.2857142857142857,0.07142857142857142
4193,1,1,2020,2020,4,4,0,1,35.172575094966,126.888679981697,광주광역시 북구 운암동(서암대로39 부근),전남광주통합특별시,북구,기타,False,0.07142857142857142,0.2857142857142857,0.0
1720,1,1,2016,2016,4,4,0,3,37.623477406858,127.076131601393,서울특별시 노원구 공릉동(안성민치과의원 부근),서울특별시,노원구,병원·의원,False,0.07142857142857142,0.2857142857142857,0.0
3224,1,1,2018,2018,4,4,1,2,36.628857102974,127.478265736775,충청북도 청주시 서원구 사직동(가온셀프주유소 부근),충청북도,청주시 서원구,기타,False,0.07142857142857142,0.2857142857142857,0.07142857142857142
3215,1,1,2018,2018,4,4,1,1,38.203627743027,128.591185138784,강원도 속초시 중앙동(중앙시장입구삼거리 부근),강원특별자치도,속초시,전통시장,False,0.07142857142857142,0.2857142857142857,0.07142857142857142
4161,1,1,2020,2020,4,4,0,2,35.86418507808,128.437526742866,대구광역시 달성군 다사읍(문양역 부근),대구광역시,달성군,기타,False,0.07142857142857142,0.2857142857142857,0.0
4156,1,1,2020,2020,4,4,1,3,35.8555026876,128.498558045519,대구광역시 달서구 신당동(성서서로341 부근),대구광역시,달서구,기타,False,0.07142857142857142,0.2857142857142857,0.07142857142857142
1167,1,1,2015,2015,4,4,0,2,37.494487293255,126.886445623268,서울특별시 구로구 구로동(구로구청앞_가마산길_진입_2 부근),서울특별시,구로구,주민센터·행정,False,0.07142857142857142,0.2857142857142857,0.0
560,1,1,2014,2014,4,4,1,2,37.649533021133,127.023249038713,서울특별시 도봉구 쌍문동(만복중앙교회 부근),서울특별시,도봉구,기타,False,0.07142857142857142,0.2857142857142857,0.07142857142857142
554,1,1,2014,2014,4,4,0,2,37.636809092666,127.012936985854,서울특별시 강북구 수유동(백십자약국 부근),서울특별시,강북구,약국,False,0.07142857142857142,0.2857142857142857,0.0
2564,1,1,2017,2017,3,4,0,4,36.314237799935,127.373723199267,대전광역시 서구 도마동(양지아파트 부근),대전광역시,서구,기타,False,0.07142857142857142,0.2857142857142857,0.0
2563,1,1,2017,2017,4,4,0,2,36.347449570642,127.375895464905,대전광역시 서구 갈마동(삼화페인트 부근),대전광역시,서구,기타,False,0.07142857142857142,0.2857142857142857,0.0
486,1,1,2013,2013,4,4,0,4,35.187588774703,128.070600629417,경상남도 진주시 신안동(신안동 오거리 부근),경상남도,진주시,교차로·사거리,False,0.07142857142857142,0.2857142857142857,0.0
473,1,1,2013,2013,3,4,0,0,36.58929085489,128.194357417162,경상북도 문경시 모전동(모전교(북측) 부근),경상북도,문경시,기타,False,0.07142857142857142,0.2857142857142857,0.0
467,1,1,2013,2013,3,4,1,3,36.1361797456,128.331020197525,경상북도 구미시 도량동(끼리끼리시스템 부근),경상북도,구미시,기타,False,0.07142857142857142,0.2857142857142857,0.07142857142857142
2531,1,1,2017,2017,4,4,0,1,37.517156245066,126.704361976825,인천광역시 부평구 청천동(청천사거리 부근),인천광역시,부평구,교차로·사거리,False,0.07142857142857142,0.2857142857142857,0.0
2027,1,1,2016,2016,4,4,1,1,37.29183698439,126.866455376815,경기도 안산시 상록구 본오동(네이트SK텔레콤 본오1동점 부근),경기도,안산시 상록구,기타,False,0.07142857142857142,0.2857142857142857,0.07142857142857142
2023,1,1,2016,2016,4,4,0,1,36.991205061965,127.120481739142,경기도 평택시 합정동(동대문약국 부근),경기도,평택시,약국,False,0.07142857142857142,0.2857142857142857,0.0
2017,1,1,2016,2016,4,4,0,4,37.516540065573,126.803743290721,경기도 부천시 오정구 작동(성곡삼거리 부근),경기도,부천시 오정구,교차로·사거리,False,0.07142857142857142,0.2857142857142857,0.0
520,1,1,2014,2014,3,4,0,1,37.552826178586,127.025054505062,서울특별시 성동구 금호동1가(정민빌딩 부근),서울특별시,성동구,기타,False,0.07142857142857142,0.2857142857142857,0.0
1237,1,1,2015,2015,4,4,1,1,35.164695299949,129.054055308707,부산광역시 부산진구 부암동(이투힐 건강관리협회 부산지회 부근),부산광역시,부산진구,기타,False,0.07142857142857142,0.2857142857142857,0.07142857142857142
1236,1,1,2015,2015,4,4,1,3,35.182003975804,129.047905946004,부산광역시 부산진구 초읍동(초읍주유소 부근),부산광역시,부산진구,기타,False,0.07142857142857142,0.2857142857142857,0.07142857142857142
3272,1,1,2018,2018,4,4,1,0,35.957689317009,126.689679663087,전라북도 군산시 나운동(은파웨딩홀 부근),전북특별자치도,군산시,기타,False,0.07142857142857142,0.2857142857142857,0.07142857142857142
3267,1,1,2018,2018,3,4,0,3,35.841004496561,127.121117229777,전라북도 전주시 덕진구 덕진동1가(전북은행전주법원지점 부근),전북특별자치도,전주시 덕진구,은행,False,0.07142857142857142,0.2857142857142857,0.0
3259,1,1,2018,2018,4,4,0,3,35.796349867254,127.13644892328,전라북도 전주시 완산구 평화동1가(천둥평화점 부근),전북특별자치도,전주시 완산구,기타,False,0.07142857142857142,0.2857142857142857,0.0
3235,1,1,2018,2018,4,4,0,3,37.13174479089,128.207616441347,충청북도 제천시 화산동(누가정형외과의원 부근),충청북도,제천시,병원·의원,False,0.07142857142857142,0.2857142857142857,0.0
1725,1,1,2016,2016,4,4,0,3,37.600453616742,126.926196497671,서울특별시 은평구 응암동(은평구청입구 부근),서울특별시,은평구,주민센터·행정,False,0.07142857142857142,0.2857142857142857,0.0
1724,1,1,2016,2016,4,4,1,3,37.58596358795,126.915765217192,서울특별시 은평구 응암동(은현교회 부근),서울특별시,은평구,기타,False,0.07142857142857142,0.2857142857142857,0.07142857142857142
4023,1,1,2020,2020,3,4,0,2,37.511135586139,126.912191027195,서울특별시 영등포구 신길동(영등포농협 부근),서울특별시,영등포구,은행,False,0.07142857142857142,0.2857142857142857,0.0
1210,1,1,2015,2015,4,4,0,1,37.503102506177,127.125946328361,서울특별시 송파구 오금동(오금현대아파트 부근),서울특별시,송파구,기타,False,0.07142857142857142,0.2857142857142857,0.0
1208,1,1,2015,2015,4,4,1,2,37.50909712973,127.126768706212,서울특별시 송파구 오금동(방이역 부근),서울특별시,송파구,기타,False,0.07142857142857142,0.2857142857142857,0.07142857142857142
1206,1,1,2015,2015,4,4,1,0,37.50143003337,127.025556275503,서울특별시 강남구 역삼동(삼호아파트(서초구) 부근),서울특별시,강남구,기타,False,0.07142857142857142,0.2857142857142857,0.07142857142857142
4145,1,1,2020,2020,4,4,0,1,35.839274413185,128.564361353295,대구광역시 남구 대명동(대명역 부근),대구광역시,남구,기타,False,0.07142857142857142,0.2857142857142857,0.0
4138,1,1,2020,2020,4,4,0,1,35.893302463039,128.644311644368,대구광역시 동구 입석동(입석사거리 부근),대구광역시,동구,교차로·사거리,False,0.07142857142857142,0.2857142857142857,0.0
4125,1,1,2020,2020,4,4,0,3,35.14591847366,129.111097038898,부산광역시 수영구 남천동(광남로35 부근),부산광역시,수영구,기타,False,0.07142857142857142,0.2857142857142857,0.0
3294,1,1,2018,2018,4,4,1,2,34.805927152617,126.424518074151,전라남도 목포시 상동(차피부과의원 부근),전남광주통합특별시,목포시,병원·의원,False,0.07142857142857142,0.2857142857142857,0.07142857142857142
3293,1,1,2018,2018,4,4,3,1,34.79583669271,126.387459784343,전라남도 목포시 호남동(호남교차로 부근),전남광주통합특별시,목포시,교차로·사거리,False,0.07142857142857142,0.2857142857142857,0.21428571428571427
3289,1,1,2018,2018,3,4,1,3,35.726513157657,126.730959334607,전라북도 부안군 부안읍(아담사거리 부근),전북특별자치도,부안군,교차로·사거리,False,0.07142857142857142,0.2857142857142857,0.07142857142857142
3278,1,1,2018,2018,4,4,0,3,35.930208062353,126.955543639628,전라북도 익산시 인화동2가(동익산사거리 부근),전북특별자치도,익산시,교차로·사거리,False,0.07142857142857142,0.2857142857142857,0.0
4109,1,1,2020,2020,4,4,0,1,35.111611636269,128.964979304552,부산광역시 사하구 하단동(낙동대로551 부근),부산광역시,사하구,기타,False,0.07142857142857142,0.2857142857142857,0.0
4095,1,1,2020,2020,3,4,0,1,35.124201178143,129.08792538405,부산광역시 남구 감만동(동남의원입구 부근),부산광역시,남구,병원·의원,False,0.07142857142857142,0.2857142857142857,0.0
1257,1,1,2015,2015,4,4,1,3,35.208469589201,129.00039240069,부산광역시 북구 구포동(구포치안센터 부근),부산광역시,북구,기타,False,0.07142857142857142,0.2857142857142857,0.07142857142857142
4152,1,1,2020,2020,3,4,0,1,35.896229151955,128.595156126755,대구광역시 북구 산격동(예정숙녀복 부근),대구광역시,북구,기타,False,0.07142857142857142,0.2857142857142857,0.0
1241,1,1,2015,2015,3,4,0,3,35.177532156285,129.047894539003,부산광역시 부산진구 초읍동(성지약국 부근),부산광역시,부산진구,약국,False,0.07142857142857142,0.2857142857142857,0.0
453,1,1,2013,2013,4,4,0,2,36.036183226176,129.362110598626,경상북도 포항시 북구 남빈동(포항역앞교차로 부근),경상북도,포항시 북구,역·터미널,False,0.07142857142857142,0.2857142857142857,0.0
451,1,1,2013,2013,4,4,0,3,35.301242549805,126.781501773189,전라남도 장성군 장성읍(주택 부근),전남광주통합특별시,장성군,기타,False,0.07142857142857142,0.2857142857142857,0.0
2015,1,1,2016,2016,4,4,1,2,37.475189562549,126.799200106401,경기도 부천시 소사구 소사본동(유리벽옷수선(핸드메이드) 부근),경기도,부천시 소사구,기타,False,0.07142857142857142,0.2857142857142857,0.07142857142857142
2510,1,1,2017,2017,4,4,0,1,35.830418892419,128.527922249413,대구광역시 달서구 월성동(학산초등학교 부근),대구광역시,달서구,학교,False,0.07142857142857142,0.2857142857142857,0.0
2509,1,1,2017,2017,4,4,0,1,35.833843881291,128.552781155627,대구광역시 달서구 송현동(영남전기조명 부근),대구광역시,달서구,기타,False,0.07142857142857142,0.2857142857142857,0.0
2508,1,1,2017,2017,4,4,0,3,35.812430146535,128.544672870758,대구광역시 달서구 상인동(상인남네거리 부근),대구광역시,달서구,기타,False,0.07142857142857142,0.2857142857142857,0.0
2495,1,1,2017,2017,4,4,1,2,35.855932072508,128.597885900115,대구광역시 남구 이천동(건들바위네거리 부근),대구광역시,남구,기타,False,0.07142857142857142,0.2857142857142857,0.07142857142857142
354,1,1,2013,2013,3,4,0,2,37.360916467522,127.940002762718,강원도 원주시 우산동(우산철교사거리 부근),강원특별자치도,원주시,교차로·사거리,False,0.07142857142857142,0.2857142857142857,0.0
3319,1,1,2018,2018,4,4,0,3,36.037292894253,129.358650071245,경상북도 포항시 북구 용흥동(용홍종합시장 부근),경상북도,포항시 북구,전통시장,False,0.07142857142857142,0.2857142857142857,0.0
3316,1,1,2018,2018,4,4,0,0,35.301599548281,126.783286261953,전라남도 장성군 장성읍(장성농협본점 부근),전남광주통합특별시,장성군,은행,False,0.07142857142857142,0.2857142857142857,0.0
3312,1,1,2018,2018,4,4,0,3,34.679822020071,126.904069115798,전라남도 장흥군 장흥읍(장흥칠거리 부근),전남광주통합특별시,장흥군,기타,False,0.07142857142857142,0.2857142857142857,0.0
3306,1,1,2018,2018,3,4,0,4,34.951042918097,127.486134532184,전라남도 순천시 장천동(CGV순천점 부근),전남광주통합특별시,순천시,기타,False,0.07142857142857142,0.2857142857142857,0.0
3301,1,1,2018,2018,4,4,0,3,34.767394409026,127.699016067339,전라남도 여수시 둔덕동(성심병원앞교차로 부근),전남광주통합특별시,여수시,병원·의원,False,0.07142857142857142,0.2857142857142857,0.0
1684,1,1,2016,2016,4,4,0,3,37.604902115941,127.062034429746,서울특별시 동대문구 이문동(이문동우편취급소 부근),서울특별시,동대문구,기타,False,0.07142857142857142,0.2857142857142857,0.0
1675,1,1,2016,2016,4,4,0,2,37.555031922386,127.093204072111,서울특별시 광진구 구의동(영화사입구삼거리 부근),서울특별시,광진구,교차로·사거리,False,0.07142857142857142,0.2857142857142857,0.0
4045,1,1,2020,2020,3,4,0,2,37.517403900371,127.041245999005,서울특별시 강남구 청담동(강남구청역 부근),서울특별시,강남구,주민센터·행정,False,0.07142857142857142,0.2857142857142857,0.0
1650,1,1,2016,2016,4,4,0,1,37.574692112252,127.005727545491,서울특별시 종로구 효제동(율곡로-충효길진출로 부근),서울특별시,종로구,기타,False,0.07142857142857142,0.2857142857142857,0.0
1316,1,1,2015,2015,4,4,0,3,35.85872674994,128.638600356722,대구광역시 수성구 범어동(경신고등학교입구B 부근),대구광역시,수성구,학교,False,0.07142857142857142,0.2857142857142857,0.0
1313,1,1,2015,2015,4,4,0,2,35.877832224479,128.594345085758,대구광역시 북구 칠성동2가(대구역북편네거리 부근),대구광역시,북구,기타,False,0.07142857142857142,0.2857142857142857,0.0
3956,1,1,2020,2020,3,4,1,2,37.601286697424,127.013387567783,서울특별시 성북구 돈암동(스카이웨이주유소 부근),서울특별시,성북구,기타,False,0.07142857142857142,0.2857142857142857,0.07142857142857142
3946,1,1,2020,2020,4,4,0,3,37.587110404323,127.083949886379,서울특별시 중랑구 면목동(면목교 부근),서울특별시,중랑구,기타,False,0.07142857142857142,0.2857142857142857,0.0
4022,1,1,2020,2020,4,4,0,0,37.519964415027,126.933419146378,서울특별시 영등포구 여의도동(한양수퍼앞 부근),서울특별시,영등포구,기타,False,0.07142857142857142,0.2857142857142857,0.0
1279,1,1,2015,2015,3,4,0,2,35.229800449632,129.085325261453,부산광역시 금정구 구서동(VOV 부근),부산광역시,금정구,기타,False,0.07142857142857142,0.2857142857142857,0.0
1277,1,1,2015,2015,4,4,0,2,35.221906860814,129.094760169547,부산광역시 금정구 부곡동(보성빌라 부근),부산광역시,금정구,기타,False,0.07142857142857142,0.2857142857142857,0.0
3349,1,1,2018,2018,4,4,0,3,35.14601931554,128.661430733243,경상남도 창원시 진해구 태평동(태평사거리 부근),경상남도,창원시 진해구,교차로·사거리,False,0.07142857142857142,0.2857142857142857,0.0
3331,1,1,2018,2018,4,4,1,2,36.56670400129,128.71049832324,경상북도 안동시 태화동(태화오거리 부근),경상북도,안동시,교차로·사거리,False,0.07142857142857142,0.2857142857142857,0.07142857142857142
1311,1,1,2015,2015,4,4,0,2,35.882962130999,128.607399340608,대구광역시 북구 대현동(준카프라자 부근),대구광역시,북구,기타,False,0.07142857142857142,0.2857142857142857,0.0
1306,1,1,2015,2015,3,4,0,2,35.844707125035,128.6021224399,대구광역시 남구 봉덕동(대구축협하나로마트봉덕지점 부근),대구광역시,남구,마트·상가,False,0.07142857142857142,0.2857142857142857,0.0
1300,1,1,2015,2015,4,4,0,1,35.87201712719,128.562922872394,대구광역시 서구 평리동(서대구전화국사거리 부근),대구광역시,서구,교차로·사거리,False,0.07142857142857142,0.2857142857142857,0.0
1292,1,1,2015,2015,4,4,0,4,35.872448782886,128.602461596726,대구광역시 중구 교동(교동네거리 부근),대구광역시,중구,기타,False,0.07142857142857142,0.2857142857142857,0.0
4048,1,1,2020,2020,4,4,0,4,37.491507179214,127.134435147865,서울특별시 송파구 가락동(문정시영아파트 부근),서울특별시,송파구,기타,False,0.07142857142857142,0.2857142857142857,0.0
457,1,1,2013,2013,4,4,0,3,35.838884747734,129.206353498916,경상북도 경주시 사정동(구대구사거리 부근),경상북도,경주시,교차로·사거리,False,0.07142857142857142,0.2857142857142857,0.0
2487,1,1,2017,2017,4,4,0,2,35.865560280883,128.701478236433,대구광역시 동구 신기동(안심주공네거리 부근),대구광역시,동구,기타,False,0.07142857142857142,0.2857142857142857,0.0
2485,1,1,2017,2017,4,4,0,4,35.885946872951,128.650476598617,대구광역시 동구 검사동(린비아트모텔 부근),대구광역시,동구,기타,False,0.07142857142857142,0.2857142857142857,0.0
2476,1,1,2017,2017,4,4,0,4,35.15526018501,128.979809241105,부산광역시 사상구 감전동(럭키메가마트 부근),부산광역시,사상구,마트·상가,False,0.07142857142857142,0.2857142857142857,0.0
2463,1,1,2017,2017,4,4,1,1,35.265151773137,129.088760191431,부산광역시 금정구 남산동(남산고개A 부근),부산광역시,금정구,기타,False,0.07142857142857142,0.2857142857142857,0.07142857142857142
2063,1,1,2016,2016,4,4,0,4,37.223235867742,126.97333960504,경기도 화성시 봉담읍(평생플러스빌아파트 부근),경기도,화성시,기타,False,0.07142857142857142,0.2857142857142857,0.0
374,1,1,2013,2013,4,4,1,1,36.62786940545,127.434278661632,충청북도 청주시 흥덕구 가경동((풍광길풍년3로) 부근),충청북도,청주시 흥덕구,기타,False,0.07142857142857142,0.2857142857142857,0.07142857142857142
373,1,1,2013,2013,3,4,1,2,36.636188864625,127.481274787403,충청북도 청주시 흥덕구 사직동(VIPS(주)청주지점 부근),충청북도,청주시 흥덕구,기타,False,0.07142857142857142,0.2857142857142857,0.07142857142857142
422,1,1,2013,2013,4,4,0,3,35.959550199583,126.974720663329,전라북도 익산시 영등동((갈비명가) 부근),전북특별자치도,익산시,기타,False,0.07142857142857142,0.2857142857142857,0.0
416,1,1,2013,2013,4,4,0,2,35.984451359544,126.710784831456,전라북도 군산시 명산동(비너스모텔 부근),전북특별자치도,군산시,기타,False,0.07142857142857142,0.2857142857142857,0.0
2045,1,1,2016,2016,4,4,1,2,37.354383534973,126.946583779519,경기도 군포시 금정동(우리은행삼거리 부근),경기도,군포시,은행,False,0.07142857142857142,0.2857142857142857,0.07142857142857142
3963,1,1,2020,2020,3,4,0,0,37.586334992667,127.028727474794,서울특별시 성북구 안암동5가(안암역 부근),서울특별시,성북구,기타,False,0.07142857142857142,0.2857142857142857,0.0
1330,1,1,2015,2015,4,4,0,3,35.851211163266,128.527355121643,대구광역시 달서구 용산동(용산롯데캐슬그랜드 부근),대구광역시,달서구,기타,False,0.07142857142857142,0.2857142857142857,0.0
3380,1,1,2018,2018,3,4,0,3,33.513302324444,126.522055739182,제주특별자치도 제주시 삼도이동(제주우체국 부근),제주특별자치도,제주시,기타,False,0.07142857142857142,0.2857142857142857,0.0
3370,1,1,2018,2018,4,4,0,3,34.889154744097,128.621072024156,경상남도 거제시 고현동(거제고현우편취급국 부근),경상남도,거제시,기타,False,0.07142857142857142,0.2857142857142857,0.0
3356,1,1,2018,2018,3,4,0,2,35.193457867288,128.090892192822,경상남도 진주시 장대동(옥봉삼거리 부근),경상남도,진주시,교차로·사거리,False,0.07142857142857142,0.2857142857142857,0.0
1657,1,1,2016,2016,4,4,1,2,37.567992239451,126.997830691235,서울특별시 중구 산림동(남강빌딩 부근),서울특별시,중구,기타,False,0.07142857142857142,0.2857142857142857,0.07142857142857142
3945,1,1,2020,2020,4,4,0,3,37.614092041515,127.100403525503,서울특별시 중랑구 신내동(신내주유소 부근),서울특별시,중랑구,기타,False,0.07142857142857142,0.2857142857142857,0.0
2044,1,1,2016,2016,4,4,0,4,37.345746756309,126.735968626752,경기도 시흥시 정왕동(평양안마 부근),경기도,시흥시,기타,False,0.07142857142857142,0.2857142857142857,0.0
2462,1,1,2017,2017,4,4,1,3,35.239957356847,129.086044003229,부산광역시 금정구 장전동(파스텔놀이방 부근),부산광역시,금정구,기타,False,0.07142857142857142,0.2857142857142857,0.07142857142857142
2456,1,1,2017,2017,4,4,0,2,35.194971115126,129.128975267096,부산광역시 해운대구 반여동(가구점 부근),부산광역시,해운대구,기타,False,0.07142857142857142,0.2857142857142857,0.0
2455,1,1,2017,2017,4,4,0,4,35.184199660687,129.121259619037,부산광역시 해운대구 재송동(해운대자동차검사소 부근),부산광역시,해운대구,기타,False,0.07142857142857142,0.2857142857142857,0.0
2441,1,1,2017,2017,4,4,0,4,35.124856747942,129.079111268072,부산광역시 남구 우암동(우암과일 부근),부산광역시,남구,기타,False,0.07142857142857142,0.2857142857142857,0.0
371,1,1,2013,2013,4,4,1,2,36.626347544804,127.499235261299,충청북도 청주시 상당구 탑동((남양빌라나동) 부근),충청북도,청주시 상당구,기타,False,0.07142857142857142,0.2857142857142857,0.07142857142857142
360,1,1,2013,2013,4,4,0,4,38.199616088613,128.576226097358,강원도 속초시 교동(까치건강원 부근),강원특별자치도,속초시,기타,False,0.07142857142857142,0.2857142857142857,0.0
307,1,1,2013,2013,4,4,0,3,37.463399158246,126.881105318557,경기도 광명시 하안동(하안사거리 부근),경기도,광명시,교차로·사거리,False,0.07142857142857142,0.2857142857142857,0.0
306,1,1,2013,2013,4,4,0,3,37.488150579287,126.862630514288,경기도 광명시 광명동(고려빌라 부근),경기도,광명시,기타,False,0.07142857142857142,0.2857142857142857,0.0
3409,1,1,2019,2019,4,4,0,2,37.573641820115,127.072051252265,서울특별시 동대문구 장안동(새서울병원 부근),서울특별시,동대문구,병원·의원,False,0.07142857142857142,0.2857142857142857,0.0
3398,1,1,2019,2019,3,4,2,2,37.538013689781,126.96620772131,서울특별시 용산구 문배동(원효빌딩 부근),서울특별시,용산구,기타,False,0.07142857142857142,0.2857142857142857,0.14285714285714285
3389,1,1,2018,2018,4,4,0,2,33.265644531871,126.573070392885,"제주특별자치도 서귀포시 동홍동(
GS25서귀오일장점 부근)",제주특별자치도,서귀포시,기타,False,0.07142857142857142,0.2857142857142857,0.0
3913,1,1,2019,2019,4,4,0,4,33.414491855216,126.264214338522,제주특별자치도 제주시 한림읍(한림수협본점 부근),제주특별자치도,제주시,기타,False,0.07142857142857142,0.2857142857142857,0.0
398,1,1,2013,2013,4,4,1,1,36.008545827629,126.703439997259,충청남도 서천군 장항읍(제실 부근),충청남도,서천군,기타,False,0.07142857142857142,0.2857142857142857,0.07142857142857142
393,1,1,2013,2013,4,4,0,4,36.20245304897,127.086915560905,충청남도 논산시 취암동(논산오거리 부근),충청남도,논산시,교차로·사거리,False,0.07142857142857142,0.2857142857142857,0.0
1395,1,1,2015,2015,4,4,0,2,35.556453053067,129.334863109246,울산광역시 중구 학성동(학성삼거리 부근),울산광역시,중구,교차로·사거리,False,0.07142857142857142,0.2857142857142857,0.0
303,1,1,2013,2013,4,4,0,3,37.524560794246,126.814623781663,경기도 부천시 오정구 고강동(간대미사거리 부근),경기도,부천시 오정구,교차로·사거리,False,0.07142857142857142,0.2857142857142857,0.0
2408,1,1,2017,2017,4,4,0,2,37.536755472588,127.122567386577,서울특별시 강동구 성내동(천호사거리_풍납로_진입 부근),서울특별시,강동구,교차로·사거리,False,0.07142857142857142,0.2857142857142857,0.0
2406,1,1,2017,2017,3,4,0,3,37.534011059164,127.118427307176,서울특별시 송파구 풍납동(풍납제1경노당 부근),서울특별시,송파구,기타,False,0.07142857142857142,0.2857142857142857,0.0
2081,1,1,2016,2016,4,4,0,4,37.551921367978,129.105964372359,강원도 동해시 발한동(묵호초교앞 굴다리입구 부근),강원특별자치도,동해시,학교,False,0.07142857142857142,0.2857142857142857,0.0
2079,1,1,2016,2016,4,4,2,1,37.757914195185,128.90691006295,강원도 강릉시 옥천동((월드컵교교차로) 부근),강원특별자치도,강릉시,교차로·사거리,False,0.07142857142857142,0.2857142857142857,0.14285714285714285
334,1,1,2013,2013,4,4,2,2,37.23301109099,127.209732788239,경기도 용인시 처인구 김량장동(용인공용버스터미널 부근),경기도,용인시 처인구,역·터미널,False,0.07142857142857142,0.2857142857142857,0.14285714285714285
321,1,1,2013,2013,3,4,0,4,37.332824552512,126.795539194779,경기도 안산시 단원구 원곡동(원곡고교사거리 부근),경기도,안산시 단원구,학교,False,0.07142857142857142,0.2857142857142857,0.0
236,1,1,2013,2013,2,4,4,0,37.495158749578,126.682547420528,인천광역시 서구 가좌동(새마을금고 부근),인천광역시,서구,은행,False,0.07142857142857142,0.2857142857142857,0.2857142857142857
3438,1,1,2019,2019,3,4,0,3,37.659208410641,127.042483609132,서울특별시 도봉구 창동(가인초교 부근),서울특별시,도봉구,학교,False,0.07142857142857142,0.2857142857142857,0.0
3430,1,1,2019,2019,4,4,0,3,37.617013164527,127.029719780445,서울특별시 강북구 미아동(삼양입구사거리 부근),서울특별시,강북구,교차로·사거리,False,0.07142857142857142,0.2857142857142857,0.0
3428,1,1,2019,2019,4,4,1,1,37.611348122719,127.02221258984,서울특별시 강북구 미아동(기아오토큐미아점 부근),서울특별시,강북구,기타,False,0.07142857142857142,0.2857142857142857,0.07142857142857142
1609,1,1,2015,2015,4,4,0,2,35.820570436477,128.729028121951,경상북도 경산시 사정동(공신종합상사 부근),경상북도,경산시,기타,False,0.07142857142857142,0.2857142857142857,0.0
1341,1,1,2015,2015,4,4,0,3,37.452331568748,126.636377506418,인천광역시 남구 용현동(해솔어린이집 부근),인천광역시,남구,기타,False,0.07142857142857142,0.2857142857142857,0.0
1335,1,1,2015,2015,4,4,1,2,35.803841532861,128.499560321952,대구광역시 달성군 화원읍(회원새마을금고 부근),대구광역시,달성군,은행,False,0.07142857142857142,0.2857142857142857,0.07142857142857142
1365,1,1,2015,2015,4,4,0,4,35.145469392699,126.903614597537,광주광역시 남구 백운동(이장혁자동차외형복원 부근),전남광주통합특별시,남구,기타,False,0.07142857142857142,0.2857142857142857,0.0
2128,1,1,2016,2016,4,4,1,3,35.84291730599,127.140148710795,전라북도 전주시 덕진구 금암동(쏘나타노래연습장 부근),전북특별자치도,전주시 덕진구,기타,False,0.07142857142857142,0.2857142857142857,0.07142857142857142
2111,1,1,2016,2016,4,4,1,2,36.891384504792,126.625959677099,충청남도 당진시 고대면(- 인근),충청남도,당진시,기타,False,0.07142857142857142,0.2857142857142857,0.07142857142857142
270,1,1,2013,2013,4,4,2,1,35.541420108052,129.307202064825,울산광역시 남구 신정동(신정1파출소 부근),울산광역시,남구,기타,False,0.07142857142857142,0.2857142857142857,0.14285714285714285
269,1,1,2013,2013,3,4,2,2,35.556089121717,129.337295832937,울산광역시 중구 학성동(학성공앞오거리 부근),울산광역시,중구,교차로·사거리,False,0.07142857142857142,0.2857142857142857,0.14285714285714285
313,1,1,2013,2013,4,4,0,1,37.904907630883,127.053090260109,경기도 동두천시 생연동(터미널사거리 부근),경기도,동두천시,역·터미널,False,0.07142857142857142,0.2857142857142857,0.0
309,1,1,2013,2013,4,4,0,4,36.991210879679,127.101243198216,경기도 평택시 합정동(평택여중사거리 부근),경기도,평택시,교차로·사거리,False,0.07142857142857142,0.2857142857142857,0.0
3489,1,1,2019,2019,4,4,1,2,37.488763648924,127.053959043876,서울특별시 강남구 도곡동(삼성타워펠리스1차 부근),서울특별시,강남구,기타,False,0.07142857142857142,0.2857142857142857,0.07142857142857142
3475,1,1,2019,2019,3,4,0,2,37.493551428157,126.895361749346,서울특별시 영등포구 대림동(도림로31길 부근),서울특별시,영등포구,기타,False,0.07142857142857142,0.2857142857142857,0.0
3466,1,1,2019,2019,4,4,0,2,37.497668676469,126.829157682082,서울특별시 구로구 궁동(우진빌딩 부근),서울특별시,구로구,기타,False,0.07142857142857142,0.2857142857142857,0.0
3459,1,1,2019,2019,4,4,1,1,37.517082513248,126.839047737964,서울특별시 양천구 신월동(신월제일교회 부근),서울특별시,양천구,기타,False,0.07142857142857142,0.2857142857142857,0.07142857142857142
3820,1,1,2019,2019,3,4,1,2,34.804144641463,126.399109893508,전라남도 목포시 용당동(코리안바베큐주막집 부근),전남광주통합특별시,목포시,기타,False,0.07142857142857142,0.2857142857142857,0.07142857142857142
3811,1,1,2019,2019,4,4,0,2,35.946929050137,126.949762972884,전라북도 익산시 남중동(모현사거리 부근),전북특별자치도,익산시,교차로·사거리,False,0.07142857142857142,0.2857142857142857,0.0
3808,1,1,2019,2019,4,4,0,2,35.975061799763,126.730541394471,전라북도 군산시 조촌동(바른몸병원 부근),전북특별자치도,군산시,병원·의원,False,0.07142857142857142,0.2857142857142857,0.0
3807,1,1,2019,2019,4,4,0,2,35.968724708979,126.7040772056,전라북도 군산시 나운동(시티빌딩 부근),전북특별자치도,군산시,기타,False,0.07142857142857142,0.2857142857142857,0.0
1405,1,1,2015,2015,4,4,0,3,37.292193665406,127.031348183773,경기도 수원시 장안구 연무동(대명관세사무소 부근),경기도,수원시 장안구,기타,False,0.07142857142857142,0.2857142857142857,0.0
1398,1,1,2015,2015,4,4,0,3,35.521229445883,129.430325825178,울산광역시 동구 서부동(명덕 2동 부근),울산광역시,동구,기타,False,0.07142857142857142,0.2857142857142857,0.0
3526,1,1,2019,2019,4,4,0,3,35.151210672735,129.027735433145,부산광역시 부산진구 가야동(보광맨션 부근),부산광역시,부산진구,기타,False,0.07142857142857142,0.2857142857142857,0.0
3500,1,1,2019,2019,3,4,0,1,37.493758582494,127.119118623227,서울특별시 송파구 가락동(태인일식 부근),서울특별시,송파구,기타,False,0.07142857142857142,0.2857142857142857,0.0
1546,1,1,2015,2015,3,4,0,2,35.832149936271,127.122039673393,전라북도 전주시 완산구 서신동(바다마을 부근),전북특별자치도,전주시 완산구,기타,False,0.07142857142857142,0.2857142857142857,0.0
1544,1,1,2015,2015,4,4,0,4,35.829746967549,127.12815214051,전라북도 전주시 완산구 서신동(나눔교회 부근),전북특별자치도,전주시 완산구,기타,False,0.07142857142857142,0.2857142857142857,0.0
1543,1,1,2015,2015,4,4,1,3,35.804257365886,127.124327633215,전라북도 전주시 완산구 효자동1가(해물국 부근),전북특별자치도,전주시 완산구,기타,False,0.07142857142857142,0.2857142857142857,0.07142857142857142
1584,1,1,2015,2015,3,4,0,2,34.955019755258,127.487174370602,전라남도 순천시 동외동(성동오거리 부근),전남광주통합특별시,순천시,교차로·사거리,False,0.07142857142857142,0.2857142857142857,0.0
1571,1,1,2015,2015,4,4,1,2,34.811056199385,126.386827767788,전라남도 목포시 동명동((현대택배) 부근),전남광주통합특별시,목포시,기타,False,0.07142857142857142,0.2857142857142857,0.07142857142857142
3792,1,1,2019,2019,4,4,0,1,36.288322122869,127.241808639658,충청남도 계룡시 엄사면(엄사사거리 부근),충청남도,계룡시,교차로·사거리,False,0.07142857142857142,0.2857142857142857,0.0
3788,1,1,2019,2019,4,4,0,4,36.77996104117,126.448613833663,충청남도 서산시 읍내동(서산농협서부지소 부근),충청남도,서산시,은행,False,0.07142857142857142,0.2857142857142857,0.0
3769,1,1,2019,2019,4,4,0,2,37.149835073831,128.214708295353,충청북도 제천시 청전동(IBK기업은행 제천지점 부근),충청북도,제천시,은행,False,0.07142857142857142,0.2857142857142857,0.0
3490,1,1,2019,2019,3,4,0,4,37.513236094871,127.035726970225,서울특별시 강남구 논현동(임피리얼팰리스호텔 부근),서울특별시,강남구,기타,False,0.07142857142857142,0.2857142857142857,0.0
2356,1,1,2017,2017,4,4,0,3,37.543368308102,126.845046019959,서울특별시 강서구 화곡동(화곡초등학교 부근),서울특별시,강서구,학교,False,0.07142857142857142,0.2857142857142857,0.0
2355,1,1,2017,2017,4,4,0,4,37.567607526567,126.814427398507,서울특별시 강서구 방화동(동화나라어린이집 부근),서울특별시,강서구,기타,False,0.07142857142857142,0.2857142857142857,0.0
2160,1,1,2016,2016,4,4,1,3,34.766439294839,127.65618149588,전라남도 여수시 학동(진남아파트앞삼거리 부근),전남광주통합특별시,여수시,교차로·사거리,False,0.07142857142857142,0.2857142857142857,0.07142857142857142
259,1,1,2013,2013,4,4,2,2,36.340680354716,127.426229455926,대전광역시 동구 삼성동(한신전기상사 부근),대전광역시,동구,기타,False,0.07142857142857142,0.2857142857142857,0.14285714285714285
237,1,1,2013,2013,3,4,1,3,37.614432769458,126.68646776048,인천광역시 서구 불로동(퀸스타운길훈아파트 부근),인천광역시,서구,기타,False,0.07142857142857142,0.2857142857142857,0.07142857142857142
3565,1,1,2019,2019,4,4,0,2,35.871368644049,128.577824698053,대구광역시 중구 대신동(대구대성초교 부근),대구광역시,중구,학교,False,0.07142857142857142,0.2857142857142857,0.0
1514,1,1,2015,2015,4,4,0,4,36.625356735626,127.488940640899,충청북도 청주시 상당구 석교동(모충사거리 부근),충청북도,청주시 상당구,교차로·사거리,False,0.07142857142857142,0.2857142857142857,0.0
1509,1,1,2015,2015,3,4,0,2,37.551866501239,129.113606737362,강원도 동해시 묵호진동(관동떡방앗간 부근),강원특별자치도,동해시,기타,False,0.07142857142857142,0.2857142857142857,0.0
3737,1,1,2019,2019,4,4,0,2,37.825373573932,126.983944835986,경기도 양주시 광적면(하나로마트 광적농협 본점 부근),경기도,양주시,은행,False,0.07142857142857142,0.2857142857142857,0.0
3724,1,1,2019,2019,4,4,0,3,37.324229147158,127.097591438095,경기도 용인시 수지구 풍덕천동(현대그린프라자 부근),경기도,용인시 수지구,기타,False,0.07142857142857142,0.2857142857142857,0.0
3753,1,1,2019,2019,4,4,0,1,37.44238956173,129.166753716012,강원도 삼척시 남양동(하얀강아지 부근),강원특별자치도,삼척시,기타,False,0.07142857142857142,0.2857142857142857,0.0
3741,1,1,2019,2019,4,4,0,2,37.739333175587,127.421720353213,경기도 가평군 청평면(청평터미널 부근),경기도,가평군,역·터미널,False,0.07142857142857142,0.2857142857142857,0.0
3739,1,1,2019,2019,4,4,0,3,37.827632764441,127.148407981045,경기도 포천시 소흘읍(이가팔리입구사거리 부근),경기도,포천시,교차로·사거리,False,0.07142857142857142,0.2857142857142857,0.0
3738,1,1,2019,2019,4,4,0,0,37.837512064431,127.068179791365,경기도 양주시 덕정동(화천지구대 부근),경기도,양주시,기타,False,0.07142857142857142,0.2857142857142857,0.0
1425,1,1,2015,2015,4,4,1,1,37.437470459895,127.158176821804,경기도 성남시 중원구 상대원동(상대원시장앞 부근),경기도,성남시 중원구,전통시장,False,0.07142857142857142,0.2857142857142857,0.07142857142857142
1420,1,1,2015,2015,4,4,0,3,37.445802215501,127.134700939798,경기도 성남시 수정구 태평동(태평오거리 부근),경기도,성남시 수정구,교차로·사거리,False,0.07142857142857142,0.2857142857142857,0.0
1419,1,1,2015,2015,4,4,0,4,37.445064725558,127.129722158052,경기도 성남시 수정구 태평동(한전 사거리 부근),경기도,성남시 수정구,교차로·사거리,False,0.07142857142857142,0.2857142857142857,0.0
1500,1,1,2015,2015,4,4,1,1,37.870827024249,127.73272469459,강원도 춘천시 효자동(청춘미용실 부근),강원특별자치도,춘천시,기타,False,0.07142857142857142,0.2857142857142857,0.07142857142857142
1491,1,1,2015,2015,3,4,0,2,37.205276866035,127.014822482872,경기도 화성시 안녕동((화산동사무소앞교차로) 부근),경기도,화성시,교차로·사거리,False,0.07142857142857142,0.2857142857142857,0.0
3538,1,1,2019,2019,3,4,0,4,35.202048728367,129.073643502447,부산광역시 동래구 사직동(깜빠뉴베이커리 부근),부산광역시,동래구,기타,False,0.07142857142857142,0.2857142857142857,0.0
3537,1,1,2019,2019,4,4,0,4,35.211035620299,129.076374604106,부산광역시 동래구 온천동(롯데백화점동래점 부근),부산광역시,동래구,마트·상가,False,0.07142857142857142,0.2857142857142857,0.0
3513,1,1,2019,2019,4,4,1,2,35.131092410487,129.051251304405,부산광역시 동구 수정동(S-OIL 에스석유부산진주유소 부근),부산광역시,동구,기타,False,0.07142857142857142,0.2857142857142857,0.07142857142857142
151,1,1,2013,2013,4,4,0,3,35.180851885807,129.047005569952,부산광역시 부산진구 초읍동(대공원로터리 부근),부산광역시,부산진구,기타,False,0.07142857142857142,0.2857142857142857,0.0
199,1,1,2013,2013,4,4,0,4,35.857571678691,128.555256733812,대구광역시 서구 내당동(두류네거리 부근),대구광역시,서구,기타,False,0.07142857142857142,0.2857142857142857,0.0
175,1,1,2013,2013,4,4,0,2,35.08085036885,128.977078587308,부산광역시 사하구 장림동(장님삼거리 부근),부산광역시,사하구,교차로·사거리,False,0.07142857142857142,0.2857142857142857,0.0
2343,1,1,2017,2017,4,4,0,2,37.577130099675,126.90309842895,서울특별시 서대문구 북가좌동(서대문구-은평구경계(1) 부근),서울특별시,서대문구,기타,False,0.07142857142857142,0.2857142857142857,0.0
2342,1,1,2017,2017,4,4,1,1,37.56581842608,126.930173262887,서울특별시 서대문구 연희동(연희IC_연희로_진출_2 부근),서울특별시,서대문구,기타,False,0.07142857142857142,0.2857142857142857,0.07142857142857142
2327,1,1,2017,2017,3,4,0,3,37.647294776734,127.067563851991,서울특별시 노원구 중계동(상명여자중고등학교 부근),서울특별시,노원구,학교,False,0.07142857142857142,0.2857142857142857,0.0
2321,1,1,2017,2017,4,4,0,3,37.654862257888,127.047759243595,서울특별시 도봉구 창동(창동견인보관소앞 부근),서울특별시,도봉구,기타,False,0.07142857142857142,0.2857142857142857,0.0
231,1,1,2013,2013,4,4,0,3,37.50609145246,126.708937193198,인천광역시 부평구 산곡동(마장초등학교 부근),인천광역시,부평구,학교,False,0.07142857142857142,0.2857142857142857,0.0
230,1,1,2013,2013,3,4,0,3,37.50431144232,126.701423777486,인천광역시 부평구 산곡동(부동산마을 부근),인천광역시,부평구,기타,False,0.07142857142857142,0.2857142857142857,0.0
220,1,1,2013,2013,4,4,0,2,37.474998071705,126.635237156171,인천광역시 동구 송림동(배다리삼거리 부근),인천광역시,동구,교차로·사거리,False,0.07142857142857142,0.2857142857142857,0.0
2302,1,1,2017,2017,3,4,0,2,37.590044085467,127.01101501773,서울특별시 성북구 동소문동4가(성북녹십자약국 부근),서울특별시,성북구,약국,False,0.07142857142857142,0.2857142857142857,0.0
3577,1,1,2019,2019,4,4,0,3,35.883511594286,128.581156559429,대구광역시 북구 고성동3가(북구청네거리 부근),대구광역시,북구,주민센터·행정,False,0.07142857142857142,0.2857142857142857,0.0
3571,1,1,2019,2019,4,4,0,4,35.878702689978,128.575593256125,대구광역시 서구 비산동(교촌치킨 달성비산점 부근),대구광역시,서구,기타,False,0.07142857142857142,0.2857142857142857,0.0
3567,1,1,2019,2019,4,4,0,2,35.881256012756,128.642945581375,대구광역시 동구 효목동(세븐일레븐 대구효목점 부근),대구광역시,동구,기타,False,0.07142857142857142,0.2857142857142857,0.0
3566,1,1,2019,2019,4,4,0,3,35.877907716269,128.618157400545,대구광역시 동구 신천동(삼강약국 부근),대구광역시,동구,약국,False,0.07142857142857142,0.2857142857142857,0.0
2224,1,1,2016,2016,4,4,0,1,34.929880710228,128.076886235812,경상남도 사천시 동금동(2000장식 부근),경상남도,사천시,기타,False,0.07142857142857142,0.2857142857142857,0.0
12,1,1,2013,2013,4,4,1,3,37.53750213022,127.085717002039,서울특별시 광진구 구의동(자양사거리_구의로_진출_1 부근),서울특별시,광진구,교차로·사거리,False,0.07142857142857142,0.2857142857142857,0.07142857142857142
98,1,1,2013,2013,4,4,1,1,37.534411402265,126.902375376723,서울특별시 영등포구 당산동6가(당산역_당산로_진입_1 부근),서울특별시,영등포구,기타,False,0.07142857142857142,0.2857142857142857,0.07142857142857142
94,1,1,2013,2013,3,4,1,1,37.498529979676,126.904805102075,서울특별시 영등포구 신길동(신길광장공원앞_도림로_진출 부근),서울특별시,영등포구,기타,False,0.07142857142857142,0.2857142857142857,0.07142857142857142
92,1,1,2013,2013,3,4,0,2,37.51295409086,126.924783036809,서울특별시 영등포구 신길동(대방역_노량진로_진출 부근),서울특별시,영등포구,기타,False,0.07142857142857142,0.2857142857142857,0.0
2257,1,1,2017,2017,4,4,2,1,37.57549877445,127.015537974499,서울특별시 종로구 창신동(준남빌딩 부근),서울특별시,종로구,기타,False,0.07142857142857142,0.2857142857142857,0.14285714285714285
2240,1,1,2016,2016,4,4,0,2,35.455574522647,128.528296687543,경상남도 창녕군 영산면(영산청년회 부근),경상남도,창녕군,기타,False,0.07142857142857142,0.2857142857142857,0.0
5,1,1,2013,2013,4,4,0,3,37.558125831243,126.971499804374,서울특별시 중구 의주로1가(청암빌딩 부근),서울특별시,중구,기타,False,0.07142857142857142,0.2857142857142857,0.0
72,1,1,2013,2013,3,4,1,2,37.517352438465,126.853553444637,서울특별시 양천구 신정동(신정3평화은행 부근),서울특별시,양천구,은행,False,0.07142857142857142,0.2857142857142857,0.07142857142857142
3708,1,1,2019,2019,4,4,0,3,37.635064756834,127.207362759885,경기도 남양주시 금곡동(금곡우체국 부근),경기도,남양주시,기타,False,0.07142857142857142,0.2857142857142857,0.0
3600,1,1,2019,2019,4,4,0,2,37.467307822299,126.707785520486,인천광역시 남동구 간석동(간석오거리 부근),인천광역시,남동구,교차로·사거리,False,0.07142857142857142,0.2857142857142857,0.0
2297,1,1,2017,2017,4,4,0,3,37.612459829558,127.055278937474,서울특별시 성북구 장위동(장위동우체국 부근),서울특별시,성북구,기타,False,0.07142857142857142,0.2857142857142857,0.0
2290,1,1,2017,2017,3,4,0,0,37.60332046297,127.077424963193,서울특별시 중랑구 중화동(성은교회앞 부근),서울특별시,중랑구,기타,False,0.07142857142857142,0.2857142857142857,0.0
2199,1,1,2016,2016,3,4,0,0,35.97033651442,128.937450705087,경상북도 영천시 문외동(영동교 부근),경상북도,영천시,기타,False,0.07142857142857142,0.2857142857142857,0.0
2191,1,1,2016,2016,4,4,0,1,36.130877805967,128.326523199687,경상북도 구미시 원평동(가마솥한우식당 부근),경상북도,구미시,기타,False,0.07142857142857142,0.2857142857142857,0.0
2190,1,1,2016,2016,3,4,0,2,36.557061308434,128.754776884846,경상북도 안동시 용상동(SK텔레콤 부근),경상북도,안동시,기타,False,0.07142857142857142,0.2857142857142857,0.0
2775,1,1,2017,2017,4,4,1,1,34.565507322406,126.595219505077,전라남도 해남군 해남읍(고도교차로 부근),전남광주통합특별시,해남군,교차로·사거리,False,0.07142857142857142,0.2857142857142857,0.07142857142857142
2768,1,1,2017,2017,4,4,0,3,34.948321725168,127.501774199421,전라남도 순천시 조곡동(단독주택 부근),전남광주통합특별시,순천시,기타,False,0.07142857142857142,0.2857142857142857,0.0
806,1,1,2014,2014,4,4,1,0,37.436072467371,127.158189492352,경기도 성남시 중원구 상대원동(상대원시장앞 부근),경기도,성남시 중원구,전통시장,False,0.07142857142857142,0.2857142857142857,0.07142857142857142
805,1,1,2014,2014,4,4,1,3,37.44334155437,127.158596847468,경기도 성남시 중원구 중앙동(반석제일교회 부근),경기도,성남시 중원구,기타,False,0.07142857142857142,0.2857142857142857,0.07142857142857142
796,1,1,2014,2014,4,4,0,3,37.249799634946,127.018451007209,경기도 수원시 권선구 세류동(터미널사거리 부근),경기도,수원시 권선구,역·터미널,False,0.07142857142857142,0.2857142857142857,0.0
792,1,1,2014,2014,3,4,0,4,37.291407622864,127.017598146838,경기도 수원시 장안구 영화동(교육청사거리 부근),경기도,수원시 장안구,교차로·사거리,False,0.07142857142857142,0.2857142857142857,0.0
4833,1,1,2021,2021,4,4,0,3,37.140701935047,128.213643722881,충청북도 제천시 교동(선우상사 부근),충청북도,제천시,기타,False,0.07142857142857142,0.2857142857142857,0.0
4832,1,1,2021,2021,3,4,0,2,36.987701698975,127.933832180512,충청북도 충주시 연수동(동심예능유치원 부근),충청북도,충주시,기타,False,0.07142857142857142,0.2857142857142857,0.0
4953,1,1,2021,2021,4,4,0,2,35.191627976251,128.088269398315,경상남도 진주시 동성동(반도병원입구 부근),경상남도,진주시,병원·의원,False,0.07142857142857142,0.2857142857142857,0.0
2755,1,1,2017,2017,3,4,1,3,35.433823034007,126.702433930183,전라북도 고창군 고창읍(제실 부근),전북특별자치도,고창군,기타,False,0.07142857142857142,0.2857142857142857,0.07142857142857142
128,1,1,2013,2013,4,4,0,1,37.547813504091,127.132587014081,서울특별시 강동구 천호동(천호초교입구 부근),서울특별시,강동구,학교,False,0.07142857142857142,0.2857142857142857,0.0
121,1,1,2013,2013,4,4,0,2,37.493404244211,127.153181122912,서울특별시 송파구 마천동(거여삼거리 부근),서울특별시,송파구,교차로·사거리,False,0.07142857142857142,0.2857142857142857,0.0
109,1,1,2013,2013,4,4,0,2,37.479723210459,126.930580472312,서울특별시 관악구 신림동(성지빌딩 부근),서울특별시,관악구,기타,False,0.07142857142857142,0.2857142857142857,0.0
2262,1,1,2017,2017,4,4,0,3,37.547130580513,127.054939885868,서울특별시 성동구 성수동2가(성수쇼핑센타 부근),서울특별시,성동구,마트·상가,False,0.07142857142857142,0.2857142857142857,0.0
2261,1,1,2017,2017,4,4,1,2,37.540042299513,126.96172082106,서울특별시 용산구 효창동(효창공원앞역 부근),서울특별시,용산구,기타,False,0.07142857142857142,0.2857142857142857,0.07142857142857142
2228,1,1,2016,2016,4,4,0,4,35.232965003833,128.866428333802,경상남도 김해시 외동(한국1차사거리 부근),경상남도,김해시,교차로·사거리,False,0.07142857142857142,0.2857142857142857,0.0
7,1,1,2013,2013,3,3,0,2,37.529174962056,126.966814675558,서울특별시 용산구 한강로2가(철도건설본부 부근),서울특별시,용산구,기타,False,0.07142857142857142,0.21428571428571427,0.0
42,1,1,2013,2013,3,3,0,2,37.650393118349,127.027880218998,서울특별시 도봉구 쌍문동(숭미초교 부근),서울특별시,도봉구,학교,False,0.07142857142857142,0.21428571428571427,0.0
2238,1,1,2016,2016,3,3,0,1,35.343088269009,129.026211602984,경상남도 양산시 교동(최유라음악학원 부근),경상남도,양산시,기타,False,0.07142857142857142,0.21428571428571427,0.0
2241,1,1,2016,2016,3,3,0,2,34.974240512091,128.322704668387,경상남도 고성군 고성읍(성모의원 부근),경상남도,고성군,병원·의원,False,0.07142857142857142,0.21428571428571427,0.0
2210,1,1,2016,2016,3,3,0,2,35.222351919107,128.694596276098,경상남도 창원시 성산구 사파동((사파동성당앞교차로) 부근),경상남도,창원시 성산구,교차로·사거리,False,0.07142857142857142,0.21428571428571427,0.0
2209,1,1,2016,2016,3,3,0,2,35.244452955341,128.659004445999,경상남도 창원시 의창구 봉곡동(봉곡삼거리 부근),경상남도,창원시 의창구,교차로·사거리,False,0.07142857142857142,0.21428571428571427,0.0
2193,1,1,2016,2016,3,3,0,3,36.128613138586,128.338086677159,경상북도 구미시 원평동(원평중고센터 부근),경상북도,구미시,기타,False,0.07142857142857142,0.21428571428571427,0.0
2186,1,1,2016,2016,3,3,0,2,35.867505210498,129.202359501791,경상북도 경주시 현곡면(행운공인중개사사무소 부근),경상북도,경주시,기타,False,0.07142857142857142,0.21428571428571427,0.0
160,1,1,2013,2013,3,3,2,1,35.205411397819,129.075720875219,부산광역시 동래구 온천동(태흥적벽돌청기와 부근),부산광역시,동래구,기타,False,0.07142857142857142,0.21428571428571427,0.14285714285714285
158,1,1,2013,2013,3,3,0,3,35.205098465223,129.065319827249,부산광역시 동래구 온천동(삼보통상 부근),부산광역시,동래구,기타,False,0.07142857142857142,0.21428571428571427,0.0
142,1,1,2013,2013,3,3,0,2,35.079781278184,129.044202928124,부산광역시 영도구 신선동3가(영선삼거리 부근),부산광역시,영도구,교차로·사거리,False,0.07142857142857142,0.21428571428571427,0.0
133,1,1,2013,2013,3,3,0,3,35.107136454185,129.0328321295,부산광역시 중구 대청동1가(중구청삼거리 부근),부산광역시,중구,주민센터·행정,False,0.07142857142857142,0.21428571428571427,0.0
132,1,1,2013,2013,3,3,0,2,35.106123919184,129.023088619945,부산광역시 중구 보수동1가(태영정판(주) 부근),부산광역시,중구,기타,False,0.07142857142857142,0.21428571428571427,0.0
208,1,1,2013,2013,3,3,1,2,35.900915821309,128.608238175153,대구광역시 북구 산격동(산격중학교 부근),대구광역시,북구,학교,False,0.07142857142857142,0.21428571428571427,0.07142857142857142
197,1,1,2013,2013,3,3,0,1,35.862628710448,128.543491601357,대구광역시 서구 중리동(독도불고기식당 부근),대구광역시,서구,기타,False,0.07142857142857142,0.21428571428571427,0.0
192,1,1,2013,2013,3,3,0,3,35.861318071773,128.592745500306,대구광역시 중구 남산동(남문시장네거리 부근),대구광역시,중구,전통시장,False,0.07142857142857142,0.21428571428571427,0.0
179,1,1,2013,2013,3,3,1,2,35.225710817701,129.081282305235,부산광역시 금정구 장전동(BK오피스텔 부근),부산광역시,금정구,기타,False,0.07142857142857142,0.21428571428571427,0.07142857142857142
173,1,1,2013,2013,3,3,0,2,35.178541486102,129.174726640323,부산광역시 해운대구 좌동(대림1차아파트 부근),부산광역시,해운대구,기타,False,0.07142857142857142,0.21428571428571427,0.0
2142,1,1,2016,2016,3,3,0,2,35.409975166322,127.388307841235,전라북도 남원시 동충동(구두 닦는곳 부근),전북특별자치도,남원시,기타,False,0.07142857142857142,0.21428571428571427,0.0
3654,1,1,2019,2019,3,3,0,1,37.256346810957,127.021875836002,경기도 수원시 권선구 권선동(세권사거리 부근),경기도,수원시 권선구,교차로·사거리,False,0.07142857142857142,0.21428571428571427,0.0
3652,1,1,2019,2019,3,3,1,2,37.304347780726,126.992674733154,경기도 수원시 장안구 정자동(효자문사거리 부근),경기도,수원시 장안구,교차로·사거리,False,0.07142857142857142,0.21428571428571427,0.07142857142857142
1471,1,1,2015,2015,3,3,0,1,37.611852310537,127.14461094534,경기도 구리시 인창동((구리농산물시장서측교차로) 부근),경기도,구리시,전통시장,False,0.07142857142857142,0.21428571428571427,0.0
1470,1,1,2015,2015,3,3,0,3,37.596892218702,127.144812952857,경기도 구리시 수택동(수택동사거리 부근),경기도,구리시,교차로·사거리,False,0.07142857142857142,0.21428571428571427,0.0
3621,1,1,2019,2019,3,3,1,2,35.139820329146,126.895018800079,광주광역시 남구 월산동(월산119안전센터 부근),전남광주통합특별시,남구,기타,False,0.07142857142857142,0.21428571428571427,0.07142857142857142
3618,1,1,2019,2019,3,3,0,1,35.151634243526,126.869227982187,광주광역시 서구 쌍촌동(쌍촌역 부근),전남광주통합특별시,서구,기타,False,0.07142857142857142,0.21428571428571427,0.0
3617,1,1,2019,2019,3,3,1,2,35.162964976453,126.883403919157,광주광역시 서구 광천동(광천동우체국 부근),전남광주통합특별시,서구,기타,False,0.07142857142857142,0.21428571428571427,0.07142857142857142
3612,1,1,2019,2019,3,3,0,2,35.135767642264,126.922356674922,광주광역시 동구 학동(학림교시점 부근),전남광주통합특별시,동구,기타,False,0.07142857142857142,0.21428571428571427,0.0
3606,1,1,2019,2019,3,3,1,2,37.477500104347,126.670626449052,인천광역시 서구 가좌동(동구어린이교통공원입구 부근),인천광역시,서구,기타,False,0.07142857142857142,0.21428571428571427,0.07142857142857142
3651,1,1,2019,2019,3,3,1,2,37.305377151036,126.995808672633,경기도 수원시 장안구 정자동(벽산블루밍아파트정문 부근),경기도,수원시 장안구,기타,False,0.07142857142857142,0.21428571428571427,0.07142857142857142
3643,1,1,2019,2019,3,3,0,2,35.580782192945,129.347896990855,울산광역시 중구 서동(SK엔크린 SK에너지 대정주유소 부근),울산광역시,중구,기타,False,0.07142857142857142,0.21428571428571427,0.0
3641,1,1,2019,2019,3,3,1,2,36.436869538499,127.422700098032,대전광역시 대덕구 평촌동(대현 부근),대전광역시,대덕구,기타,False,0.07142857142857142,0.21428571428571427,0.07142857142857142
3697,1,1,2019,2019,3,3,1,0,37.634630222408,126.83265724094,경기도 고양시 덕양구 화정동(화정역 부근),경기도,고양시 덕양구,기타,False,0.07142857142857142,0.21428571428571427,0.07142857142857142
3695,1,1,2019,2019,3,3,0,1,37.346283577826,126.821503912776,경기도 안산시 단원구 와동(선우마트DC아울렛 부근),경기도,안산시 단원구,마트·상가,False,0.07142857142857142,0.21428571428571427,0.0
3690,1,1,2019,2019,3,3,0,2,37.00064405478,127.086902111544,경기도 평택시 통복동(통복동행정복지센터 부근),경기도,평택시,주민센터·행정,False,0.07142857142857142,0.21428571428571427,0.0
3689,1,1,2019,2019,3,3,0,2,36.993083654888,127.089073753952,경기도 평택시 평택동(박애병원 부근),경기도,평택시,병원·의원,False,0.07142857142857142,0.21428571428571427,0.0
1466,1,1,2015,2015,3,3,0,3,37.687546623879,126.780632486701,경기도 고양시 일산동구 중산동(중산8단지사거리 부근),경기도,고양시 일산동구,교차로·사거리,False,0.07142857142857142,0.21428571428571427,0.0
1464,1,1,2015,2015,3,3,0,1,37.626294464819,126.823718741528,경기도 고양시 덕양구 토당동(벤처빌 부근),경기도,고양시 덕양구,기타,False,0.07142857142857142,0.21428571428571427,0.0
1459,1,1,2015,2015,3,3,0,2,37.293430833067,126.866011090141,경기도 안산시 상록구 본오동(한마음외과 부근),경기도,안산시 상록구,기타,False,0.07142857142857142,0.21428571428571427,0.0
1452,1,1,2015,2015,3,3,1,0,36.984069148373,126.922525163806,경기도 평택시 안중읍(평택안중주공1단지 부근),경기도,평택시,기타,False,0.07142857142857142,0.21428571428571427,0.07142857142857142
1439,1,1,2015,2015,3,3,0,2,37.383518104178,126.954926735282,경기도 안양시 동안구 호계동(범계우성아파트B 부근),경기도,안양시 동안구,기타,False,0.07142857142857142,0.21428571428571427,0.0
1438,1,1,2015,2015,3,3,1,1,37.417554701589,126.912161443997,경기도 안양시 만안구 석수동(석수경남아너스빌 부근),경기도,안양시 만안구,기타,False,0.07142857142857142,0.21428571428571427,0.07142857142857142
1437,1,1,2015,2015,3,3,1,1,37.387955059679,126.930528089501,경기도 안양시 만안구 안양동(도서관사거리 부근),경기도,안양시 만안구,교차로·사거리,False,0.07142857142857142,0.21428571428571427,0.07142857142857142
1432,1,1,2015,2015,3,3,0,0,37.736199750519,127.083775467365,경기도 의정부시 용현동((의정부농협앞) 부근),경기도,의정부시,은행,False,0.07142857142857142,0.21428571428571427,0.0
1431,1,1,2015,2015,3,3,0,2,37.734782216627,127.088209528848,경기도 의정부시 용현동((한신빌라앞) 부근),경기도,의정부시,기타,False,0.07142857142857142,0.21428571428571427,0.0
3681,1,1,2019,2019,3,3,2,0,37.488565615512,126.756671578731,경기도 부천시 상동(솔안공원입구 부근),경기도,부천시,기타,False,0.07142857142857142,0.21428571428571427,0.14285714285714285
3664,1,1,2019,2019,3,3,1,1,37.452113781727,127.159930497995,경기도 성남시 수정구 단대동(남한산성입구역 부근),경기도,성남시 수정구,기타,False,0.07142857142857142,0.21428571428571427,0.07142857142857142
3660,1,1,2019,2019,3,3,0,0,37.25171804895,127.071153725265,경기도 수원시 영통구 영통동(영통역 부근),경기도,수원시 영통구,기타,False,0.07142857142857142,0.21428571428571427,0.0
3715,1,1,2019,2019,3,3,0,1,37.360704556671,126.943370262629,경기도 군포시 금정동(제일마트 부근),경기도,군포시,마트·상가,False,0.07142857142857142,0.21428571428571427,0.0
3714,1,1,2019,2019,3,3,1,2,37.370410827998,126.933551959157,경기도 군포시 산본동(능안공원사거리 부근),경기도,군포시,교차로·사거리,False,0.07142857142857142,0.21428571428571427,0.07142857142857142
3709,1,1,2019,2019,3,3,1,1,37.708908402102,127.117126513379,경기도 남양주시 별내면(남양주청학주공2단지아파트정문 부근),경기도,남양주시,기타,False,0.07142857142857142,0.21428571428571427,0.07142857142857142
3603,1,1,2019,2019,3,3,0,1,37.543536879724,126.723076291239,인천광역시 계양구 계산동(계산삼거리 부근),인천광역시,계양구,교차로·사거리,False,0.07142857142857142,0.21428571428571427,0.0
3596,1,1,2019,2019,3,3,0,3,37.443947380868,126.698807220678,인천광역시 미추홀구 관교동(중앙공원사거리 부근),인천광역시,미추홀구,교차로·사거리,False,0.07142857142857142,0.21428571428571427,0.0
3595,1,1,2019,2019,3,3,0,1,37.481079520305,126.64806863546,인천광역시 동구 송림동(송림풍림아이원아파트정문 부근),인천광역시,동구,기타,False,0.07142857142857142,0.21428571428571427,0.0
3594,1,1,2019,2019,3,3,0,2,37.453802638382,126.605178986822,인천광역시 중구 항동7가(어시장사거리 부근),인천광역시,중구,전통시장,False,0.07142857142857142,0.21428571428571427,0.0
3592,1,1,2019,2019,3,3,0,2,35.813479253366,128.52152847526,대구광역시 달서구 진천동(미즈맘병원 부근),대구광역시,달서구,병원·의원,False,0.07142857142857142,0.21428571428571427,0.0
3591,1,1,2019,2019,3,3,0,2,35.847149233152,128.537443076938,대구광역시 달서구 감삼동(CU 참미소점 부근),대구광역시,달서구,기타,False,0.07142857142857142,0.21428571428571427,0.0
3581,1,1,2019,2019,3,3,0,2,35.889964747076,128.586749702238,대구광역시 북구 침산동(유한약국 부근),대구광역시,북구,약국,False,0.07142857142857142,0.21428571428571427,0.0
3580,1,1,2019,2019,3,3,0,2,35.880581475356,128.585160230561,대구광역시 북구 고성동2가(대구복합스포츠타운입구 부근),대구광역시,북구,기타,False,0.07142857142857142,0.21428571428571427,0.0
3699,1,1,2019,2019,3,3,0,2,37.706805442718,126.902911961719,경기도 고양시 덕양구 고양동(고양동사거리 부근),경기도,고양시 덕양구,교차로·사거리,False,0.07142857142857142,0.21428571428571427,0.0
3539,1,1,2019,2019,3,3,0,3,35.204296090993,129.069550765157,부산광역시 동래구 사직동(동래구 국민체육센터 부근),부산광역시,동래구,기타,False,0.07142857142857142,0.21428571428571427,0.0
3520,1,1,2019,2019,3,3,0,2,35.075545608044,129.068635268804,부산광역시 영도구 동삼동(동삼중학교 부근),부산광역시,영도구,학교,False,0.07142857142857142,0.21428571428571427,0.0
3579,1,1,2019,2019,3,3,1,2,35.882177790873,128.610497719995,대구광역시 북구 대현동(대현119안전센터 부근),대구광역시,북구,기타,False,0.07142857142857142,0.21428571428571427,0.07142857142857142
3568,1,1,2019,2019,3,3,0,3,35.888943561497,128.617104919458,대구광역시 동구 신암동(경대아파트입구 부근),대구광역시,동구,기타,False,0.07142857142857142,0.21428571428571427,0.0
1516,1,1,2015,2015,3,3,0,3,36.619846300767,127.487296047975,충청북도 청주시 서원구 모충동((법원2로법원뒷길) 부근),충청북도,청주시 서원구,기타,False,0.07142857142857142,0.21428571428571427,0.0
1510,1,1,2015,2015,3,3,0,2,37.547191931363,129.106508726598,강원도 동해시 발한동(묵호역사거리 부근),강원특별자치도,동해시,교차로·사거리,False,0.07142857142857142,0.21428571428571427,0.0
1506,1,1,2015,2015,3,3,0,0,37.351117047115,127.953952256692,강원도 원주시 평원동(처가집야식 부근),강원특별자치도,원주시,기타,False,0.07142857142857142,0.21428571428571427,0.0
1415,1,1,2015,2015,3,3,0,1,37.271302178654,127.043769838408,경기도 수원시 영통구 매탄동(제일좋은교회 부근),경기도,수원시 영통구,기타,False,0.07142857142857142,0.21428571428571427,0.0
1412,1,1,2015,2015,3,3,1,1,37.282250795938,127.006020556305,경기도 수원시 팔달구 북수동(오성건업(삼화페인트) 부근),경기도,수원시 팔달구,기타,False,0.07142857142857142,0.21428571428571427,0.07142857142857142
3730,1,1,2019,2019,3,3,0,2,37.075767613386,127.425375416543,경기도 안성시 죽산면(명성한의원 부근),경기도,안성시,병원·의원,False,0.07142857142857142,0.21428571428571427,0.0
3725,1,1,2019,2019,3,3,0,2,37.330950680131,127.12728928957,경기도 용인시 수지구 죽전동(내대지마을입구사거리 부근),경기도,용인시 수지구,교차로·사거리,False,0.07142857142857142,0.21428571428571427,0.0
3722,1,1,2019,2019,3,3,0,3,37.240619867214,127.17537079093,경기도 용인시 처인구 삼가동(용인시청소년수련관주차장입구 부근),경기도,용인시 처인구,주민센터·행정,False,0.07142857142857142,0.21428571428571427,0.0
3721,1,1,2019,2019,3,3,2,0,37.234540637242,127.208920955838,경기도 용인시 처인구 김량장동(용인사거리 부근),경기도,용인시 처인구,교차로·사거리,False,0.07142857142857142,0.21428571428571427,0.14285714285714285
3716,1,1,2019,2019,3,3,0,3,37.388729588201,126.973166928912,경기도 의왕시 내손동(민백사거리 부근),경기도,의왕시,교차로·사거리,False,0.07142857142857142,0.21428571428571427,0.0
3772,1,1,2019,2019,3,3,0,3,36.172527284108,127.77681219163,충청북도 영동군 영동읍(매천교 부근),충청북도,영동군,기타,False,0.07142857142857142,0.21428571428571427,0.0
3766,1,1,2019,2019,3,3,0,1,36.976542838182,127.921024082696,충청북도 충주시 봉방동(봉계교 부근),충청북도,충주시,기타,False,0.07142857142857142,0.21428571428571427,0.0
3765,1,1,2019,2019,3,3,0,2,36.969820689174,127.923461690606,충청북도 충주시 문화동(엔키즈하우스어린이집 부근),충청북도,충주시,기타,False,0.07142857142857142,0.21428571428571427,0.0
3764,1,1,2019,2019,3,3,0,3,36.978438732263,127.935251468082,충청북도 충주시 교현동(아현사거리 부근),충청북도,충주시,교차로·사거리,False,0.07142857142857142,0.21428571428571427,0.0
3762,1,1,2019,2019,3,3,0,2,36.657091157632,127.479370638445,충청북도 청주시 청원구 내덕동(루체피에스타 부근),충청북도,청주시 청원구,기타,False,0.07142857142857142,0.21428571428571427,0.0
3756,1,1,2019,2019,3,3,0,3,37.367944371636,128.394294573037,강원도 평창군 평창읍(평창농협 부근),강원특별자치도,평창군,은행,False,0.07142857142857142,0.21428571428571427,0.0
3752,1,1,2019,2019,3,3,0,1,38.206823714144,128.576910246712,강원도 속초시 교동(속초농협 북부지점 부근),강원특별자치도,속초시,은행,False,0.07142857142857142,0.21428571428571427,0.0
1430,1,1,2015,2015,3,3,1,1,37.750078685484,127.034531559885,경기도 의정부시 가능동(신촌로터리 부근),경기도,의정부시,기타,False,0.07142857142857142,0.21428571428571427,0.07142857142857142
1421,1,1,2015,2015,3,3,1,2,37.452753123259,127.14741151513,경기도 성남시 수정구 신흥동 신흥주공아파트 부근,경기도,성남시 수정구,기타,False,0.07142857142857142,0.21428571428571427,0.07142857142857142
1505,1,1,2015,2015,3,3,0,2,37.339309561988,127.95215938265,강원도 원주시 명륜동(명륜주유소(SK) 부근),강원특별자치도,원주시,기타,False,0.07142857142857142,0.21428571428571427,0.0
1495,1,1,2015,2015,3,3,0,1,37.89895304245,127.20189545741,경기도 포천시 신읍동((KT앞) 부근),경기도,포천시,기타,False,0.07142857142857142,0.21428571428571427,0.0
1488,1,1,2015,2015,3,3,0,1,37.005407820316,127.279397120282,경기도 안성시 봉산동(봉산메가마트 부근),경기도,안성시,마트·상가,False,0.07142857142857142,0.21428571428571427,0.0
3545,1,1,2019,2019,3,3,0,3,35.211974101524,129.036562790741,부산광역시 북구 만덕동(신만덕상가빌라 부근),부산광역시,북구,마트·상가,False,0.07142857142857142,0.21428571428571427,0.0
3794,1,1,2019,2019,3,3,0,3,36.807845952929,126.769945183624,충청남도 당진시 합덕읍(합덕읍보건지소 부근),충청남도,당진시,기타,False,0.07142857142857142,0.21428571428571427,0.0
1397,1,1,2015,2015,3,3,1,2,35.546655789234,129.284566319581,울산광역시 남구 무거동(정광사 부근),울산광역시,남구,기타,False,0.07142857142857142,0.21428571428571427,0.07142857142857142
1396,1,1,2015,2015,3,3,0,2,35.560167251319,129.339910704417,울산광역시 중구 반구동(구펄길사거리 부근),울산광역시,중구,교차로·사거리,False,0.07142857142857142,0.21428571428571427,0.0
3499,1,1,2019,2019,3,3,0,2,37.504772061582,127.114506968123,서울특별시 송파구 송파동(송파한양1차아파트정문 부근),서울특별시,송파구,기타,False,0.07142857142857142,0.21428571428571427,0.0
1517,1,1,2015,2015,3,3,0,3,36.63545763846,127.475670876111,충청북도 청주시 서원구 사직동(국보로사거리 부근),충청북도,청주시 서원구,교차로·사거리,False,0.07142857142857142,0.21428571428571427,0.0
1583,1,1,2015,2015,3,3,0,3,34.942773663575,127.48789129305,전라남도 순천시 덕월동(단독주택 부근),전남광주통합특별시,순천시,기타,False,0.07142857142857142,0.21428571428571427,0.0
1579,1,1,2015,2015,3,3,0,3,34.7486389884,127.700808718349,전라남도 여수시 여서동(부영6차상가 부근),전남광주통합특별시,여수시,마트·상가,False,0.07142857142857142,0.21428571428571427,0.0
1575,1,1,2015,2015,3,3,0,2,34.785303102657,126.386254559701,전라남도 목포시 동명동((항동아파트) 부근),전남광주통합특별시,목포시,기타,False,0.07142857142857142,0.21428571428571427,0.0
1390,1,1,2015,2015,3,3,0,2,36.358220877592,127.413853760244,대전광역시 대덕구 오정동(오정사거리 부근),대전광역시,대덕구,교차로·사거리,False,0.07142857142857142,0.21428571428571427,0.0
1386,1,1,2015,2015,3,3,1,0,36.333104024232,127.373444375259,대전광역시 서구 내동(안골네거리 부근),대전광역시,서구,기타,False,0.07142857142857142,0.21428571428571427,0.07142857142857142
1385,1,1,2015,2015,3,3,0,2,36.298515081207,127.384735314984,대전광역시 중구 사정동(유정주택 부근),대전광역시,중구,기타,False,0.07142857142857142,0.21428571428571427,0.0
3790,1,1,2019,2019,3,3,0,3,36.130212100809,127.099803192964,충청남도 논산시 연무읍(연무대사거리 부근),충청남도,논산시,교차로·사거리,False,0.07142857142857142,0.21428571428571427,0.0
2141,1,1,2016,2016,3,3,0,2,35.395826986028,127.378185312403,전라북도 남원시 노암동(비안 부근),전북특별자치도,남원시,기타,False,0.07142857142857142,0.21428571428571427,0.0
2138,1,1,2016,2016,3,3,1,2,36.003109776596,126.944535207535,전라북도 익산시 황등면(황등농협 부근),전북특별자치도,익산시,은행,False,0.07142857142857142,0.21428571428571427,0.07142857142857142
2136,1,1,2016,2016,3,3,0,2,35.97571616447,126.733011956238,전라북도 군산시 조촌동(경포초교사거리 부근),전북특별자치도,군산시,학교,False,0.07142857142857142,0.21428571428571427,0.0
2337,1,1,2017,2017,3,3,0,3,37.600476446931,126.910276677228,서울특별시 은평구 역촌동(신사연세치과 부근),서울특별시,은평구,기타,False,0.07142857142857142,0.21428571428571427,0.0
2336,1,1,2017,2017,3,3,1,1,37.594002661894,126.918209337992,서울특별시 은평구 응암동(응암시장 부근),서울특별시,은평구,전통시장,False,0.07142857142857142,0.21428571428571427,0.07142857142857142
2328,1,1,2017,2017,3,3,0,2,37.630299867146,127.0705517029,서울특별시 노원구 공릉동(하계지하차도(남측) 부근),서울특별시,노원구,기타,False,0.07142857142857142,0.21428571428571427,0.0
2324,1,1,2017,2017,3,3,0,3,37.661942051086,127.03166179086,서울특별시 도봉구 방학동(방학신동아APT 부근),서울특별시,도봉구,기타,False,0.07142857142857142,0.21428571428571427,0.0
2322,1,1,2017,2017,3,3,1,0,37.673313118606,127.043999223986,서울특별시 도봉구 도봉동(오일뱅크 부근),서울특별시,도봉구,기타,False,0.07142857142857142,0.21428571428571427,0.07142857142857142
2318,1,1,2017,2017,3,3,0,0,37.645604024307,127.019012029483,서울특별시 강북구 수유동(우이시장 부근),서울특별시,강북구,전통시장,False,0.07142857142857142,0.21428571428571427,0.0
2304,1,1,2017,2017,3,3,0,2,37.598655508646,127.021952382697,서울특별시 성북구 돈암동(고명정보산업고 부근),서울특별시,성북구,기타,False,0.07142857142857142,0.21428571428571427,0.0
168,1,1,2013,2013,3,3,1,1,35.143043827612,129.065814714279,부산광역시 남구 문현동(골목포장센타 부근),부산광역시,남구,기타,False,0.07142857142857142,0.21428571428571427,0.07142857142857142
229,1,1,2013,2013,3,3,0,3,37.507320363445,126.725725984468,인천광역시 부평구 갈산동(신트리공원사거리 부근),인천광역시,부평구,교차로·사거리,False,0.07142857142857142,0.21428571428571427,0.0
228,1,1,2013,2013,3,3,0,2,37.487312780761,126.739445310454,인천광역시 부평구 부개동(송신고가교 부근),인천광역시,부평구,기타,False,0.07142857142857142,0.21428571428571427,0.0
224,1,1,2013,2013,3,3,0,3,37.448985417144,126.666902890657,인천광역시 남구 주안동(제운사거리 부근),인천광역시,남구,교차로·사거리,False,0.07142857142857142,0.21428571428571427,0.0
223,1,1,2013,2013,3,3,0,2,37.452632170739,126.666664211485,인천광역시 남구 용현동(용일사거리 부근),인천광역시,남구,교차로·사거리,False,0.07142857142857142,0.21428571428571427,0.0
1371,1,1,2015,2015,3,3,1,1,35.163334184126,126.924288177658,광주광역시 북구 풍향동(중앙게임월드 부근),전남광주통합특별시,북구,기타,False,0.07142857142857142,0.21428571428571427,0.07142857142857142
1368,1,1,2015,2015,3,3,0,1,35.128020268821,126.914486978392,광주광역시 남구 봉선동(튀김집 부근),전남광주통합특별시,남구,기타,False,0.07142857142857142,0.21428571428571427,0.0
1364,1,1,2015,2015,3,3,0,1,35.171301404038,126.860485274177,광주광역시 서구 동천동(죽림지하차도종료 인근),전남광주통합특별시,서구,기타,False,0.07142857142857142,0.21428571428571427,0.0
1360,1,1,2015,2015,3,3,0,2,35.154657818205,126.931526331576,광주광역시 동구 산수동(산수오거리 부근),전남광주통합특별시,동구,교차로·사거리,False,0.07142857142857142,0.21428571428571427,0.0
3492,1,1,2019,2019,3,3,0,1,37.527944610356,127.030757934432,서울특별시 강남구 신사동(현대종합상가 부근),서울특별시,강남구,마트·상가,False,0.07142857142857142,0.21428571428571427,0.0
3491,1,1,2019,2019,3,3,0,2,37.509174132381,127.040205909676,서울특별시 강남구 역삼동(스타벅스 아크로힐스 논현점 부근),서울특별시,강남구,기타,False,0.07142857142857142,0.21428571428571427,0.0
3488,1,1,2019,2019,3,3,0,2,37.491982005966,127.026627823117,서울특별시 서초구 서초동(서이초교 부근),서울특별시,서초구,학교,False,0.07142857142857142,0.21428571428571427,0.0
3468,1,1,2019,2019,3,3,0,2,37.50293911375,126.885011739701,서울특별시 구로구 구로동(고려빌딩 부근),서울특별시,구로구,기타,False,0.07142857142857142,0.21428571428571427,0.0
1358,1,1,2015,2015,3,3,0,1,37.745643719283,126.487251746672,인천광역시 강화군 강화읍(수협사거리 부근),인천광역시,강화군,교차로·사거리,False,0.07142857142857142,0.21428571428571427,0.0
3810,1,1,2019,2019,3,3,0,2,35.974137768844,126.715660871053,전라북도 군산시 서흥남동(흥남사거리 부근),전북특별자치도,군산시,교차로·사거리,False,0.07142857142857142,0.21428571428571427,0.0
3796,1,1,2019,2019,3,3,1,0,36.103580181181,127.487038650314,충청남도 금산군 금산읍(금산우체국 부근),충청남도,금산군,기타,False,0.07142857142857142,0.21428571428571427,0.07142857142857142
3889,1,1,2019,2019,3,3,0,3,34.869588564861,128.416370235799,경상남도 통영시 도천동(드림빌딩 부근),경상남도,통영시,기타,False,0.07142857142857142,0.21428571428571427,0.0
3886,1,1,2019,2019,3,3,0,3,35.180031749067,128.116186798083,경상남도 진주시 상대동(공단광장사거리 부근),경상남도,진주시,교차로·사거리,False,0.07142857142857142,0.21428571428571427,0.0
3884,1,1,2019,2019,3,3,1,2,35.159254766695,128.697133124195,경상남도 창원시 진해구 석동(3호광장사거리 부근),경상남도,창원시 진해구,교차로·사거리,False,0.07142857142857142,0.21428571428571427,0.07142857142857142
3878,1,1,2019,2019,3,3,1,2,35.347331348664,128.607891824649,경상남도 창원시 의창구 북면(북면사무소앞 부근),경상남도,창원시 의창구,주민센터·행정,False,0.07142857142857142,0.21428571428571427,0.07142857142857142
3872,1,1,2019,2019,3,3,0,1,36.528691185451,129.045147995984,경상북도 청송군 진보면(청송농협 진보지점 부근),경상북도,청송군,은행,False,0.07142857142857142,0.21428571428571427,0.0
3864,1,1,2019,2019,3,3,1,2,36.363649895028,128.297521919902,경상북도 상주시 낙동면(낙동우체국 부근),경상북도,상주시,기타,False,0.07142857142857142,0.21428571428571427,0.07142857142857142
3863,1,1,2019,2019,3,3,0,1,35.978137312088,128.944438030892,경상북도 영천시 야사동(영천시종합사회복지관 부근),경상북도,영천시,기타,False,0.07142857142857142,0.21428571428571427,0.0
3850,1,1,2019,2019,3,3,0,2,35.849911250805,129.21544787602,경상북도 경주시 성동동(노블리안 부근),경상북도,경주시,기타,False,0.07142857142857142,0.21428571428571427,0.0
3847,1,1,2019,2019,3,3,1,2,36.039070464531,129.361455856204,경상북도 포항시 북구 대흥동(대우탕 부근),경상북도,포항시 북구,기타,False,0.07142857142857142,0.21428571428571427,0.07142857142857142
3842,1,1,2019,2019,3,3,0,2,34.848957760094,126.495014893324,전라남도 무안군 일로읍(조은약국 부근),전남광주통합특별시,무안군,약국,False,0.07142857142857142,0.21428571428571427,0.0
3841,1,1,2019,2019,3,3,1,1,34.676386274408,126.905919923267,전라남도 장흥군 장흥읍(대하정 부근),전남광주통합특별시,장흥군,기타,False,0.07142857142857142,0.21428571428571427,0.07142857142857142
3835,1,1,2019,2019,3,3,0,2,34.960303353218,127.518018372951,전라남도 순천시 조례동(예향빌딩 부근),전남광주통합특별시,순천시,기타,False,0.07142857142857142,0.21428571428571427,0.0
3829,1,1,2019,2019,3,3,0,1,34.744425466763,127.741733810568,전라남도 여수시 관문동(치킨아이 부근),전남광주통합특별시,여수시,기타,False,0.07142857142857142,0.21428571428571427,0.0
1380,1,1,2015,2015,3,3,0,2,36.321164499743,127.45920266797,대전광역시 동구 판암동(판암4차주공아파트 부근),대전광역시,동구,기타,False,0.07142857142857142,0.21428571428571427,0.0
1376,1,1,2015,2015,3,3,0,1,35.1776492687,126.897170173566,광주광역시 북구 용봉동((주)하림 광주지점(육가공팀) 부근),전남광주통합특별시,북구,기타,False,0.07142857142857142,0.21428571428571427,0.0
1374,1,1,2015,2015,3,3,0,1,35.185028048706,126.897944190373,광주광역시 북구 용봉동(오치초등학교A 부근),전남광주통합특별시,북구,학교,False,0.07142857142857142,0.21428571428571427,0.0
1354,1,1,2015,2015,3,3,0,3,37.526704071137,126.722324873495,인천광역시 계양구 작전동(신대사거리 부근),인천광역시,계양구,교차로·사거리,False,0.07142857142857142,0.21428571428571427,0.0
1352,1,1,2015,2015,3,3,0,3,37.513029966661,126.701799900946,인천광역시 부평구 산곡동(제트텔레콤 부근),인천광역시,부평구,기타,False,0.07142857142857142,0.21428571428571427,0.0
1342,1,1,2015,2015,3,3,0,2,37.466075565836,126.689954558857,인천광역시 남구 주안동(이화사거리 부근),인천광역시,남구,교차로·사거리,False,0.07142857142857142,0.21428571428571427,0.0
3445,1,1,2019,2019,3,3,1,1,37.666480722608,127.078371071569,서울특별시 노원구 상계동(대성한의원 부근),서울특별시,노원구,병원·의원,False,0.07142857142857142,0.21428571428571427,0.07142857142857142
3440,1,1,2019,2019,3,3,0,1,37.671343617715,127.04594865111,서울특별시 도봉구 도봉동(도봉중 부근),서울특별시,도봉구,기타,False,0.07142857142857142,0.21428571428571427,0.0
3439,1,1,2019,2019,3,3,0,2,37.684439935655,127.043652302413,서울특별시 도봉구 도봉동(부부약국 부근),서울특별시,도봉구,약국,False,0.07142857142857142,0.21428571428571427,0.0
1619,1,1,2015,2015,3,3,0,2,35.182581743454,128.089374692989,경상남도 진주시 칠암동(신성건설 부근),경상남도,진주시,기타,False,0.07142857142857142,0.21428571428571427,0.0
1612,1,1,2015,2015,2,3,2,0,35.694266681463,128.255567356649,경상북도 고령군 쌍림면(고령IC입구 부근),경상북도,고령군,기타,False,0.07142857142857142,0.21428571428571427,0.14285714285714285
1611,1,1,2015,2015,3,3,0,3,36.662294151155,129.116724422495,경상북도 영양군 영양읍(단독주택 부근),경상북도,영양군,기타,False,0.07142857142857142,0.21428571428571427,0.0
1610,1,1,2015,2015,3,3,0,3,35.83463114781,128.725564057536,경상북도 경산시 중산동(티스테이션 정평점 부근),경상북도,경산시,기타,False,0.07142857142857142,0.21428571428571427,0.0
1333,1,1,2015,2015,3,3,0,2,35.854903612313,128.553839090203,대구광역시 달서구 두류동(신내당 부근),대구광역시,달서구,기타,False,0.07142857142857142,0.21428571428571427,0.0
1332,1,1,2015,2015,3,3,0,3,35.810557223838,128.540243121524,대구광역시 달서구 상인동(한양은하 부근),대구광역시,달서구,기타,False,0.07142857142857142,0.21428571428571427,0.0
3894,1,1,2019,2019,3,3,1,2,35.241738894935,128.90420111609,경상남도 김해시 어방동(GS칼텍스 예진주유소 부근),경상남도,김해시,기타,False,0.07142857142857142,0.21428571428571427,0.07142857142857142
3892,1,1,2019,2019,3,3,1,1,34.930664158225,128.08465476041,경상남도 사천시 동금동(1호광장사거리 부근),경상남도,사천시,교차로·사거리,False,0.07142857142857142,0.21428571428571427,0.07142857142857142
1589,1,1,2015,2015,3,3,0,2,36.040748648033,129.364169007395,경상북도 포항시 북구 대흥동(교차로 부근),경상북도,포항시 북구,교차로·사거리,False,0.07142857142857142,0.21428571428571427,0.0
3419,1,1,2019,2019,3,3,0,2,37.587111926875,127.074265884064,서울특별시 중랑구 면목동(일신강변아파트 부근),서울특별시,중랑구,기타,False,0.07142857142857142,0.21428571428571427,0.0
3418,1,1,2019,2019,3,3,1,1,37.596831931749,127.087249214781,서울특별시 중랑구 상봉동(상봉역1번출구 부근),서울특별시,중랑구,기타,False,0.07142857142857142,0.21428571428571427,0.07142857142857142
3396,1,1,2019,2019,2,3,2,0,37.564711408306,127.002707108547,서울특별시 중구 을지로5가(오장동사거리 부근),서울특별시,중구,교차로·사거리,False,0.07142857142857142,0.21428571428571427,0.14285714285714285
3909,1,1,2019,2019,3,3,0,1,35.026868101683,127.903465933107,경상남도 하동군 진교면(문화사진관 부근),경상남도,하동군,기타,False,0.07142857142857142,0.21428571428571427,0.0
3900,1,1,2019,2019,3,3,0,3,35.409620026744,129.167751436481,경상남도 양산시 명동(GS25 서창희망점 부근),경상남도,양산시,기타,False,0.07142857142857142,0.21428571428571427,0.0
3899,1,1,2019,2019,3,3,1,2,35.415369082318,129.168190454027,경상남도 양산시 삼호동(삼호사거리 부근),경상남도,양산시,교차로·사거리,False,0.07142857142857142,0.21428571428571427,0.07142857142857142
3898,1,1,2019,2019,3,3,1,1,35.396986215742,128.838060728921,경상남도 밀양시 삼랑진읍(송지사거리 부근),경상남도,밀양시,교차로·사거리,False,0.07142857142857142,0.21428571428571427,0.07142857142857142
3896,1,1,2019,2019,3,3,0,2,35.240188622008,128.86714963325,경상남도 김해시 내동(연지사거리 부근),경상남도,김해시,교차로·사거리,False,0.07142857142857142,0.21428571428571427,0.0
1356,1,1,2015,2015,3,3,1,1,37.513765307224,126.668762146357,인천광역시 서구 석남동(독골사거리 부근),인천광역시,서구,교차로·사거리,False,0.07142857142857142,0.21428571428571427,0.07142857142857142
1355,1,1,2015,2015,3,3,1,1,37.601104185411,126.659797482069,인천광역시 서구 마전동(검단사거리 부근),인천광역시,서구,교차로·사거리,False,0.07142857142857142,0.21428571428571427,0.07142857142857142
3386,1,1,2018,2018,3,3,0,0,33.50126456341,126.531947468702,제주특별자치도 제주시 이도이동(백가네 부근),제주특별자치도,제주시,기타,False,0.07142857142857142,0.21428571428571427,0.0
3382,1,1,2018,2018,3,3,0,3,33.499040914108,126.51981422215,제주특별자치도 제주시 삼도일동(삼오교 부근),제주특별자치도,제주시,기타,False,0.07142857142857142,0.21428571428571427,0.0
3381,1,1,2018,2018,3,3,0,3,33.493794334042,126.51641444757,제주특별자치도 제주시 오라일동(한라명동칼국수 부근),제주특별자치도,제주시,기타,False,0.07142857142857142,0.21428571428571427,0.0
3377,1,1,2018,2018,3,3,0,3,35.415408309847,127.876755585403,경상남도 산청군 산청읍(국립농산물품질관리원 부근),경상남도,산청군,기타,False,0.07142857142857142,0.21428571428571427,0.0
3366,1,1,2018,2018,3,3,0,3,35.232082177152,128.895661259161,경상남도 김해시 삼정동(대진약국 부근),경상남도,김해시,약국,False,0.07142857142857142,0.21428571428571427,0.0
3360,1,1,2018,2018,3,3,0,3,34.850607275906,128.427076219593,경상남도 통영시 태평동(동큐치킨복신체인점 부근),경상남도,통영시,기타,False,0.07142857142857142,0.21428571428571427,0.0
1659,1,1,2016,2016,3,3,0,2,37.559600472984,126.971139622297,서울특별시 중구 의주로2가(염천교 부근),서울특별시,중구,기타,False,0.07142857142857142,0.21428571428571427,0.0
1652,1,1,2016,2016,3,3,0,1,37.57691613837,127.015422501548,서울특별시 종로구 창신동(박민규이빈후과 부근),서울특별시,종로구,기타,False,0.07142857142857142,0.21428571428571427,0.0
1320,1,1,2015,2015,3,3,0,3,35.840886823869,128.609770431961,대구광역시 수성구 중동(중동하이츠 부근),대구광역시,수성구,기타,False,0.07142857142857142,0.21428571428571427,0.0
1319,1,1,2015,2015,3,3,0,3,35.868002603039,128.615690997243,대구광역시 수성구 만촌동(미남미녀 부근),대구광역시,수성구,기타,False,0.07142857142857142,0.21428571428571427,0.0
1318,1,1,2015,2015,3,3,0,3,35.8711916179,128.633492885589,대구광역시 수성구 만촌동(효신네거리 부근),대구광역시,수성구,기타,False,0.07142857142857142,0.21428571428571427,0.0
1314,1,1,2015,2015,3,3,0,3,35.90391609815,128.563893492692,대구광역시 북구 노원동3가(노곡교 부근),대구광역시,북구,기타,False,0.07142857142857142,0.21428571428571427,0.0
3948,1,1,2020,2020,3,3,0,3,37.575679266586,127.08850969197,서울특별시 중랑구 면목동(용마산역 부근),서울특별시,중랑구,기타,False,0.07142857142857142,0.21428571428571427,0.0
3938,1,1,2020,2020,3,3,0,0,37.586215426002,127.048877117986,서울특별시 동대문구 청량리동(청량리정신병원입구 부근),서울특별시,동대문구,병원·의원,False,0.07142857142857142,0.21428571428571427,0.0
3926,1,1,2020,2020,3,3,0,2,37.568648490936,127.030468727751,서울특별시 성동구 홍익동(청계벽산상가 부근),서울특별시,성동구,마트·상가,False,0.07142857142857142,0.21428571428571427,0.0
3922,1,1,2020,2020,3,3,0,2,37.569033794675,127.009478037682,서울특별시 중구 을지로6가(흥인시장 부근),서울특별시,중구,전통시장,False,0.07142857142857142,0.21428571428571427,0.0
4008,1,1,2020,2020,3,3,0,2,37.531085326228,126.852043741926,서울특별시 강서구 화곡동(동면빌딩 부근),서울특별시,강서구,기타,False,0.07142857142857142,0.21428571428571427,0.0
4002,1,1,2020,2020,3,3,0,2,37.522365134544,126.876830907422,서울특별시 양천구 신정동(삼익쇼핑지하상가 부근),서울특별시,양천구,마트·상가,False,0.07142857142857142,0.21428571428571427,0.0
4001,1,1,2020,2020,3,3,0,3,37.512784468829,126.853429339993,서울특별시 양천구 신정동(신트리현대아파트501동 부근),서울특별시,양천구,기타,False,0.07142857142857142,0.21428571428571427,0.0
3997,1,1,2020,2020,3,3,0,1,37.550390624728,126.946107178405,서울특별시 마포구 대흥동(대흥동사무소 부근),서울특별시,마포구,기타,False,0.07142857142857142,0.21428571428571427,0.0
3995,1,1,2020,2020,3,3,0,2,37.563131907413,126.928067619926,서울특별시 서대문구 연희동(연희동성당앞 부근),서울특별시,서대문구,기타,False,0.07142857142857142,0.21428571428571427,0.0
1307,1,1,2015,2015,3,3,0,2,35.858617752108,128.577329763359,대구광역시 남구 대명동(대명시장 부근),대구광역시,남구,전통시장,False,0.07142857142857142,0.21428571428571427,0.0
1296,1,1,2015,2015,3,3,2,1,35.893501540565,128.63767927468,대구광역시 동구 지저동(우경다가구주택 부근),대구광역시,동구,기타,False,0.07142857142857142,0.21428571428571427,0.14285714285714285
3981,1,1,2020,2020,3,3,0,2,37.628980615664,127.055067185803,서울특별시 노원구 월계동(인덕공전 부근),서울특별시,노원구,기타,False,0.07142857142857142,0.21428571428571427,0.0
3976,1,1,2020,2020,3,3,1,2,37.651264738578,127.032995223752,서울특별시 도봉구 쌍문동(정의여중고 부근),서울특별시,도봉구,기타,False,0.07142857142857142,0.21428571428571427,0.07142857142857142
3973,1,1,2020,2020,3,3,0,2,37.643533242666,127.015602650143,서울특별시 강북구 수유동(국민마트 부근),서울특별시,강북구,마트·상가,False,0.07142857142857142,0.21428571428571427,0.0
3961,1,1,2020,2020,3,3,0,1,37.591809704655,127.003217105086,서울특별시 성북구 성북동(참나무닭나라 부근),서울특별시,성북구,기타,False,0.07142857142857142,0.21428571428571427,0.0
1323,1,1,2015,2015,3,3,0,2,35.839810730182,128.624309968431,대구광역시 수성구 황금동(황금네거리 부근),대구광역시,수성구,기타,False,0.07142857142857142,0.21428571428571427,0.0
1322,1,1,2015,2015,3,3,0,2,35.836448920482,128.709345306042,대구광역시 수성구 신매동(시지중학교 부근),대구광역시,수성구,학교,False,0.07142857142857142,0.21428571428571427,0.0
1321,1,1,2015,2015,3,3,0,2,35.860411592922,128.610544170878,대구광역시 수성구 신매동(수성안마 부근),대구광역시,수성구,기타,False,0.07142857142857142,0.21428571428571427,0.0
222,1,1,2013,2013,3,3,0,1,37.448074882351,126.679623309069,인천광역시 남구 주안동(진흥사거리 부근),인천광역시,남구,교차로·사거리,False,0.07142857142857142,0.21428571428571427,0.0
219,1,1,2013,2013,3,3,1,2,37.47019332856,126.627576524138,인천광역시 중구 답동(답동사거리 부근),인천광역시,중구,교차로·사거리,False,0.07142857142857142,0.21428571428571427,0.07142857142857142
2366,1,1,2017,2017,3,3,1,1,37.478954505947,126.889295085601,서울특별시 금천구 가산동(모텔케슬 부근),서울특별시,금천구,기타,False,0.07142857142857142,0.21428571428571427,0.07142857142857142
2363,1,1,2017,2017,3,3,0,3,37.500362940099,126.866569454917,서울특별시 구로구 고척동(의성빌딩 부근),서울특별시,구로구,기타,False,0.07142857142857142,0.21428571428571427,0.0
2362,1,1,2017,2017,3,3,0,3,37.499445573156,126.85710450497,서울특별시 구로구 고척동(삼영아파트 부근),서울특별시,구로구,기타,False,0.07142857142857142,0.21428571428571427,0.0
2353,1,1,2017,2017,3,3,0,1,37.524730275982,126.84142109291,서울특별시 양천구 신월동(신월고가차도(남측) 부근),서울특별시,양천구,기타,False,0.07142857142857142,0.21428571428571427,0.0
2168,1,1,2016,2016,3,3,0,3,34.935940417717,127.69794623743,전라남도 광양시 중동(E안경원 부근),전남광주통합특별시,광양시,기타,False,0.07142857142857142,0.21428571428571427,0.0
214,1,1,2013,2013,3,3,0,3,35.854764381972,128.545101849172,대구광역시 달서구 감삼동(영남신발 부근),대구광역시,달서구,기타,False,0.07142857142857142,0.21428571428571427,0.0
251,1,1,2013,2013,3,3,0,3,35.143339929395,126.903322756741,광주광역시 남구 백운동(대성초교사거리 부근),전남광주통합특별시,남구,학교,False,0.07142857142857142,0.21428571428571427,0.0
247,1,1,2013,2013,3,3,2,1,35.151593479057,126.87374029458,광주광역시 서구 화정동(전남지방경찰청기동대 부근),전남광주통합특별시,서구,기타,False,0.07142857142857142,0.21428571428571427,0.14285714285714285
241,1,1,2013,2013,3,3,0,2,35.148194621785,126.91819965679,광주광역시 동구 금남로1가(까꿍 부근),전남광주통합특별시,동구,기타,False,0.07142857142857142,0.21428571428571427,0.0
1268,1,1,2015,2015,3,3,1,2,35.100405298467,128.976649528854,부산광역시 사하구 당리동(정은음악학원 부근),부산광역시,사하구,기타,False,0.07142857142857142,0.21428571428571427,0.07142857142857142
1640,1,1,2015,2015,3,3,0,2,35.521243809855,127.732255032645,경상남도 함양군 함양읍(주차장사거리 부근),경상남도,함양군,교차로·사거리,False,0.07142857142857142,0.21428571428571427,0.0
1638,1,1,2015,2015,3,3,0,1,35.277188727479,127.837068132989,경상남도 산청군 시천면(농산물간이집하장 부근),경상남도,산청군,기타,False,0.07142857142857142,0.21428571428571427,0.0
1635,1,1,2015,2015,3,3,0,2,35.307181365029,128.517611501471,경상남도 함안군 칠원면(삼칠떡방앗간 부근),경상남도,함안군,기타,False,0.07142857142857142,0.21428571428571427,0.0
1633,1,1,2015,2015,3,3,0,2,34.890503707381,128.624267019508,경상남도 거제시 고현동(고현시외버스터미널 부근),경상남도,거제시,역·터미널,False,0.07142857142857142,0.21428571428571427,0.0
1630,1,1,2015,2015,3,3,0,3,35.23833895488,128.88406959064,경상남도 김해시 대성동(해성사사거리 부근),경상남도,김해시,교차로·사거리,False,0.07142857142857142,0.21428571428571427,0.0
1627,1,1,2015,2015,3,3,1,1,35.238968090906,128.876986900726,경상남도 김해시 대성동(김해여중삼거리 부근),경상남도,김해시,교차로·사거리,False,0.07142857142857142,0.21428571428571427,0.07142857142857142
3355,1,1,2018,2018,3,3,0,3,35.168087072361,128.053082809925,경상남도 진주시 평거동(평거농협삼거리 부근),경상남도,진주시,은행,False,0.07142857142857142,0.21428571428571427,0.0
3353,1,1,2018,2018,3,3,1,2,35.178246765677,128.084928710992,경상남도 진주시 망경동(궁소보리밥 부근),경상남도,진주시,기타,False,0.07142857142857142,0.21428571428571427,0.07142857142857142
3350,1,1,2018,2018,3,3,0,1,35.154298410444,128.702319227551,경상남도 창원시 진해구 석동(GS25진해동부점 부근),경상남도,창원시 진해구,기타,False,0.07142857142857142,0.21428571428571427,0.0
3342,1,1,2018,2018,3,3,1,1,36.662038127658,129.113004531535,경상북도 영양군 영양읍(영양소문난고기백화점 부근),경상북도,영양군,마트·상가,False,0.07142857142857142,0.21428571428571427,0.07142857142857142
3335,1,1,2018,2018,3,3,0,1,36.57890211684,128.574041096421,경상북도 안동시 풍산읍(용상새마을금고풍산지점 부근),경상북도,안동시,은행,False,0.07142857142857142,0.21428571428571427,0.0
3334,1,1,2018,2018,3,3,1,2,36.573963970961,128.686953833753,경상북도 안동시 송현동(안동송현이안아파트105동앞 부근),경상북도,안동시,기타,False,0.07142857142857142,0.21428571428571427,0.07142857142857142
3329,1,1,2018,2018,3,3,0,1,36.126143175768,128.107419820969,경상북도 김천시 평화동(재창약국 부근),경상북도,김천시,약국,False,0.07142857142857142,0.21428571428571427,0.0
1264,1,1,2015,2015,3,3,0,3,35.179545884936,129.125992256339,부산광역시 해운대구 재송동(재송동 삼거리 부근),부산광역시,해운대구,교차로·사거리,False,0.07142857142857142,0.21428571428571427,0.0
1243,1,1,2015,2015,3,3,0,3,35.148883829826,129.053279625455,부산광역시 부산진구 범천동(한솔학원 부근),부산광역시,부산진구,기타,False,0.07142857142857142,0.21428571428571427,0.0
3311,1,1,2018,2018,3,3,0,1,35.05859591547,126.981559773666,전라남도 화순군 화순읍(중앙병원교차로 부근),전남광주통합특별시,화순군,병원·의원,False,0.07142857142857142,0.21428571428571427,0.0
3307,1,1,2018,2018,3,3,0,2,34.944428754285,127.48788018912,전라남도 순천시 인제동(GS25순천연일점 부근),전남광주통합특별시,순천시,기타,False,0.07142857142857142,0.21428571428571427,0.0
1686,1,1,2016,2016,3,3,0,2,37.567623270998,127.068666998185,서울특별시 동대문구 장안동(동양빌딩 부근),서울특별시,동대문구,기타,False,0.07142857142857142,0.21428571428571427,0.0
1673,1,1,2016,2016,3,3,0,2,37.541392431017,127.017248576762,서울특별시 성동구 옥수동(옥수동노인정 부근),서울특별시,성동구,기타,False,0.07142857142857142,0.21428571428571427,0.0
1671,1,1,2016,2016,3,3,1,0,37.542248130548,127.063697373336,서울특별시 성동구 성수동2가(성수사거리 부근),서울특별시,성동구,교차로·사거리,False,0.07142857142857142,0.21428571428571427,0.07142857142857142
4044,1,1,2020,2020,3,3,1,0,37.525486893606,127.024741242416,서울특별시 강남구 신사동(벽당빌딩 부근),서울특별시,강남구,기타,False,0.07142857142857142,0.21428571428571427,0.07142857142857142
4043,1,1,2020,2020,3,3,1,1,37.504435157557,127.025723278707,서울특별시 강남구 역삼동(신논현역 부근),서울특별시,강남구,기타,False,0.07142857142857142,0.21428571428571427,0.07142857142857142
4037,1,1,2020,2020,3,3,1,1,37.487200021964,126.932565598924,서울특별시 관악구 신림동(금성빌딩 부근),서울특별시,관악구,기타,False,0.07142857142857142,0.21428571428571427,0.07142857142857142
1285,1,1,2015,2015,3,3,0,2,35.175205853868,129.111494859401,부산광역시 수영구 망미동(명송돼지국밥 부근),부산광역시,수영구,기타,False,0.07142857142857142,0.21428571428571427,0.0
1282,1,1,2015,2015,3,3,0,2,35.189322637031,129.091622710121,부산광역시 연제구 연산동(정우식육점 부근),부산광역시,연제구,기타,False,0.07142857142857142,0.21428571428571427,0.0
1281,1,1,2015,2015,3,3,0,3,35.181048415553,129.075162562603,부산광역시 연제구 연산동(부산광역시청 부근),부산광역시,연제구,주민센터·행정,False,0.07142857142857142,0.21428571428571427,0.0
1280,1,1,2015,2015,3,3,1,2,35.186225183047,129.070153078003,부산광역시 연제구 거제동(거제교회앞A 부근),부산광역시,연제구,기타,False,0.07142857142857142,0.21428571428571427,0.07142857142857142
1273,1,1,2015,2015,3,3,0,2,35.06276613565,128.983658345757,부산광역시 사하구 다대동(천주교다대성당 부근),부산광역시,사하구,기타,False,0.07142857142857142,0.21428571428571427,0.0
1271,1,1,2015,2015,3,3,0,3,35.094302423519,129.010162627304,부산광역시 사하구 감천동(단독주택 부근),부산광역시,사하구,기타,False,0.07142857142857142,0.21428571428571427,0.0
4094,1,1,2020,2020,3,3,0,2,35.126465641377,129.109436529773,부산광역시 남구 용호동(분포로113 부근),부산광역시,남구,기타,False,0.07142857142857142,0.21428571428571427,0.0
4080,1,1,2020,2020,3,3,0,2,35.175395229507,129.077893044629,부산광역시 부산진구 양정동(양연로3 부근),부산광역시,부산진구,기타,False,0.07142857142857142,0.21428571428571427,0.0
4078,1,1,2020,2020,3,3,0,3,35.175188292806,129.048810347421,부산광역시 부산진구 초읍동(성곡시장입구 부근),부산광역시,부산진구,전통시장,False,0.07142857142857142,0.21428571428571427,0.0
4076,1,1,2020,2020,3,3,1,1,35.143499541072,129.055856650765,부산광역시 부산진구 범천동(범곡교차로 부근),부산광역시,부산진구,교차로·사거리,False,0.07142857142857142,0.21428571428571427,0.07142857142857142
4068,1,1,2020,2020,3,3,0,3,35.119822143478,129.035685829439,부산광역시 동구 초량동((구)해룡약국 부근),부산광역시,동구,약국,False,0.07142857142857142,0.21428571428571427,0.0
4064,1,1,2020,2020,3,3,0,1,35.098167248321,129.020458994188,부산광역시 서구 토성동5가(토성동역사거리 부근),부산광역시,서구,교차로·사거리,False,0.07142857142857142,0.21428571428571427,0.0
4058,1,1,2020,2020,3,3,2,0,37.531701607344,127.149790525913,서울특별시 강동구 둔촌동(일자산입구 부근),서울특별시,강동구,기타,False,0.07142857142857142,0.21428571428571427,0.14285714285714285
4051,1,1,2020,2020,3,3,0,2,37.498920797158,127.145245605002,서울특별시 송파구 마천동(성내2교남단 부근),서울특별시,송파구,기타,False,0.07142857142857142,0.21428571428571427,0.0
4050,1,1,2020,2020,3,3,0,2,37.500253291157,127.111970296293,서울특별시 송파구 송파동(송파지하차도북측 부근),서울특별시,송파구,기타,False,0.07142857142857142,0.21428571428571427,0.0
4049,1,1,2020,2020,3,3,0,2,37.513181399903,127.117953464282,서울특별시 송파구 방이동(방이초교앞 부근),서울특별시,송파구,학교,False,0.07142857142857142,0.21428571428571427,0.0
1263,1,1,2015,2015,3,3,1,2,35.168249659895,129.139583720314,부산광역시 해운대구 우동(올림픽교차로 부근),부산광역시,해운대구,교차로·사거리,False,0.07142857142857142,0.21428571428571427,0.07142857142857142
1258,1,1,2015,2015,3,3,0,1,35.211806948133,129.012132098519,부산광역시 북구 덕천동(덕천오토바이 부근),부산광역시,북구,기타,False,0.07142857142857142,0.21428571428571427,0.0
1256,1,1,2015,2015,3,3,0,0,35.137014764521,129.108849169954,부산광역시 남구 대연동(광안대교대연램프 부근),부산광역시,남구,기타,False,0.07142857142857142,0.21428571428571427,0.0
1251,1,1,2015,2015,3,3,0,2,35.199011478598,129.076759245944,부산광역시 동래구 사직동(송월타올앞 부근),부산광역시,동래구,기타,False,0.07142857142857142,0.21428571428571427,0.0
3287,1,1,2018,2018,3,3,0,2,36.003544811944,127.656995462372,전라북도 무주군 무주읍(덕화리버사이드 부근),전북특별자치도,무주군,기타,False,0.07142857142857142,0.21428571428571427,0.0
3281,1,1,2018,2018,3,3,0,2,35.945119034117,126.966218351297,전라북도 익산시 마동(풍년뽈찜아구찜 부근),전북특별자치도,익산시,기타,False,0.07142857142857142,0.21428571428571427,0.0
3279,1,1,2018,2018,3,3,1,2,35.9331833929,126.94467005548,전라북도 익산시 평화동(평화사거리 부근),전북특별자치도,익산시,교차로·사거리,False,0.07142857142857142,0.21428571428571427,0.07142857142857142
3274,1,1,2018,2018,3,3,0,1,35.967122360809,126.695829413398,전라북도 군산시 나운동(나운지구대 부근),전북특별자치도,군산시,기타,False,0.07142857142857142,0.21428571428571427,0.0
3273,1,1,2018,2018,3,3,1,2,35.975550227862,126.723892255125,전라북도 군산시 경장동(팔아광장교차로 부근),전북특별자치도,군산시,교차로·사거리,False,0.07142857142857142,0.21428571428571427,0.07142857142857142
4120,1,1,2020,2020,3,3,0,2,35.195821351275,129.080335421643,부산광역시 연제구 거제동(교대사거리 부근),부산광역시,연제구,교차로·사거리,False,0.07142857142857142,0.21428571428571427,0.0
4118,1,1,2020,2020,3,3,0,2,35.218353110609,128.935986259859,부산광역시 강서구 강동동(낙동북로75 부근),부산광역시,강서구,기타,False,0.07142857142857142,0.21428571428571427,0.0
4116,1,1,2020,2020,3,3,0,2,35.260546839566,129.085845280936,부산광역시 금정구 구서동(금강로594 부근),부산광역시,금정구,기타,False,0.07142857142857142,0.21428571428571427,0.0
4115,1,1,2020,2020,3,3,1,2,35.25841886464,129.091519291683,부산광역시 금정구 구서동(중앙대로1946 부근),부산광역시,금정구,기타,False,0.07142857142857142,0.21428571428571427,0.07142857142857142
4103,1,1,2020,2020,3,3,0,3,35.164479941997,129.184274742486,부산광역시 해운대구 좌동(달맞이길117번나길194 부근),부산광역시,해운대구,기타,False,0.07142857142857142,0.21428571428571427,0.0
4101,1,1,2020,2020,3,3,1,1,35.219798461431,129.127883741942,부산광역시 해운대구 석대동(세양물류CY 부근),부산광역시,해운대구,기타,False,0.07142857142857142,0.21428571428571427,0.07142857142857142
4100,1,1,2020,2020,3,3,1,2,35.190322835132,129.12040095714,부산광역시 해운대구 재송동(재송삼익아파트 부근),부산광역시,해운대구,기타,False,0.07142857142857142,0.21428571428571427,0.07142857142857142
4096,1,1,2020,2020,2,3,1,2,35.132496403287,129.086623462504,부산광역시 남구 대연동(천제등로25 부근),부산광역시,남구,기타,False,0.07142857142857142,0.21428571428571427,0.07142857142857142
1701,1,1,2016,2016,3,3,0,3,37.601273829924,127.040837680716,서울특별시 성북구 하월곡동(원조산천칡냉면 부근),서울특별시,성북구,기타,False,0.07142857142857142,0.21428571428571427,0.0
1693,1,1,2016,2016,3,3,0,3,37.601873486173,127.083675326956,서울특별시 중랑구 중화동(중흥초교 부근),서울특별시,중랑구,학교,False,0.07142857142857142,0.21428571428571427,0.0
1691,1,1,2016,2016,3,3,1,0,37.582005659035,127.093401601004,서울특별시 중랑구 면목동(용마한신아파트 부근),서울특별시,중랑구,기타,False,0.07142857142857142,0.21428571428571427,0.07142857142857142
1687,1,1,2016,2016,3,3,0,2,37.579223242959,127.050332472866,서울특별시 동대문구 전농동(전농1동사무소 부근),서울특별시,동대문구,기타,False,0.07142857142857142,0.21428571428571427,0.0
1732,1,1,2016,2016,3,3,0,2,37.614534771463,126.922436853979,서울특별시 은평구 대조동(우성정육점 부근),서울특별시,은평구,기타,False,0.07142857142857142,0.21428571428571427,0.0
1729,1,1,2016,2016,3,3,0,3,37.62497761003,126.928941294206,서울특별시 은평구 불광동(연신초교삼거리 부근),서울특별시,은평구,학교,False,0.07142857142857142,0.21428571428571427,0.0
1722,1,1,2016,2016,3,3,0,2,37.664689837867,127.064218563737,서울특별시 노원구 상계동(상계9동사무소 부근),서울특별시,노원구,기타,False,0.07142857142857142,0.21428571428571427,0.0
1227,1,1,2015,2015,3,3,0,2,35.11730048583,129.033323184518,부산광역시 동구 초량동(동일파크맨션관리소 부근),부산광역시,동구,기타,False,0.07142857142857142,0.21428571428571427,0.0
1211,1,1,2015,2015,3,3,0,3,37.500892746904,127.106705358367,서울특별시 송파구 석촌동(석촌초교입구 부근),서울특별시,송파구,학교,False,0.07142857142857142,0.21428571428571427,0.0
4151,1,1,2020,2020,3,3,1,1,35.928630891603,128.560343636551,대구광역시 북구 구암동(칠곡청구타운앞 부근),대구광역시,북구,기타,False,0.07142857142857142,0.21428571428571427,0.07142857142857142
4135,1,1,2020,2020,3,3,1,2,35.874421210172,128.597930793372,대구광역시 중구 태평로1가(정음전자 부근),대구광역시,중구,기타,False,0.07142857142857142,0.21428571428571427,0.07142857142857142
4130,1,1,2020,2020,3,3,0,3,35.130398561945,128.973196026077,부산광역시 사상구 엄궁동(엄궁로206 부근),부산광역시,사상구,기타,False,0.07142857142857142,0.21428571428571427,0.0
1670,1,1,2016,2016,3,3,1,2,37.564152415802,127.030134157466,서울특별시 성동구 상왕십리동(상왕십리역 부근),서울특별시,성동구,기타,False,0.07142857142857142,0.21428571428571427,0.07142857142857142
1669,1,1,2016,2016,3,3,1,2,37.556701386061,127.02490536779,서울특별시 성동구 금호동1가(논골사거리 부근),서울특별시,성동구,교차로·사거리,False,0.07142857142857142,0.21428571428571427,0.07142857142857142
1663,1,1,2016,2016,3,3,1,0,37.549417686878,126.971687053116,서울특별시 용산구 갈월동(항강로-청파1로진출로 부근),서울특별시,용산구,기타,False,0.07142857142857142,0.21428571428571427,0.07142857142857142
1718,1,1,2016,2016,3,3,0,1,37.653255455376,127.027336705626,서울특별시 도봉구 도봉동(극동쌍용아파트 부근),서울특별시,도봉구,기타,False,0.07142857142857142,0.21428571428571427,0.0
1712,1,1,2016,2016,3,3,0,3,37.62624873789,127.034279285662,서울특별시 강북구 번동(용빌딩 부근),서울특별시,강북구,기타,False,0.07142857142857142,0.21428571428571427,0.0
3231,1,1,2018,2018,3,3,0,1,36.66407175291,127.375601427065,충청북도 청주시 흥덕구 옥산면(파리바게뜨 청원옥산점 부근),충청북도,청주시 흥덕구,기타,False,0.07142857142857142,0.21428571428571427,0.0
3228,1,1,2018,2018,3,3,0,2,36.611207632627,127.477445298763,충청북도 청주시 서원구 분평동(선물같은하루 부근),충청북도,청주시 서원구,기타,False,0.07142857142857142,0.21428571428571427,0.0
3227,1,1,2018,2018,3,3,1,1,36.618543447523,127.480282690395,충청북도 청주시 서원구 수곡동(수곡1동주민센터 부근),충청북도,청주시 서원구,주민센터·행정,False,0.07142857142857142,0.21428571428571427,0.07142857142857142
3226,1,1,2018,2018,3,3,1,1,36.629018470127,127.473354253997,충청북도 청주시 서원구 모충동(청주하나교회 부근),충청북도,청주시 서원구,기타,False,0.07142857142857142,0.21428571428571427,0.07142857142857142
4168,1,1,2020,2020,3,3,0,3,37.456090705223,126.651337117115,인천광역시 미추홀구 용현동(용현사거리 부근),인천광역시,미추홀구,교차로·사거리,False,0.07142857142857142,0.21428571428571427,0.0
4164,1,1,2020,2020,3,3,0,2,37.472177023452,126.623798895803,인천광역시 중구 중앙동4가(김명희미용실 부근),인천광역시,중구,기타,False,0.07142857142857142,0.21428571428571427,0.0
4163,1,1,2020,2020,3,3,0,3,37.465892975581,126.630919365338,인천광역시 중구 신생동(LG베스트샵 부근),인천광역시,중구,기타,False,0.07142857142857142,0.21428571428571427,0.0
4160,1,1,2020,2020,3,3,0,1,35.850181892781,128.528649990706,대구광역시 달서구 용산동(장산남로33 부근),대구광역시,달서구,기타,False,0.07142857142857142,0.21428571428571427,0.0
4158,1,1,2020,2020,3,3,1,2,35.846456701217,128.525696270867,대구광역시 달서구 장기동(성서IC 부근),대구광역시,달서구,기타,False,0.07142857142857142,0.21428571428571427,0.07142857142857142
4154,1,1,2020,2020,3,3,0,1,35.842156055958,128.631636568874,대구광역시 수성구 황금동(대구성동초등교입구 부근),대구광역시,수성구,기타,False,0.07142857142857142,0.21428571428571427,0.0
4153,1,1,2020,2020,3,3,0,2,35.846713908221,128.618792151937,대구광역시 수성구 황금동(희망로197 부근),대구광역시,수성구,기타,False,0.07142857142857142,0.21428571428571427,0.0
1230,1,1,2015,2015,3,3,0,3,35.09049830925,129.036971524517,부산광역시 영도구 남항동1가(대평사거리 부근),부산광역시,영도구,교차로·사거리,False,0.07142857142857142,0.21428571428571427,0.0
239,1,1,2013,2013,3,3,0,2,35.155820826871,126.911901859185,광주광역시 동구 대인동(대인교차로 부근),전남광주통합특별시,동구,교차로·사거리,False,0.07142857142857142,0.21428571428571427,0.0
235,1,1,2013,2013,3,3,0,2,37.533796953068,126.710025464605,인천광역시 계양구 효성동(SK텔레콤 부근),인천광역시,계양구,기타,False,0.07142857142857142,0.21428571428571427,0.0
234,1,1,2013,2013,3,3,0,2,37.535976744232,126.734333509085,인천광역시 계양구 계산동(계양지하차도 부근),인천광역시,계양구,기타,False,0.07142857142857142,0.21428571428571427,0.0
2395,1,1,2017,2017,3,3,1,1,37.48522110607,127.017542381677,서울특별시 서초구 서초동(국제전자센타 부근),서울특별시,서초구,기타,False,0.07142857142857142,0.21428571428571427,0.07142857142857142
2378,1,1,2017,2017,3,3,0,1,37.506478068309,126.900836516193,서울특별시 영등포구 신길동(도림사거리 부근),서울특별시,영등포구,교차로·사거리,False,0.07142857142857142,0.21428571428571427,0.0
2377,1,1,2017,2017,3,3,0,1,37.495780681134,126.898690919052,서울특별시 영등포구 대림동(대림우성아파트사거리_대림로_진 부근),서울특별시,영등포구,교차로·사거리,False,0.07142857142857142,0.21428571428571427,0.0
2375,1,1,2017,2017,3,3,0,3,37.526819160976,126.901324726656,서울특별시 영등포구 당산동3가(영등포경찰서_제물포길_진입 부근),서울특별시,영등포구,기타,False,0.07142857142857142,0.21428571428571427,0.0
2370,1,1,2017,2017,3,3,0,3,37.466458515149,126.894367176505,서울특별시 금천구 독산동(가산중(가남물산앞) 부근),서울특별시,금천구,기타,False,0.07142857142857142,0.21428571428571427,0.0
2130,1,1,2016,2016,3,3,1,0,35.866770453594,127.14703922638,전라북도 전주시 덕진구 호성동2가(차량등록사업소앞 부근),전북특별자치도,전주시 덕진구,기타,False,0.07142857142857142,0.21428571428571427,0.07142857142857142
2118,1,1,2016,2016,3,3,1,2,36.5177447787,126.34565653832,충청남도 태안군 안면읍(안면철물 부근),충청남도,태안군,기타,False,0.07142857142857142,0.21428571428571427,0.07142857142857142
2116,1,1,2016,2016,3,3,0,1,36.503152764989,126.624959756888,충청남도 홍성군 광천읍(광천오거리 부근),충청남도,홍성군,교차로·사거리,False,0.07142857142857142,0.21428571428571427,0.0
2108,1,1,2016,2016,3,3,1,2,36.775005641798,127.069184727095,충청남도 아산시 배방읍(((주)그린하우징) 부근),충청남도,아산시,기타,False,0.07142857142857142,0.21428571428571427,0.07142857142857142
2367,1,1,2017,2017,3,3,1,1,37.478255007863,126.897431289923,서울특별시 금천구 독산동(시흥IC_남부순환로_진입_4 부근),서울특별시,금천구,기타,False,0.07142857142857142,0.21428571428571427,0.07142857142857142
287,1,1,2013,2013,3,3,0,3,37.438796351072,127.157493291184,경기도 성남시 중원구 상대원동(방주교회 부근),경기도,성남시 중원구,기타,False,0.07142857142857142,0.21428571428571427,0.0
277,1,1,2013,2013,3,3,0,3,37.253888764156,127.011636130904,경기도 수원시 권선구 세류동(세류사거리 부근),경기도,수원시 권선구,교차로·사거리,False,0.07142857142857142,0.21428571428571427,0.0
4199,1,1,2020,2020,3,3,0,2,36.342775138363,127.423676107068,대전광역시 동구 삼성동(대전로968 부근),대전광역시,동구,기타,False,0.07142857142857142,0.21428571428571427,0.0
1204,1,1,2015,2015,3,3,0,1,37.487265686863,127.024675159332,서울특별시 서초구 서초동(무지개아파트 부근),서울특별시,서초구,기타,False,0.07142857142857142,0.21428571428571427,0.0
1203,1,1,2015,2015,3,3,0,1,37.497649412092,127.02701119781,서울특별시 서초구 서초동(강남역_서초로_진출 부근),서울특별시,서초구,기타,False,0.07142857142857142,0.21428571428571427,0.0
1202,1,1,2015,2015,3,3,0,2,37.47768284209,126.952042787546,서울특별시 관악구 봉천동(관악구청 부근),서울특별시,관악구,주민센터·행정,False,0.07142857142857142,0.21428571428571427,0.0
1182,1,1,2015,2015,3,3,0,2,37.531185520596,126.905763515875,서울특별시 영등포구 영등포동8가(영등포중앙감리교회 부근),서울특별시,영등포구,기타,False,0.07142857142857142,0.21428571428571427,0.0
4188,1,1,2020,2020,3,3,0,3,35.142143336447,126.892968713636,광주광역시 남구 월산동(대남대로342 부근),전남광주통합특별시,남구,기타,False,0.07142857142857142,0.21428571428571427,0.0
4180,1,1,2020,2020,3,3,1,1,37.543038749739,126.733744638405,인천광역시 계양구 계산동(임학지하차도 부근),인천광역시,계양구,기타,False,0.07142857142857142,0.21428571428571427,0.07142857142857142
4175,1,1,2020,2020,3,3,0,2,37.503321136762,126.718477929914,인천광역시 부평구 부평동(원적로471번길3 부근),인천광역시,부평구,기타,False,0.07142857142857142,0.21428571428571427,0.0
4174,1,1,2020,2020,3,3,0,3,37.503152558844,126.73093903421,인천광역시 부평구 부평동(장제로2121 부근),인천광역시,부평구,기타,False,0.07142857142857142,0.21428571428571427,0.0
4171,1,1,2020,2020,2,3,1,2,37.448855125165,126.729760929524,인천광역시 남동구 만수동(구룡사거리 부근),인천광역시,남동구,교차로·사거리,False,0.07142857142857142,0.21428571428571427,0.07142857142857142
4170,1,1,2020,2020,3,3,0,2,37.443582655416,126.706747008569,인천광역시 남동구 구월동(남동경찰서사거리 부근),인천광역시,남동구,교차로·사거리,False,0.07142857142857142,0.21428571428571427,0.0
4169,1,1,2020,2020,3,3,0,3,37.428443132645,126.654994604119,인천광역시 연수구 옥련동(비류대로189 부근),인천광역시,연수구,기타,False,0.07142857142857142,0.21428571428571427,0.0
1721,1,1,2016,2016,3,3,0,2,37.664429403195,127.057248057053,서울특별시 노원구 상계동(마들역 부근),서울특별시,노원구,기타,False,0.07142857142857142,0.21428571428571427,0.0
4221,1,1,2020,2020,3,3,0,2,37.287810030709,127.024346438239,경기도 수원시 팔달구 매향동(화성관광안내소 부근),경기도,수원시 팔달구,기타,False,0.07142857142857142,0.21428571428571427,0.0
3213,1,1,2018,2018,3,3,0,3,37.764858765421,128.915953112147,강원도 강릉시 내곡동(입암주공3단지아파트 놀이터 부근),강원특별자치도,강릉시,기타,False,0.07142857142857142,0.21428571428571427,0.0
3212,1,1,2018,2018,3,3,1,2,37.748100192271,128.885214894353,강원도 강릉시 홍제동(한국SGI강릉문화회관 부근),강원특별자치도,강릉시,기타,False,0.07142857142857142,0.21428571428571427,0.07142857142857142
3200,1,1,2018,2018,3,3,0,2,37.490831385461,127.49740976525,경기도 양평군 양평읍(국민건강보험공단 양평지사 부근),경기도,양평군,기타,False,0.07142857142857142,0.21428571428571427,0.0
3199,1,1,2018,2018,3,3,2,1,37.81374264191,127.514905176334,경기도 가평군 가평읍(가평군농협하나로마트자라점 부근),경기도,가평군,은행,False,0.07142857142857142,0.21428571428571427,0.14285714285714285
3197,1,1,2018,2018,3,3,1,2,37.785529847226,127.227081581951,경기도 포천시 내촌면(내촌삼거리 부근),경기도,포천시,교차로·사거리,False,0.07142857142857142,0.21428571428571427,0.07142857142857142
3196,1,1,2018,2018,3,3,0,2,37.827914275624,127.053284489389,경기도 양주시 회정동(IBK기업은행양주지점 부근),경기도,양주시,은행,False,0.07142857142857142,0.21428571428571427,0.0
3180,1,1,2018,2018,3,3,0,0,37.325641170904,127.112970742607,경기도 용인시 수지구 죽전동(도담마을주공8단지 807동 부근),경기도,용인시 수지구,기타,False,0.07142857142857142,0.21428571428571427,0.0
3174,1,1,2018,2018,3,3,0,1,37.373393121996,126.937064649915,경기도 군포시 산본동(산본사거리 부근),경기도,군포시,교차로·사거리,False,0.07142857142857142,0.21428571428571427,0.0
4215,1,1,2020,2020,3,3,0,3,35.534727142944,129.327301381055,울산광역시 남구 달동(번영로107번길3 부근),울산광역시,남구,기타,False,0.07142857142857142,0.21428571428571427,0.0
4214,1,1,2020,2020,3,3,1,1,35.542689770018,129.306508535542,울산광역시 남구 신정동(팔등로2 부근),울산광역시,남구,기타,False,0.07142857142857142,0.21428571428571427,0.07142857142857142
4212,1,1,2020,2020,3,3,0,2,35.560690631568,129.330363540246,울산광역시 중구 복산동(mbc사거리 부근),울산광역시,중구,교차로·사거리,False,0.07142857142857142,0.21428571428571427,0.0
4211,1,1,2020,2020,3,3,0,2,35.559104291331,129.271144608938,울산광역시 중구 다운동(다운현대입구 부근),울산광역시,중구,기타,False,0.07142857142857142,0.21428571428571427,0.0
4210,1,1,2020,2020,3,3,0,2,35.554457723646,129.340901500105,울산광역시 중구 학성동(중앙여고입구 부근),울산광역시,중구,기타,False,0.07142857142857142,0.21428571428571427,0.0
4259,1,1,2020,2020,3,3,0,1,37.055964460992,127.055690826971,경기도 평택시 서정동(서정역로29 부근),경기도,평택시,기타,False,0.07142857142857142,0.21428571428571427,0.0
4254,1,1,2020,2020,3,3,0,3,37.480747608416,126.849633758492,경기도 광명시 광명동(구로구광명시경계1 부근),경기도,광명시,기타,False,0.07142857142857142,0.21428571428571427,0.0
4252,1,1,2020,2020,3,3,0,0,37.495195816934,126.785047085056,경기도 부천시 원미동(원미구청삼거리 부근),경기도,부천시,주민센터·행정,False,0.07142857142857142,0.21428571428571427,0.0
4249,1,1,2020,2020,3,3,1,1,37.485113713528,126.808977969159,경기도 부천시 역곡동(역곡파출소입구 부근),경기도,부천시,기타,False,0.07142857142857142,0.21428571428571427,0.07142857142857142
3169,1,1,2018,2018,3,3,0,1,37.634483867637,127.210103217191,경기도 남양주시 금곡동(미금농협하나로마트본점 부근),경기도,남양주시,은행,False,0.07142857142857142,0.21428571428571427,0.0
3157,1,1,2018,2018,3,3,0,1,36.991288078383,127.089284521764,경기도 평택시 평택동(국민은행사거리 부근),경기도,평택시,은행,False,0.07142857142857142,0.21428571428571427,0.0
3156,1,1,2018,2018,3,3,1,0,37.065083164757,127.066960697379,경기도 평택시 서정동(여성회관앞교차로 부근),경기도,평택시,교차로·사거리,False,0.07142857142857142,0.21428571428571427,0.07142857142857142
3154,1,1,2018,2018,3,3,0,1,37.48361476491,126.85637278058,경기도 광명시 광명동(광명2동우체국 부근),경기도,광명시,기타,False,0.07142857142857142,0.21428571428571427,0.0
1750,1,1,2016,2016,3,3,0,3,37.532788277058,126.830281129572,서울특별시 양천구 신월동(선주빌라 부근),서울특별시,양천구,기타,False,0.07142857142857142,0.21428571428571427,0.0
1749,1,1,2016,2016,3,3,0,3,37.523042392393,126.871157483032,서울특별시 양천구 목동(목동초등학교 부근),서울특별시,양천구,학교,False,0.07142857142857142,0.21428571428571427,0.0
4236,1,1,2020,2020,3,3,0,1,37.746383942266,127.055337749539,경기도 의정부시 금오동(호국로1366 부근),경기도,의정부시,기타,False,0.07142857142857142,0.21428571428571427,0.0
1168,1,1,2015,2015,3,3,0,1,37.505716213034,126.89040845169,서울특별시 구로구 구로동(구로재활용센타 부근),서울특별시,구로구,기타,False,0.07142857142857142,0.21428571428571427,0.0
1160,1,1,2015,2015,3,3,0,2,37.553452270407,126.851118419581,서울특별시 강서구 화곡동(우장공원입구 부근),서울특별시,강서구,기타,False,0.07142857142857142,0.21428571428571427,0.0
1151,1,1,2015,2015,3,3,1,1,37.556898815129,126.931332339717,서울특별시 마포구 동교동(창천삼거리 부근),서울특별시,마포구,교차로·사거리,False,0.07142857142857142,0.21428571428571427,0.07142857142857142
1743,1,1,2016,2016,3,3,1,2,37.564354688619,126.920186145875,서울특별시 마포구 연남동(로얄빌딩 부근),서울특별시,마포구,기타,False,0.07142857142857142,0.21428571428571427,0.07142857142857142
1734,1,1,2016,2016,3,3,0,1,37.615479422039,126.913265869026,서울특별시 은평구 갈현동(예원피아노 부근),서울특별시,은평구,기타,False,0.07142857142857142,0.21428571428571427,0.0
3151,1,1,2018,2018,3,3,0,1,37.487511207177,126.753289096316,경기도 부천시 송내동(송내역 부근),경기도,부천시,기타,False,0.07142857142857142,0.21428571428571427,0.0
3149,1,1,2018,2018,3,3,0,2,37.469635555537,126.796432130739,경기도 부천시 소사본동(풍년3길앞교차로 부근),경기도,부천시,교차로·사거리,False,0.07142857142857142,0.21428571428571427,0.0
3141,1,1,2018,2018,3,3,0,1,37.394126570885,126.976721740317,경기도 안양시 동안구 평촌동(평촌동주민센터 부근),경기도,안양시 동안구,주민센터·행정,False,0.07142857142857142,0.21428571428571427,0.0
3140,1,1,2018,2018,3,3,0,3,37.407373778878,126.914573289027,경기도 안양시 만안구 안양동(미래신협 부근),경기도,안양시 만안구,은행,False,0.07142857142857142,0.21428571428571427,0.0
3136,1,1,2018,2018,3,3,0,1,37.738419428415,127.045390077691,경기도 의정부시 의정부동(의정부역3번출구 부근),경기도,의정부시,기타,False,0.07142857142857142,0.21428571428571427,0.0
3130,1,1,2018,2018,3,3,1,2,37.414714591306,127.138654668879,경기도 성남시 분당구 야탑동(중탑삼거리 부근),경기도,성남시 분당구,교차로·사거리,False,0.07142857142857142,0.21428571428571427,0.07142857142857142
1128,1,1,2015,2015,3,3,0,2,37.646139868261,127.03303353577,서울특별시 도봉구 창동(창동시장입구 부근),서울특별시,도봉구,전통시장,False,0.07142857142857142,0.21428571428571427,0.0
1127,1,1,2015,2015,3,3,0,3,37.679688862252,127.049620116276,서울특별시 도봉구 도봉동(노원교 부근),서울특별시,도봉구,기타,False,0.07142857142857142,0.21428571428571427,0.0
4263,1,1,2020,2020,3,3,0,2,37.339055451349,126.80106138018,경기도 안산시 단원구 선부동(선일초교사거리 부근),경기도,안산시 단원구,학교,False,0.07142857142857142,0.21428571428571427,0.0
1098,1,1,2015,2015,3,3,0,2,37.570826623751,127.032803579123,서울특별시 동대문구 신설동(강원금속(주) 부근),서울특별시,동대문구,기타,False,0.07142857142857142,0.21428571428571427,0.0
1095,1,1,2015,2015,3,3,0,3,37.569336365282,127.064118966518,서울특별시 동대문구 답십리동(동탑초등학교 부근),서울특별시,동대문구,학교,False,0.07142857142857142,0.21428571428571427,0.0
1082,1,1,2015,2015,3,3,0,2,37.531317461932,127.06660394172,서울특별시 광진구 자양동(청담대교(북단) 부근),서울특별시,광진구,기타,False,0.07142857142857142,0.21428571428571427,0.0
3109,1,1,2018,2018,3,3,0,2,36.603551267878,127.305939271381,세종특별자치시 세종특별자치시 조치원읍(조천교 부근),세종특별자치시,세종특별자치시,기타,False,0.07142857142857142,0.21428571428571427,0.0
3106,1,1,2018,2018,3,3,0,3,35.536838305045,129.324509664191,울산광역시 남구 달동(동평중학교입구교차로 부근),울산광역시,남구,학교,False,0.07142857142857142,0.21428571428571427,0.0
1792,1,1,2016,2016,3,3,0,1,37.49249476792,127.076398597518,서울특별시 강남구 개포동(수서경찰서 부근),서울특별시,강남구,기타,False,0.07142857142857142,0.21428571428571427,0.0
1784,1,1,2016,2016,3,3,2,1,37.490638703914,126.956750801409,서울특별시 관악구 봉천동(봉천고개 부근),서울특별시,관악구,기타,False,0.07142857142857142,0.21428571428571427,0.14285714285714285
4289,1,1,2020,2020,3,3,0,2,37.279607582325,127.151855302781,경기도 용인시 기흥구 동백동(동백이마트사거리 부근),경기도,용인시 기흥구,마트·상가,False,0.07142857142857142,0.21428571428571427,0.0
4288,1,1,2020,2020,3,3,0,2,37.550194579717,127.186244143953,경기도 하남시 풍산동(황산사거리 부근),경기도,하남시,교차로·사거리,False,0.07142857142857142,0.21428571428571427,0.0
4285,1,1,2020,2020,3,3,0,2,37.350692138133,126.945691084577,경기도 군포시 당동(당동우체국사거리 부근),경기도,군포시,교차로·사거리,False,0.07142857142857142,0.21428571428571427,0.0
4282,1,1,2020,2020,3,3,0,3,37.345404167669,126.747205636832,경기도 시흥시 정왕동(정왕천로389번길591 부근),경기도,시흥시,기타,False,0.07142857142857142,0.21428571428571427,0.0
4277,1,1,2020,2020,3,3,0,2,37.660399385524,127.302711316775,경기도 남양주시 화도읍(열린약국앞 부근),경기도,남양주시,약국,False,0.07142857142857142,0.21428571428571427,0.0
4274,1,1,2020,2020,3,3,1,1,37.611515012609,127.138046876463,경기도 구리시 인창동(도매시장사거리 부근),경기도,구리시,전통시장,False,0.07142857142857142,0.21428571428571427,0.07142857142857142
276,1,1,2013,2013,3,3,0,2,37.273075156994,126.984164784079,경기도 수원시 권선구 서둔동(농촌진흥청작물시험장 부근),경기도,수원시 권선구,기타,False,0.07142857142857142,0.21428571428571427,0.0
273,1,1,2013,2013,3,3,0,1,37.301605335019,127.015005681068,경기도 수원시 장안구 조원동(이천산업 부근),경기도,수원시 장안구,기타,False,0.07142857142857142,0.21428571428571427,0.0
271,1,1,2013,2013,3,3,0,3,35.487277370355,129.419892362044,울산광역시 동구 방어동(화정목재건재상사 부근),울산광역시,동구,기타,False,0.07142857142857142,0.21428571428571427,0.0
267,1,1,2013,2013,3,3,0,3,36.447694779591,127.425750541755,대전광역시 대덕구 석봉동(굴칼국수 부근),대전광역시,대덕구,기타,False,0.07142857142857142,0.21428571428571427,0.0
266,1,1,2013,2013,3,3,0,3,36.400451670309,127.423490291845,대전광역시 대덕구 와동(리더스 어학원 부근),대전광역시,대덕구,기타,False,0.07142857142857142,0.21428571428571427,0.0
265,1,1,2013,2013,3,3,1,2,36.324322971829,127.378427720164,대전광역시 서구 변동(번동사거리 부근),대전광역시,서구,교차로·사거리,False,0.07142857142857142,0.21428571428571427,0.07142857142857142
264,1,1,2013,2013,3,3,0,3,36.321282031242,127.392178161794,대전광역시 중구 태평동(삼부아파트 부근),대전광역시,중구,기타,False,0.07142857142857142,0.21428571428571427,0.0
316,1,1,2013,2013,3,3,1,1,37.313749363543,126.863177244535,경기도 안산시 상록구 일동(식물원사거리 부근),경기도,안산시 상록구,교차로·사거리,False,0.07142857142857142,0.21428571428571427,0.07142857142857142
315,1,1,2013,2013,3,3,1,1,37.282801018253,126.847390753981,경기도 안산시 상록구 사동(준공업단지사거리 부근),경기도,안산시 상록구,교차로·사거리,False,0.07142857142857142,0.21428571428571427,0.07142857142857142
312,1,1,2013,2013,3,3,0,3,37.907066931894,127.058166862012,경기도 동두천시 생연동(치킨타임 부근),경기도,동두천시,기타,False,0.07142857142857142,0.21428571428571427,0.0
302,1,1,2013,2013,3,3,0,2,37.526333111585,126.824566373241,경기도 부천시 오정구 고강동(대신빌라(대신주택) 부근),경기도,부천시 오정구,기타,False,0.07142857142857142,0.21428571428571427,0.0
299,1,1,2013,2013,3,3,0,3,37.486629512743,126.789144152582,경기도 부천시 원미구 심곡동(소명여고사거리 부근),경기도,부천시 원미구,교차로·사거리,False,0.07142857142857142,0.21428571428571427,0.0
298,1,1,2013,2013,3,3,0,2,37.49018893857,126.78088911724,경기도 부천시 원미구 심곡동(두리피아노 부근),경기도,부천시 원미구,기타,False,0.07142857142857142,0.21428571428571427,0.0
297,1,1,2013,2013,3,3,0,3,37.394568453672,126.964023580125,경기도 안양시 동안구 관양동(평촌역 부근),경기도,안양시 동안구,기타,False,0.07142857142857142,0.21428571428571427,0.0
2422,1,1,2017,2017,3,3,0,2,35.085309375728,129.042694726382,부산광역시 영도구 남항동1가(영선위로타리 부근),부산광역시,영도구,기타,False,0.07142857142857142,0.21428571428571427,0.0
4334,1,1,2020,2020,3,3,0,1,36.615599785702,127.491612798293,충청북도 청주시 서원구 수곡동(수정아파트B동 부근),충청북도,청주시 서원구,기타,False,0.07142857142857142,0.21428571428571427,0.0
4329,1,1,2020,2020,3,3,0,3,38.103995042538,127.988204786723,강원도 양구군 양구읍(중앙축산 부근),강원특별자치도,양구군,기타,False,0.07142857142857142,0.21428571428571427,0.0
4323,1,1,2020,2020,3,3,0,2,37.159101415699,128.987086965192,강원도 태백시 황지동(아바이순대 부근),강원특별자치도,태백시,기타,False,0.07142857142857142,0.21428571428571427,0.0
4322,1,1,2020,2020,3,3,0,2,37.176081419923,128.987728131449,강원도 태백시 황지동(한일종합의료기 부근),강원특별자치도,태백시,기타,False,0.07142857142857142,0.21428571428571427,0.0
4319,1,1,2020,2020,3,3,1,1,37.535638963368,129.104032998225,강원도 동해시 부곡동(부곡동758 부근),강원특별자치도,동해시,기타,False,0.07142857142857142,0.21428571428571427,0.07142857142857142
4314,1,1,2020,2020,3,3,0,2,37.883258963531,127.737285161182,강원도 춘천시 옥천동(한림대학교 부근),강원특별자치도,춘천시,학교,False,0.07142857142857142,0.21428571428571427,0.0
4313,1,1,2020,2020,3,3,1,2,37.861970631141,127.741445998735,강원도 춘천시 석사동(춘천동보아파트앞교차로 부근),강원특별자치도,춘천시,교차로·사거리,False,0.07142857142857142,0.21428571428571427,0.07142857142857142
4308,1,1,2020,2020,3,3,1,1,37.426946823538,127.257426716871,경기도 광주시 송정동(광주대로224번길1 부근),경기도,광주시,기타,False,0.07142857142857142,0.21428571428571427,0.07142857142857142
4303,1,1,2020,2020,3,3,1,0,37.623002429919,126.699416348587,경기도 김포시 감정동(독자골입구 부근),경기도,김포시,기타,False,0.07142857142857142,0.21428571428571427,0.07142857142857142
4292,1,1,2020,2020,3,3,0,1,37.302757468184,127.074759689209,경기도 용인시 수지구 상현동(상현로5 부근),경기도,용인시 수지구,기타,False,0.07142857142857142,0.21428571428571427,0.0
1106,1,1,2015,2015,3,3,0,2,37.590043827362,127.076156654707,서울특별시 중랑구 면목동(예삐유치원 부근),서울특별시,중랑구,기타,False,0.07142857142857142,0.21428571428571427,0.0
1064,1,1,2015,2015,3,3,0,1,37.572754419482,126.983162930326,서울특별시 종로구 관훈동(조계사앞 부근),서울특별시,종로구,기타,False,0.07142857142857142,0.21428571428571427,0.0
1063,1,1,2015,2015,3,3,0,1,37.571591661727,126.977951269137,서울특별시 종로구 세종로(교보빌딩앞 부근),서울특별시,종로구,기타,False,0.07142857142857142,0.21428571428571427,0.0
1057,1,1,2014,2014,3,3,0,3,33.247237746925,126.56852019835,제주특별자치도 서귀포시 서귀동((뉴본아파트) 부근),제주특별자치도,서귀포시,기타,False,0.07142857142857142,0.21428571428571427,0.0
1770,1,1,2016,2016,3,3,1,1,37.522161817615,126.885495790799,서울특별시 영등포구 양평동2가(정진한의원 부근),서울특별시,영등포구,병원·의원,False,0.07142857142857142,0.21428571428571427,0.07142857142857142
3101,1,1,2018,2018,3,3,0,2,36.36774369082,127.431767005344,대전광역시 대덕구 법동(연합약국 부근),대전광역시,대덕구,약국,False,0.07142857142857142,0.21428571428571427,0.0
3098,1,1,2018,2018,3,3,0,2,36.359581544654,127.37952867471,대전광역시 서구 둔산동(선사유적네거리 부근),대전광역시,서구,기타,False,0.07142857142857142,0.21428571428571427,0.0
3097,1,1,2018,2018,3,3,1,1,36.322377480138,127.370333683254,대전광역시 서구 도마동(경남쇼핑센터 부근),대전광역시,서구,마트·상가,False,0.07142857142857142,0.21428571428571427,0.07142857142857142
3092,1,1,2018,2018,3,3,0,1,36.324029624668,127.434824379243,대전광역시 동구 인동(한울아파트 부근),대전광역시,동구,기타,False,0.07142857142857142,0.21428571428571427,0.0
3091,1,1,2018,2018,3,3,1,0,36.296243674307,127.460382963404,대전광역시 동구 대성동(대성동삼거리 부근),대전광역시,동구,교차로·사거리,False,0.07142857142857142,0.21428571428571427,0.07142857142857142
3087,1,1,2018,2018,3,3,0,1,35.178337629579,126.876972989513,광주광역시 북구 운암동(운암2차남양휴튼 부근),전남광주통합특별시,북구,기타,False,0.07142857142857142,0.21428571428571427,0.0
1055,1,1,2014,2014,3,3,0,2,33.487896616037,126.49640794677,제주특별자치도 제주시 연동(한국방송공사제주방송총국 부근),제주특별자치도,제주시,기타,False,0.07142857142857142,0.21428571428571427,0.0
4394,1,1,2020,2020,3,3,1,2,34.996120977002,126.714191912128,전라남도 나주시 이창동(이창1길1 부근),전남광주통합특별시,나주시,기타,False,0.07142857142857142,0.21428571428571427,0.07142857142857142
4378,1,1,2020,2020,3,3,0,2,35.582767566871,126.851417104217,전라북도 정읍시 수성동(수성사거리 부근),전북특별자치도,정읍시,교차로·사거리,False,0.07142857142857142,0.21428571428571427,0.0
4377,1,1,2020,2020,3,3,0,3,35.577056452794,126.854752031382,전라북도 정읍시 수성동(오하나만두입구 부근),전북특별자치도,정읍시,기타,False,0.07142857142857142,0.21428571428571427,0.0
4371,1,1,2020,2020,3,3,0,3,35.980641351118,126.706926585195,전라북도 군산시 금광동(월명아파트오거리 부근),전북특별자치도,군산시,교차로·사거리,False,0.07142857142857142,0.21428571428571427,0.0
4367,1,1,2020,2020,3,3,0,2,35.836293435794,127.124480140247,전라북도 전주시 덕진구 덕진동1가(떡전1길4 부근),전북특별자치도,전주시 덕진구,기타,False,0.07142857142857142,0.21428571428571427,0.0
4366,1,1,2020,2020,3,3,0,3,35.831291510895,127.135753965874,전라북도 전주시 덕진구 진북동(태진로119 부근),전북특별자치도,전주시 덕진구,기타,False,0.07142857142857142,0.21428571428571427,0.0
4365,1,1,2020,2020,3,3,1,1,35.857027408989,127.106516794815,전라북도 전주시 덕진구 팔복동1가(신복로88 부근),전북특별자치도,전주시 덕진구,기타,False,0.07142857142857142,0.21428571428571427,0.07142857142857142
4358,1,1,2020,2020,3,3,0,2,36.5488770992,126.775304401078,충청남도 예산군 광시면(예당로169 부근),충청남도,예산군,기타,False,0.07142857142857142,0.21428571428571427,0.0
4342,1,1,2020,2020,3,3,0,0,36.812182510815,127.141350317464,충청남도 천안시 서북구 성정동(맨하탄 부근),충청남도,천안시 서북구,기타,False,0.07142857142857142,0.21428571428571427,0.0
1076,1,1,2015,2015,3,3,1,2,37.566648942795,127.030832306567,서울특별시 성동구 홍익동(양지사거리 부근),서울특별시,성동구,교차로·사거리,False,0.07142857142857142,0.21428571428571427,0.07142857142857142
1071,1,1,2015,2015,3,3,0,2,37.557799193879,126.973473382791,서울특별시 중구 남대문로5가(서울역사거리_태평로_진출 부근),서울특별시,중구,교차로·사거리,False,0.07142857142857142,0.21428571428571427,0.0
1070,1,1,2015,2015,3,3,0,3,37.554947887936,126.968969308188,서울특별시 중구 봉래동2가(서부역_청파로_진입 부근),서울특별시,중구,기타,False,0.07142857142857142,0.21428571428571427,0.0
4414,1,1,2020,2020,3,3,0,1,36.027635760983,129.362008408662,경상북도 포항시 북구 죽도동(죽도2파출소앞 부근),경상북도,포항시 북구,기타,False,0.07142857142857142,0.21428571428571427,0.0
4413,1,1,2020,2020,3,3,0,1,36.025184060697,129.357112367243,경상북도 포항시 북구 죽도동(대명빌라앞1 부근),경상북도,포항시 북구,기타,False,0.07142857142857142,0.21428571428571427,0.0
3075,1,1,2018,2018,3,3,0,2,35.137453888187,126.920478689941,광주광역시 동구 학동(남광교 부근),전남광주통합특별시,동구,기타,False,0.07142857142857142,0.21428571428571427,0.0
3069,1,1,2018,2018,3,3,1,1,37.543411500741,126.724844820633,인천광역시 계양구 계산동(인천계산동우체국 부근),인천광역시,계양구,기타,False,0.07142857142857142,0.21428571428571427,0.07142857142857142
3068,1,1,2018,2018,3,3,0,2,37.511217982025,126.701438239484,인천광역시 부평구 산곡동(산곡북초교 부근),인천광역시,부평구,학교,False,0.07142857142857142,0.21428571428571427,0.0
3064,1,1,2018,2018,3,3,1,2,37.402628119393,126.729832556928,인천광역시 남동구 논현동(청양자동차정비논현점 부근),인천광역시,남동구,기타,False,0.07142857142857142,0.21428571428571427,0.07142857142857142
3060,1,1,2018,2018,3,3,0,3,37.457375452416,126.680109578795,인천광역시 남구 주안동(주안초교 부근),인천광역시,남구,학교,False,0.07142857142857142,0.21428571428571427,0.0
3057,1,1,2018,2018,3,3,0,1,35.838144945634,128.541333960495,대구광역시 달서구 본동(한신아파트입구 부근),대구광역시,달서구,기타,False,0.07142857142857142,0.21428571428571427,0.0
1821,1,1,2016,2016,3,3,0,1,35.194231902981,129.098339310312,부산광역시 동래구 안락동(부산은행(주)연안지점 부근),부산광역시,동래구,은행,False,0.07142857142857142,0.21428571428571427,0.0
1816,1,1,2016,2016,3,3,0,3,35.15436165167,129.032228944311,부산광역시 부산진구 가야동(동의대학교 부근),부산광역시,부산진구,학교,False,0.07142857142857142,0.21428571428571427,0.0
4412,1,1,2020,2020,3,3,0,1,36.041453801952,129.351350608745,경상북도 포항시 북구 용흥동(우방타운앞교차로 부근),경상북도,포항시 북구,교차로·사거리,False,0.07142857142857142,0.21428571428571427,0.0
4407,1,1,2020,2020,3,3,0,1,35.96623766084,129.416197643108,경상북도 포항시 남구 오천읍(정몽주로543 부근),경상북도,포항시 남구,기타,False,0.07142857142857142,0.21428571428571427,0.0
4401,1,1,2020,2020,3,3,1,1,34.868630638494,126.609335938404,전라남도 영암군 시종면(마한로1276 부근),전남광주통합특별시,영암군,기타,False,0.07142857142857142,0.21428571428571427,0.07142857142857142
4400,1,1,2020,2020,3,3,0,2,34.567299405944,126.595958607505,전라남도 해남군 해남읍(해남군수협 부근),전남광주통합특별시,해남군,기타,False,0.07142857142857142,0.21428571428571427,0.0
2404,1,1,2017,2017,3,3,1,1,37.505148052841,127.080860754721,서울특별시 송파구 잠실동(잠전초교입구 부근),서울특별시,송파구,학교,False,0.07142857142857142,0.21428571428571427,0.07142857142857142
2402,1,1,2017,2017,3,3,0,2,37.498764252169,127.061039006146,서울특별시 강남구 대치동(은마아파트입구 부근),서울특별시,강남구,기타,False,0.07142857142857142,0.21428571428571427,0.0
2094,1,1,2016,2016,3,3,0,1,36.642894973325,127.475556668507,충청북도 청주시 서원구 사직동((예술2로국보로) 부근),충청북도,청주시 서원구,기타,False,0.07142857142857142,0.21428571428571427,0.0
2093,1,1,2016,2016,3,3,0,3,36.615514769192,127.473587905958,충청북도 청주시 서원구 수곡동((세원청실아파트103동) 부근),충청북도,청주시 서원구,기타,False,0.07142857142857142,0.21428571428571427,0.0
2084,1,1,2016,2016,3,3,0,2,37.498301657996,129.126265159211,강원도 동해시 송정동(혼수방 부근),강원특별자치도,동해시,기타,False,0.07142857142857142,0.21428571428571427,0.0
2083,1,1,2016,2016,3,3,2,1,37.54073413897,129.101883167076,강원도 동해시 발한동(한국타이어대리점강원상사 부근),강원특별자치도,동해시,기타,False,0.07142857142857142,0.21428571428571427,0.14285714285714285
2075,1,1,2016,2016,3,3,0,2,37.871598619182,127.736008423351,강원도 춘천시 효자동(돈까스나라 부근),강원특별자치도,춘천시,기타,False,0.07142857142857142,0.21428571428571427,0.0
2397,1,1,2017,2017,3,3,0,2,37.498004267484,127.023721353659,서울특별시 서초구 서초동(서초초교 부근),서울특별시,서초구,학교,False,0.07142857142857142,0.21428571428571427,0.0
345,1,1,2013,2013,3,3,0,2,37.84107354341,127.06236973028,경기도 양주시 덕정동((덕정삼거리) 부근),경기도,양주시,교차로·사거리,False,0.07142857142857142,0.21428571428571427,0.0
344,1,1,2013,2013,3,3,0,2,37.825121819517,126.997748397871,경기도 양주시 광적면(미래 부근),경기도,양주시,기타,False,0.07142857142857142,0.21428571428571427,0.0
339,1,1,2013,2013,3,3,1,1,37.284878897344,127.446899282277,경기도 이천시 창전동(창전사거리 부근),경기도,이천시,교차로·사거리,False,0.07142857142857142,0.21428571428571427,0.07142857142857142
337,1,1,2013,2013,3,3,0,2,37.86034671453,126.78730986386,경기도 파주시 문산읍((에스엠마트) 부근),경기도,파주시,마트·상가,False,0.07142857142857142,0.21428571428571427,0.0
335,1,1,2013,2013,3,3,0,3,37.271828466412,127.108725675451,경기도 용인시 기흥구 신갈동(신고을(장어나루터) 부근),경기도,용인시 기흥구,기타,False,0.07142857142857142,0.21428571428571427,0.0
333,1,1,2013,2013,3,3,0,1,37.539171205388,127.211252246795,경기도 하남시 신장동(사이버 월드 PC 방 부근),경기도,하남시,기타,False,0.07142857142857142,0.21428571428571427,0.0
324,1,1,2013,2013,3,3,0,2,37.660317713593,126.831302012079,경기도 고양시 덕양구 주교동(삼혜청송마을 부근),경기도,고양시 덕양구,기타,False,0.07142857142857142,0.21428571428571427,0.0
3055,1,1,2018,2018,3,3,1,2,35.852678892818,128.561607902584,대구광역시 달서구 두류동(대구광역시립두류도서관입구 부근),대구광역시,달서구,기타,False,0.07142857142857142,0.21428571428571427,0.07142857142857142
3051,1,1,2018,2018,3,3,0,1,35.84597008795,128.62441923606,대구광역시 수성구 황금동(어린이회관삼거리 부근),대구광역시,수성구,교차로·사거리,False,0.07142857142857142,0.21428571428571427,0.0
3050,1,1,2018,2018,3,3,2,1,35.873742438763,128.646900840203,대구광역시 수성구 만촌동(S-OIL구도일주유소무열로 부근),대구광역시,수성구,기타,False,0.07142857142857142,0.21428571428571427,0.14285714285714285
3047,1,1,2018,2018,3,3,0,3,35.930139799313,128.557925082578,대구광역시 북구 구암동(칠곡한라타운2차아파트입구 부근),대구광역시,북구,기타,False,0.07142857142857142,0.21428571428571427,0.0
3046,1,1,2018,2018,3,3,0,3,35.873332435145,128.604787048385,대구광역시 북구 칠성동1가(동인네거리 부근),대구광역시,북구,기타,False,0.07142857142857142,0.21428571428571427,0.0
3042,1,1,2018,2018,3,3,0,1,35.842290723139,128.598000980062,대구광역시 남구 봉덕동(성모연합의원 부근),대구광역시,남구,병원·의원,False,0.07142857142857142,0.21428571428571427,0.0
3036,1,1,2018,2018,3,3,0,2,35.877828584922,128.631450841784,대구광역시 동구 효목동(경북수협네거리 부근),대구광역시,동구,기타,False,0.07142857142857142,0.21428571428571427,0.0
1026,1,1,2014,2014,3,3,0,3,35.193024956138,128.11800943339,경상남도 진주시 하대동(새평화목욕탕 부근),경상남도,진주시,기타,False,0.07142857142857142,0.21428571428571427,0.0
1025,1,1,2014,2014,3,3,1,2,35.182009411306,128.112050200857,경상남도 진주시 상대동(동부화재 부근),경상남도,진주시,기타,False,0.07142857142857142,0.21428571428571427,0.07142857142857142
1018,1,1,2014,2014,3,3,1,2,35.21229334916,128.571666262089,경상남도 창원시 마산합포구 상남동((우신뉴타워아파트앞교차로) 부근),경상남도,창원시 마산합포구,교차로·사거리,False,0.07142857142857142,0.21428571428571427,0.07142857142857142
4438,1,1,2020,2020,3,3,0,3,35.200584208495,128.567195338295,경상남도 창원시 마산합포구 중앙동3가(315대로252 부근),경상남도,창원시 마산합포구,기타,False,0.07142857142857142,0.21428571428571427,0.0
4433,1,1,2020,2020,3,3,2,1,35.26066075579,128.617626869785,경상남도 창원시 의창구 서상동(의창사거리 부근),경상남도,창원시 의창구,교차로·사거리,False,0.07142857142857142,0.21428571428571427,0.14285714285714285
4430,1,1,2020,2020,3,3,0,2,36.411360528566,129.368071916687,경상북도 영덕군 영덕읍(영남의원입구 부근),경상북도,영덕군,병원·의원,False,0.07142857142857142,0.21428571428571427,0.0
4429,1,1,2020,2020,3,3,1,1,36.356981353707,129.380589799681,경상북도 영덕군 강구면(신강구길1 부근),경상북도,영덕군,기타,False,0.07142857142857142,0.21428571428571427,0.07142857142857142
4427,1,1,2020,2020,3,3,0,2,36.596233181317,128.192694186688,경상북도 문경시 모전동(약돌샤브샤브입구 부근),경상북도,문경시,기타,False,0.07142857142857142,0.21428571428571427,0.0
1001,1,1,2014,2014,3,3,0,2,36.817968528526,128.637612928095,경상북도 영주시 휴천동(세영첼시빌아파트 부근),경상북도,영주시,기타,False,0.07142857142857142,0.21428571428571427,0.0
997,1,1,2014,2014,3,3,0,2,36.558663991151,128.749808050502,경상북도 안동시 용상동(명성카센터 부근),경상북도,안동시,기타,False,0.07142857142857142,0.21428571428571427,0.0
996,1,1,2014,2014,3,3,0,3,36.570062358492,128.718901449943,경상북도 안동시 운안동(운안교 부근),경상북도,안동시,기타,False,0.07142857142857142,0.21428571428571427,0.0
4475,1,1,2020,2020,3,3,0,3,33.508198240158,126.533649947388,제주특별자치도 제주시 일도이동(호남석재사거리 부근),제주특별자치도,제주시,교차로·사거리,False,0.07142857142857142,0.21428571428571427,0.0
4469,1,1,2020,2020,3,3,0,2,35.519394015922,127.723388571626,경상남도 함양군 함양읍(함양3교교차로 부근),경상남도,함양군,교차로·사거리,False,0.07142857142857142,0.21428571428571427,0.0
4448,1,1,2020,2020,3,3,0,3,35.185054620975,128.094455844563,경상남도 진주시 칠암동(칠암한보빌라입구 부근),경상남도,진주시,기타,False,0.07142857142857142,0.21428571428571427,0.0
4443,1,1,2020,2020,3,3,1,1,35.231582993162,128.587002440511,경상남도 창원시 마산회원구 양덕동(양덕천길47 부근),경상남도,창원시 마산회원구,기타,False,0.07142857142857142,0.21428571428571427,0.07142857142857142
4440,1,1,2020,2020,3,3,0,3,35.220885608685,128.586938630914,경상남도 창원시 마산합포구 산호동(어린교 부근),경상남도,창원시 마산합포구,기타,False,0.07142857142857142,0.21428571428571427,0.0
4439,1,1,2020,2020,3,3,0,3,35.215629454437,128.577763923667,경상남도 창원시 마산합포구 산호동(315대로447 부근),경상남도,창원시 마산합포구,기타,False,0.07142857142857142,0.21428571428571427,0.0
1048,1,1,2014,2014,3,3,1,2,34.831590165155,127.999865968341,경상남도 남해군 삼동면(소망제과 부근),경상남도,남해군,기타,False,0.07142857142857142,0.21428571428571427,0.07142857142857142
1043,1,1,2014,2014,3,3,0,2,35.338242860321,129.036699082997,경상남도 양산시 남부동(남부삼거리 부근),경상남도,양산시,교차로·사거리,False,0.07142857142857142,0.21428571428571427,0.0
1797,1,1,2016,2016,3,3,0,2,37.537491034385,127.139970249329,서울특별시 강동구 길동(마루빌딩 부근),서울특별시,강동구,기타,False,0.07142857142857142,0.21428571428571427,0.0
3056,1,1,2018,2018,3,3,0,2,35.857875919339,128.557405731291,대구광역시 달서구 두류동(두류역 부근),대구광역시,달서구,기타,False,0.07142857142857142,0.21428571428571427,0.0
1012,1,1,2014,2014,3,3,0,2,36.655776722918,128.453480729453,경상북도 예천군 예천읍(교차로 부근),경상북도,예천군,교차로·사거리,False,0.07142857142857142,0.21428571428571427,0.0
1010,1,1,2014,2014,3,3,0,2,35.916458035311,128.285868740451,경상북도 성주군 성주읍(호식이두마리치킨 부근),경상북도,성주군,기타,False,0.07142857142857142,0.21428571428571427,0.0
1008,1,1,2014,2014,3,3,0,2,35.830125868115,128.734130049663,경상북도 경산시 중방동(중방네거리 부근),경상북도,경산시,기타,False,0.07142857142857142,0.21428571428571427,0.0
3026,1,1,2018,2018,3,3,0,2,35.128988281985,128.970238175652,부산광역시 사상구 엄궁동(남해수산 부근),부산광역시,사상구,기타,False,0.07142857142857142,0.21428571428571427,0.0
3024,1,1,2018,2018,3,3,0,2,35.152385009262,129.116132783702,부산광역시 수영구 광안동(서호병원 부근),부산광역시,수영구,병원·의원,False,0.07142857142857142,0.21428571428571427,0.0
3022,1,1,2018,2018,3,3,1,2,35.157123918435,129.113690547882,부산광역시 수영구 광안동(광안동SK뷰아파트입구 부근),부산광역시,수영구,기타,False,0.07142857142857142,0.21428571428571427,0.07142857142857142
3013,1,1,2018,2018,3,3,0,2,35.207090859257,129.122489053428,부산광역시 해운대구 반여동(반여1.4동새마을금고신촌점 부근),부산광역시,해운대구,은행,False,0.07142857142857142,0.21428571428571427,0.0
3006,1,1,2018,2018,3,3,1,2,35.199929653132,128.991180043325,부산광역시 북구 구포동(구포삼거리 부근),부산광역시,북구,교차로·사거리,False,0.07142857142857142,0.21428571428571427,0.07142857142857142
3005,1,1,2018,2018,3,3,1,2,35.206300899268,129.000897178463,부산광역시 북구 구포동(구포1동주민센터 부근),부산광역시,북구,주민센터·행정,False,0.07142857142857142,0.21428571428571427,0.07142857142857142
1854,1,1,2016,2016,3,3,0,3,35.870393690817,128.582250421021,대구광역시 중구 동산동(동산네거리 부근),대구광역시,중구,기타,False,0.07142857142857142,0.21428571428571427,0.0
1841,1,1,2016,2016,3,3,0,2,35.216945660815,129.102289089571,부산광역시 금정구 서동(새동산약국 부근),부산광역시,금정구,약국,False,0.07142857142857142,0.21428571428571427,0.0
1005,1,1,2014,2014,3,3,0,3,36.601975106167,128.203557282943,경상북도 문경시 흥덕동(현대입시학원 부근),경상북도,문경시,기타,False,0.07142857142857142,0.21428571428571427,0.0
4546,1,1,2021,2021,3,3,0,1,37.537533331299,126.840006471922,서울특별시 강서구 화곡동(한성빌딩 부근),서울특별시,강서구,기타,False,0.07142857142857142,0.21428571428571427,0.0
1837,1,1,2016,2016,3,3,0,1,35.110485699456,128.983952360214,부산광역시 사하구 당리동(동원베네스트2차 부근),부산광역시,사하구,기타,False,0.07142857142857142,0.21428571428571427,0.0
1829,1,1,2016,2016,3,3,1,2,35.183832803842,129.201018766404,부산광역시 해운대구 송정동(1급해운대종합정비 부근),부산광역시,해운대구,기타,False,0.07142857142857142,0.21428571428571427,0.07142857142857142
2998,1,1,2018,2018,3,3,0,2,35.200256915525,129.072817165781,부산광역시 동래구 사직동(고은타워아파트 부근),부산광역시,동래구,기타,False,0.07142857142857142,0.21428571428571427,0.0
2988,1,1,2018,2018,3,3,2,1,35.094912842854,129.051218329863,부산광역시 영도구 봉래동5가(한진중공업신용협동조합앞 부근),부산광역시,영도구,기타,False,0.07142857142857142,0.21428571428571427,0.14285714285714285
2978,1,1,2018,2018,3,3,2,1,37.556471504957,127.164036550647,서울특별시 강동구 고덕동(상일동역1번출구 부근),서울특별시,강동구,기타,False,0.07142857142857142,0.21428571428571427,0.14285714285714285
2971,1,1,2018,2018,3,3,0,2,37.511834223571,127.11384713284,서울특별시 송파구 방이동(포레스트요양병원 부근),서울특별시,송파구,병원·의원,False,0.07142857142857142,0.21428571428571427,0.0
2970,1,1,2018,2018,3,3,2,0,37.506508108363,127.106107820021,서울특별시 송파구 석촌동(석촌역 부근),서울특별시,송파구,기타,False,0.07142857142857142,0.21428571428571427,0.14285714285714285
4544,1,1,2021,2021,3,3,1,1,37.518031871774,126.842283052622,서울특별시 양천구 신월동(신월지하차도북측 부근),서울특별시,양천구,기타,False,0.07142857142857142,0.21428571428571427,0.07142857142857142
4535,1,1,2021,2021,3,3,1,1,37.575766789507,126.92594126288,서울특별시 서대문구 남가좌동(홍남교앞교차로 부근),서울특별시,서대문구,교차로·사거리,False,0.07142857142857142,0.21428571428571427,0.07142857142857142
4527,1,1,2021,2021,3,3,0,2,37.623183369918,127.079193671552,서울특별시 노원구 공릉동(준효약국 부근),서울특별시,노원구,약국,False,0.07142857142857142,0.21428571428571427,0.0
4522,1,1,2021,2021,3,3,0,2,37.687339173665,127.042526351211,서울특별시 도봉구 도봉동(도봉고등학교 부근),서울특별시,도봉구,학교,False,0.07142857142857142,0.21428571428571427,0.0
4491,1,1,2021,2021,3,3,1,0,37.543656994975,127.05688788307,서울특별시 성동구 성수동2가(성수역앞교차로 부근),서울특별시,성동구,역·터미널,False,0.07142857142857142,0.21428571428571427,0.07142857142857142
1014,1,1,2014,2014,3,3,0,2,36.992300797745,129.401236511657,"경상북도 울진군 울진읍(베이비헌트,리틀브렌 부근)",경상북도,울진군,기타,False,0.07142857142857142,0.21428571428571427,0.0
1868,1,1,2016,2016,3,3,0,3,35.884899222122,128.556935244667,대구광역시 서구 비산동(북부정류장 부근),대구광역시,서구,역·터미널,False,0.07142857142857142,0.21428571428571427,0.0
1867,1,1,2016,2016,3,3,0,3,35.866647060314,128.568113878854,대구광역시 서구 비산동(대영슈퍼 부근),대구광역시,서구,기타,False,0.07142857142857142,0.21428571428571427,0.0
1866,1,1,2016,2016,3,3,1,0,35.87139608866,128.56000911483,대구광역시 서구 비산동(유한약국 부근),대구광역시,서구,약국,False,0.07142857142857142,0.21428571428571427,0.07142857142857142
975,1,1,2014,2014,3,3,0,0,34.639057324637,126.770507797698,전라남도 강진군 강진읍(강진치과 부근),전남광주통합특별시,강진군,기타,False,0.07142857142857142,0.21428571428571427,0.0
964,1,1,2014,2014,3,3,0,2,34.757474325681,127.67278166874,전라남도 여수시 신기동(늘기쁨교회 부근),전남광주통합특별시,여수시,기타,False,0.07142857142857142,0.21428571428571427,0.0
962,1,1,2014,2014,3,3,1,1,34.759032062081,127.668009922621,전라남도 여수시 신기동(부영3단지사거리 부근),전남광주통합특별시,여수시,교차로·사거리,False,0.07142857142857142,0.21428571428571427,0.07142857142857142
961,1,1,2014,2014,3,3,1,1,34.753597288085,127.727305408719,전라남도 여수시 광무동(광무파출소 부근),전남광주통합특별시,여수시,기타,False,0.07142857142857142,0.21428571428571427,0.07142857142857142
955,1,1,2014,2014,3,3,0,0,34.816889027707,126.399144559675,전라남도 목포시 용해동((용당로용해포미길) 부근),전남광주통합특별시,목포시,기타,False,0.07142857142857142,0.21428571428571427,0.0
4563,1,1,2021,2021,3,3,0,2,37.495735090003,126.954281871013,서울특별시 동작구 상도동(숭실대입구역삼거리 부근),서울특별시,동작구,교차로·사거리,False,0.07142857142857142,0.21428571428571427,0.0
4550,1,1,2021,2021,3,3,0,1,37.485640127191,126.854228911936,서울특별시 구로구 개봉동(개봉로5길26 부근),서울특별시,구로구,기타,False,0.07142857142857142,0.21428571428571427,0.0
322,1,1,2013,2013,3,3,1,2,37.324384516733,126.801631550357,경기도 안산시 단원구 원곡동(연수원사거리 부근),경기도,안산시 단원구,교차로·사거리,False,0.07142857142857142,0.21428571428571427,0.07142857142857142
320,1,1,2013,2013,3,3,0,3,37.337555174433,126.817292574694,경기도 안산시 단원구 와동(한밭부동산 부근),경기도,안산시 단원구,기타,False,0.07142857142857142,0.21428571428571427,0.0
318,1,1,2013,2013,3,3,0,2,37.341129650414,126.825240034701,경기도 안산시 단원구 와동((주)산업전자 부근),경기도,안산시 단원구,기타,False,0.07142857142857142,0.21428571428571427,0.0
2459,1,1,2017,2017,3,3,0,3,35.077439348248,128.977248471041,부산광역시 사하구 장림동(통영장어숯불갈비 부근),부산광역시,사하구,기타,False,0.07142857142857142,0.21428571428571427,0.0
2457,1,1,2017,2017,3,3,0,2,35.205220885436,129.11877368336,부산광역시 해운대구 반여동(삼어교(서측) 부근),부산광역시,해운대구,기타,False,0.07142857142857142,0.21428571428571427,0.0
2449,1,1,2017,2017,3,3,0,3,35.210566547409,129.030832977961,부산광역시 북구 만덕동(본죽 부근),부산광역시,북구,기타,False,0.07142857142857142,0.21428571428571427,0.0
2446,1,1,2017,2017,3,3,0,3,35.130170577511,129.096537401681,부산광역시 남구 대연동(덕산명가참소국밥 부근),부산광역시,남구,기타,False,0.07142857142857142,0.21428571428571427,0.0
2434,1,1,2017,2017,3,3,0,1,35.203894186668,129.075499329931,부산광역시 동래구 온천동(흑생맥주전문점 부근),부산광역시,동래구,기타,False,0.07142857142857142,0.21428571428571427,0.0
372,1,1,2013,2013,3,3,0,3,36.625987217037,127.424266744016,충청북도 청주시 흥덕구 강서동((대림아파트2동) 부근),충청북도,청주시 흥덕구,기타,False,0.07142857142857142,0.21428571428571427,0.0
368,1,1,2013,2013,3,3,1,2,36.67176983631,127.484357976341,충청북도 청주시 상당구 율량동((대창율량1차아파트) 부근),충청북도,청주시 상당구,기타,False,0.07142857142857142,0.21428571428571427,0.07142857142857142
367,1,1,2013,2013,3,3,1,2,36.632205659365,127.49643187843,충청북도 청주시 상당구 대성동(시민TV사 부근),충청북도,청주시 상당구,기타,False,0.07142857142857142,0.21428571428571427,0.07142857142857142
366,1,1,2013,2013,3,3,0,2,36.631656098951,127.500517502981,충청북도 청주시 상당구 탑동((현대아파트105동) 부근),충청북도,청주시 상당구,기타,False,0.07142857142857142,0.21428571428571427,0.0
349,1,1,2013,2013,3,3,1,1,37.862113244731,127.726525472574,강원도 춘천시 퇴계동((금호타이어카라이프앞교차로) 부근),강원특별자치도,춘천시,교차로·사거리,False,0.07142857142857142,0.21428571428571427,0.07142857142857142
348,1,1,2013,2013,3,3,0,1,37.870625157926,127.758424100893,강원도 춘천시 동면((후평주공3단지아파트앞교차로) 부근),강원특별자치도,춘천시,교차로·사거리,False,0.07142857142857142,0.21428571428571427,0.0
4611,1,1,2021,2021,2,3,2,0,35.123644009464,129.097041343085,부산광역시 남구 용당동(한신햇살어린이집 부근),부산광역시,남구,기타,False,0.07142857142857142,0.21428571428571427,0.14285714285714285
4610,1,1,2021,2021,3,3,0,2,35.12514237712,129.112669758004,부산광역시 남구 용호동(이기대어귀삼거리 부근),부산광역시,남구,교차로·사거리,False,0.07142857142857142,0.21428571428571427,0.0
4604,1,1,2021,2021,3,3,0,2,35.159958617497,129.050033885856,부산광역시 부산진구 부암동(위드에셋플러스 부근),부산광역시,부산진구,기타,False,0.07142857142857142,0.21428571428571427,0.0
4603,1,1,2021,2021,3,3,0,3,35.153250078829,129.071838123332,부산광역시 부산진구 전포동(전포아파트우편취급국 부근),부산광역시,부산진구,기타,False,0.07142857142857142,0.21428571428571427,0.0
954,1,1,2014,2014,3,3,0,1,34.786825798773,126.38309744739,전라남도 목포시 대의동1가(초원호텔앞 부근),전남광주통합특별시,목포시,기타,False,0.07142857142857142,0.21428571428571427,0.0
944,1,1,2014,2014,3,3,0,1,35.581675008396,126.855156471795,전라북도 정읍시 수성동(삼태기메들리 부근),전북특별자치도,정읍시,기타,False,0.07142857142857142,0.21428571428571427,0.0
940,1,1,2014,2014,3,3,0,1,35.945763843528,126.943428928104,전라북도 익산시 모현동1가((모현2차주공아파트207동) 부근),전북특별자치도,익산시,기타,False,0.07142857142857142,0.21428571428571427,0.0
938,1,1,2014,2014,3,3,0,2,35.929110312092,126.958954242945,전라북도 익산시 동산동(화이트분식 부근),전북특별자치도,익산시,기타,False,0.07142857142857142,0.21428571428571427,0.0
937,1,1,2014,2014,3,3,0,3,35.947971169235,126.95686311774,전라북도 익산시 남중동(시청사거리 부근),전북특별자치도,익산시,주민센터·행정,False,0.07142857142857142,0.21428571428571427,0.0
4579,1,1,2021,2021,3,3,0,2,37.504642316391,127.088164483605,서울특별시 송파구 잠실동(삼전사거리 부근),서울특별시,송파구,교차로·사거리,False,0.07142857142857142,0.21428571428571427,0.0
4572,1,1,2021,2021,3,3,0,1,37.508852506039,127.00825935019,서울특별시 서초구 잠원동(한양아파트 부근),서울특별시,서초구,기타,False,0.07142857142857142,0.21428571428571427,0.0
985,1,1,2014,2014,3,3,0,1,36.050540210164,129.359528505637,경상북도 포항시 북구 우현동(우창동새마을금고 부근),경상북도,포항시 북구,은행,False,0.07142857142857142,0.21428571428571427,0.0
983,1,1,2014,2014,3,3,0,3,36.028479682093,129.359795537735,경상북도 포항시 북구 죽도동(삼일환경(주) 부근),경상북도,포항시 북구,기타,False,0.07142857142857142,0.21428571428571427,0.0
979,1,1,2014,2014,3,3,0,2,34.396639572259,126.804798394232,전라남도 완도군 고금면(FAMILYMART 부근),전남광주통합특별시,완도군,기타,False,0.07142857142857142,0.21428571428571427,0.0
925,1,1,2014,2014,3,3,2,0,35.824305800273,127.148451948,전라북도 전주시 완산구 서노송동(전주시청 부근),전북특별자치도,전주시 완산구,주민센터·행정,False,0.07142857142857142,0.21428571428571427,0.14285714285714285
914,1,1,2014,2014,3,3,0,0,36.353888121141,126.593573662096,충청남도 보령시 대천동(서해슈퍼 부근),충청남도,보령시,기타,False,0.07142857142857142,0.21428571428571427,0.0
2946,1,1,2018,2018,3,3,0,2,37.49442552332,126.905195150637,서울특별시 영등포구 대림동(살레시오청소년센터 부근),서울특별시,영등포구,기타,False,0.07142857142857142,0.21428571428571427,0.0
2936,1,1,2018,2018,3,3,1,2,37.497730077682,126.853557630082,서울특별시 구로구 개봉동(경인중 부근),서울특별시,구로구,기타,False,0.07142857142857142,0.21428571428571427,0.07142857142857142
1899,1,1,2016,2016,3,3,1,1,35.805581926965,128.493173631759,대구광역시 달성군 화원읍(경동보일러 부근),대구광역시,달성군,기타,False,0.07142857142857142,0.21428571428571427,0.07142857142857142
1898,1,1,2016,2016,3,3,0,1,35.855458599236,128.559208103972,대구광역시 달서구 두류동(아리랑호텔 부근),대구광역시,달서구,기타,False,0.07142857142857142,0.21428571428571427,0.0
1897,1,1,2016,2016,3,3,0,2,35.821343311146,128.547136468175,대구광역시 달서구 상인동(화성파크드림 부근),대구광역시,달서구,기타,False,0.07142857142857142,0.21428571428571427,0.0
1894,1,1,2016,2016,3,3,1,2,35.857033672767,128.499877325779,대구광역시 달서구 신당동(로즈미용실 부근),대구광역시,달서구,기타,False,0.07142857142857142,0.21428571428571427,0.07142857142857142
1887,1,1,2016,2016,3,3,0,3,35.857548549927,128.648940285867,대구광역시 수성구 만촌동(만촌네거리 부근),대구광역시,수성구,기타,False,0.07142857142857142,0.21428571428571427,0.0
1881,1,1,2016,2016,3,3,0,2,35.906731433909,128.541578728077,대구광역시 북구 매천동(매천시장지하차도 부근),대구광역시,북구,전통시장,False,0.07142857142857142,0.21428571428571427,0.0
912,1,1,2014,2014,3,3,1,1,36.918910954878,127.135424165594,충청남도 천안시 서북구 성환읍(성환읍사무소입구 부근),충청남도,천안시 서북구,주민센터·행정,False,0.07142857142857142,0.21428571428571427,0.07142857142857142
900,1,1,2014,2014,3,3,0,1,36.969206497183,127.938108595337,충청북도 충주시 교현동(동촌사거리 부근),충청북도,충주시,교차로·사거리,False,0.07142857142857142,0.21428571428571427,0.0
899,1,1,2014,2014,3,3,0,3,36.974792682837,127.796150102247,충청북도 충주시 주덕읍(주덕마트 부근),충청북도,충주시,마트·상가,False,0.07142857142857142,0.21428571428571427,0.0
4627,1,1,2021,2021,3,3,0,2,35.184137764847,129.085764858163,부산광역시 연제구 연산동(성민교회 부근),부산광역시,연제구,기타,False,0.07142857142857142,0.21428571428571427,0.0
4662,1,1,2021,2021,3,3,0,2,35.854679045303,128.609137329925,대구광역시 수성구 수성동1가(대봉교북단교차로 부근),대구광역시,수성구,교차로·사거리,False,0.07142857142857142,0.21428571428571427,0.0
4660,1,1,2021,2021,3,3,1,2,35.829703766816,128.706446448446,대구광역시 수성구 신매동(레오어린이집 부근),대구광역시,수성구,기타,False,0.07142857142857142,0.21428571428571427,0.07142857142857142
4656,1,1,2021,2021,3,3,0,0,35.832936557077,128.558976944931,대구광역시 남구 대명동(관문교회 부근),대구광역시,남구,기타,False,0.07142857142857142,0.21428571428571427,0.0
4655,1,1,2021,2021,3,3,0,1,35.855054361171,128.60398994598,대구광역시 남구 이천동(대구은행대봉동지점 부근),대구광역시,남구,은행,False,0.07142857142857142,0.21428571428571427,0.0
4654,1,1,2021,2021,3,3,1,0,35.855181643119,128.574134775201,대구광역시 남구 대명동(수성유통 부근),대구광역시,남구,기타,False,0.07142857142857142,0.21428571428571427,0.07142857142857142
4652,1,1,2021,2021,3,3,0,0,35.880781178809,128.568922447614,대구광역시 서구 비산동(한창하이빌입구 부근),대구광역시,서구,기타,False,0.07142857142857142,0.21428571428571427,0.0
4644,1,1,2021,2021,2,3,1,1,35.861782300014,128.581337603748,대구광역시 중구 남산동(남산동246693 부근),대구광역시,중구,기타,False,0.07142857142857142,0.21428571428571427,0.07142857142857142
4638,1,1,2021,2021,3,3,0,1,35.155061078707,128.98688358531,부산광역시 사상구 감전동(IBK기업은행사상디지털밸리지점 부근),부산광역시,사상구,은행,False,0.07142857142857142,0.21428571428571427,0.0
4637,1,1,2021,2021,3,3,0,1,35.153947241373,128.980507020584,부산광역시 사상구 감전동(럭키메가마트 부근),부산광역시,사상구,마트·상가,False,0.07142857142857142,0.21428571428571427,0.0
4636,1,1,2021,2021,3,3,0,2,35.159082995285,128.98763417208,부산광역시 사상구 감전동(화신귀금속프라자 부근),부산광역시,사상구,기타,False,0.07142857142857142,0.21428571428571427,0.0
4635,1,1,2021,2021,3,3,0,2,35.166157388054,128.982756277182,부산광역시 사상구 괘법동(NH농협은행사상지점 부근),부산광역시,사상구,은행,False,0.07142857142857142,0.21428571428571427,0.0
4630,1,1,2021,2021,3,3,0,1,35.193062133212,129.080087022599,부산광역시 연제구 거제동(교대사거리 부근),부산광역시,연제구,교차로·사거리,False,0.07142857142857142,0.21428571428571427,0.0
926,1,1,2014,2014,3,3,0,3,35.823749136115,127.133192112127,전라북도 전주시 완산구 태평동(태평주유소 부근),전북특별자치도,전주시 완산구,기타,False,0.07142857142857142,0.21428571428571427,0.0
4690,1,1,2021,2021,3,3,0,1,35.147066542788,126.90384446605,광주광역시 남구 월산동(연세우유광주무등대림점 부근),전남광주통합특별시,남구,기타,False,0.07142857142857142,0.21428571428571427,0.0
4681,1,1,2021,2021,3,3,0,3,37.500903158355,126.672305872719,인천광역시 서구 석남동(카페도노 부근),인천광역시,서구,기타,False,0.07142857142857142,0.21428571428571427,0.0
4677,1,1,2021,2021,3,3,0,3,37.470513994426,126.699371895098,인천광역시 부평구 십정동(동암역입구교차로 부근),인천광역시,부평구,교차로·사거리,False,0.07142857142857142,0.21428571428571427,0.0
2909,1,1,2018,2018,3,3,1,0,37.604860015079,126.915591576991,서울특별시 은평구 역촌동(역말사거리 부근),서울특별시,은평구,교차로·사거리,False,0.07142857142857142,0.21428571428571427,0.07142857142857142
2905,1,1,2018,2018,3,3,0,2,37.621516732812,127.075653969656,서울특별시 노원구 공릉동(공릉볼링센타 부근),서울특별시,노원구,기타,False,0.07142857142857142,0.21428571428571427,0.0
2894,1,1,2018,2018,3,3,1,1,37.612706648494,127.03742068142,서울특별시 강북구 미아동(창문여고앞삼거리 부근),서울특별시,강북구,교차로·사거리,False,0.07142857142857142,0.21428571428571427,0.07142857142857142
4675,1,1,2021,2021,3,3,0,2,37.46486941759,126.717795668237,인천광역시 남동구 간석동(간석동371 부근),인천광역시,남동구,기타,False,0.07142857142857142,0.21428571428571427,0.0
4669,1,1,2021,2021,3,3,1,2,37.46861453993,126.648153580924,인천광역시 미추홀구 숭의동(동인천감리교회 부근),인천광역시,미추홀구,기타,False,0.07142857142857142,0.21428571428571427,0.07142857142857142
4668,1,1,2021,2021,3,3,1,1,37.475627649298,126.644734153459,인천광역시 동구 송림동(송림오거리 부근),인천광역시,동구,교차로·사거리,False,0.07142857142857142,0.21428571428571427,0.07142857142857142
4667,1,1,2021,2021,3,3,0,1,35.806581046779,128.499353993193,대구광역시 달성군 화원읍(해성빌라 부근),대구광역시,달성군,기타,False,0.07142857142857142,0.21428571428571427,0.0
2471,1,1,2017,2017,3,3,0,2,35.193135731929,129.06451144285,부산광역시 연제구 거제동(하나어페럴 부근),부산광역시,연제구,기타,False,0.07142857142857142,0.21428571428571427,0.0
2466,1,1,2017,2017,3,3,0,3,35.244136095405,129.087837242396,부산광역시 금정구 구서동(부곡교(서측) 부근),부산광역시,금정구,기타,False,0.07142857142857142,0.21428571428571427,0.0
2070,1,1,2016,2016,3,3,0,1,37.834294965541,127.51113705833,경기도 가평군 가평읍(한국전력공사 부근),경기도,가평군,기타,False,0.07142857142857142,0.21428571428571427,0.0
2068,1,1,2016,2016,3,3,0,2,37.831851436496,127.067351969919,경기도 양주시 고암동((훼미리마트앞) 부근),경기도,양주시,마트·상가,False,0.07142857142857142,0.21428571428571427,0.0
2064,1,1,2016,2016,3,3,0,2,37.169750547051,126.983383550212,경기도 화성시 정남면(정남교 부근),경기도,화성시,기타,False,0.07142857142857142,0.21428571428571427,0.0
2061,1,1,2016,2016,3,3,0,3,37.651991342228,126.671933826786,경기도 김포시 장기동(청송마을입구 부근),경기도,김포시,기타,False,0.07142857142857142,0.21428571428571427,0.0
2053,1,1,2016,2016,3,3,0,3,37.298735408613,127.10771527634,경기도 용인시 기흥구 마북동(OK마트 구성점 부근),경기도,용인시 기흥구,마트·상가,False,0.07142857142857142,0.21428571428571427,0.0
2050,1,1,2016,2016,3,3,1,2,37.235335769231,127.205697350353,경기도 용인시 처인구 김량장동(우리가정의원 부근),경기도,용인시 처인구,병원·의원,False,0.07142857142857142,0.21428571428571427,0.07142857142857142
2049,1,1,2016,2016,3,3,0,2,37.539441148591,127.215735106391,경기도 하남시 신장동(까치 숫불갈매기살 부근),경기도,하남시,기타,False,0.07142857142857142,0.21428571428571427,0.0
2046,1,1,2016,2016,3,3,0,2,37.372459200333,126.935556104632,경기도 군포시 산본동(산본사거리 부근),경기도,군포시,교차로·사거리,False,0.07142857142857142,0.21428571428571427,0.0
389,1,1,2013,2013,3,3,0,3,36.355105152981,126.604061901137,충청남도 보령시 대천동(신풍건설(주) 부근),충청남도,보령시,기타,False,0.07142857142857142,0.21428571428571427,0.0
388,1,1,2013,2013,3,3,0,2,36.351408737025,126.599882584315,충청남도 보령시 대천동(산림조합사거리 부근),충청남도,보령시,교차로·사거리,False,0.07142857142857142,0.21428571428571427,0.0
385,1,1,2013,2013,3,3,1,1,36.799451446228,127.159210049305,충청남도 천안시 동남구 원성동((르노삼성써비스센터) 부근),충청남도,천안시 동남구,기타,False,0.07142857142857142,0.21428571428571427,0.07142857142857142
379,1,1,2013,2013,3,3,1,2,37.145187045647,128.199254872316,충청북도 제천시 하소동((제천하소2단지주공아파트) 부근),충청북도,제천시,기타,False,0.07142857142857142,0.21428571428571427,0.07142857142857142
376,1,1,2013,2013,3,3,1,2,36.982237696114,127.928479564981,충청북도 충주시 연수동(법원사거리 부근),충청북도,충주시,교차로·사거리,False,0.07142857142857142,0.21428571428571427,0.07142857142857142
432,1,1,2013,2013,3,3,1,0,35.59006569118,126.678671577233,전라북도 부안군 줄포면(솔파미피아노학원 부근),전북특별자치도,부안군,기타,False,0.07142857142857142,0.21428571428571427,0.07142857142857142
2876,1,1,2018,2018,3,3,0,3,37.604806393002,127.077065351286,서울특별시 중랑구 중화동(경희제일한의원 부근),서울특별시,중랑구,병원·의원,False,0.07142857142857142,0.21428571428571427,0.0
2869,1,1,2018,2018,3,3,1,2,37.591000576516,127.065402412392,서울특별시 동대문구 휘경동(삼성디지털프라자휘경점 부근),서울특별시,동대문구,기타,False,0.07142857142857142,0.21428571428571427,0.07142857142857142
1923,1,1,2016,2016,3,3,0,2,37.544495945532,126.728642143221,인천광역시 계양구 계산동(부평교단 부근),인천광역시,계양구,기타,False,0.07142857142857142,0.21428571428571427,0.0
1919,1,1,2016,2016,3,3,0,3,37.51171835402,126.726128956287,인천광역시 부평구 갈산동(프리스쿨 부근),인천광역시,부평구,기타,False,0.07142857142857142,0.21428571428571427,0.0
1918,1,1,2016,2016,3,3,1,1,37.504700814592,126.721477527767,인천광역시 부평구 부평동(다산교육 부근),인천광역시,부평구,기타,False,0.07142857142857142,0.21428571428571427,0.07142857142857142
1913,1,1,2016,2016,3,3,0,2,37.434313337691,126.707037004855,인천광역시 남동구 구월동(남동고가교 부근),인천광역시,남동구,기타,False,0.07142857142857142,0.21428571428571427,0.0
1908,1,1,2016,2016,3,3,0,1,37.43773145934,126.676812068823,인천광역시 남구 학익동(문학고개B 부근),인천광역시,남구,기타,False,0.07142857142857142,0.21428571428571427,0.0
1906,1,1,2016,2016,3,3,0,1,37.441799735071,126.670646248527,인천광역시 남구 학익동(법원입구삼거리 부근),인천광역시,남구,교차로·사거리,False,0.07142857142857142,0.21428571428571427,0.0
879,1,1,2014,2014,3,3,0,3,37.333566760299,127.942908369727,강원도 원주시 명륜동(삼성아파트 부근),강원특별자치도,원주시,기타,False,0.07142857142857142,0.21428571428571427,0.0
878,1,1,2014,2014,3,3,1,2,37.347238068783,127.933882544345,강원도 원주시 단계동(봉학사거리 부근),강원특별자치도,원주시,교차로·사거리,False,0.07142857142857142,0.21428571428571427,0.07142857142857142
874,1,1,2014,2014,3,3,0,3,37.88345322159,127.739275861793,강원도 춘천시 교동((한림대학교앞교차로) 부근),강원특별자치도,춘천시,학교,False,0.07142857142857142,0.21428571428571427,0.0
873,1,1,2014,2014,3,3,0,3,37.874553485656,127.734463598517,강원도 춘천시 효자동((춘천축산농협효자지점앞교차로) 부근),강원특별자치도,춘천시,은행,False,0.07142857142857142,0.21428571428571427,0.0
872,1,1,2014,2014,3,3,1,2,37.874784901003,127.729082559913,강원도 춘천시 약사동(로얄문구상사 부근),강원특별자치도,춘천시,기타,False,0.07142857142857142,0.21428571428571427,0.07142857142857142
4694,1,1,2021,2021,3,3,1,1,35.172777547647,126.886992783391,광주광역시 북구 운암동(동운고가차도 부근),전남광주통합특별시,북구,기타,False,0.07142857142857142,0.21428571428571427,0.07142857142857142
4723,1,1,2021,2021,3,3,0,2,37.256948411541,127.011254803967,경기도 수원시 권선구 세류동(홍익유치원 부근),경기도,수원시 권선구,기타,False,0.07142857142857142,0.21428571428571427,0.0
4722,1,1,2021,2021,3,3,0,1,37.292451787021,127.008279058833,경기도 수원시 장안구 영화동(수원축산농협정자동지점 부근),경기도,수원시 장안구,은행,False,0.07142857142857142,0.21428571428571427,0.0
4715,1,1,2021,2021,3,3,0,3,35.539888720889,129.342667648095,울산광역시 남구 삼산동(농수산물시장앞교차로 부근),울산광역시,남구,전통시장,False,0.07142857142857142,0.21428571428571427,0.0
4713,1,1,2021,2021,3,3,0,2,35.570741772216,129.346065017887,울산광역시 중구 남외동(병영사거리 부근),울산광역시,중구,교차로·사거리,False,0.07142857142857142,0.21428571428571427,0.0
4710,1,1,2021,2021,3,3,0,0,36.353292603572,127.338571527955,대전광역시 유성구 봉명동(온천1동주민센터 부근),대전광역시,유성구,주민센터·행정,False,0.07142857142857142,0.21428571428571427,0.0
4708,1,1,2021,2021,3,3,0,3,36.308385273762,127.374988083135,대전광역시 서구 복수동(복수동장로교회 부근),대전광역시,서구,기타,False,0.07142857142857142,0.21428571428571427,0.0
4707,1,1,2021,2021,3,3,2,0,36.306948547438,127.335113861317,대전광역시 서구 관저동(원앙네거리 부근),대전광역시,서구,기타,False,0.07142857142857142,0.21428571428571427,0.14285714285714285
4705,1,1,2021,2021,3,3,1,2,36.326265138726,127.396128272902,대전광역시 중구 태평동(태평오거리 부근),대전광역시,중구,교차로·사거리,False,0.07142857142857142,0.21428571428571427,0.07142857142857142
898,1,1,2014,2014,3,3,0,3,36.967465875551,127.933425234588,충청북도 충주시 성남동(광제약국 부근),충청북도,충주시,약국,False,0.07142857142857142,0.21428571428571427,0.0
892,1,1,2014,2014,3,3,0,2,37.50074631659,128.455659532263,강원도 평창군 대화면(대화우체국 부근),강원특별자치도,평창군,기타,False,0.07142857142857142,0.21428571428571427,0.0
888,1,1,2014,2014,3,3,0,2,38.206249724546,128.589305481064,강원도 속초시 중앙동(명양복집 부근),강원특별자치도,속초시,기타,False,0.07142857142857142,0.21428571428571427,0.0
2887,1,1,2018,2018,3,3,1,1,37.593353239861,127.036293222955,서울특별시 성북구 종암동(사대부고앞 부근),서울특별시,성북구,기타,False,0.07142857142857142,0.21428571428571427,0.07142857142857142
860,1,1,2014,2014,3,3,0,3,37.007161647593,127.27251316705,경기도 안성시 동본동((안성영동마을회관앞교차로) 부근),경기도,안성시,교차로·사거리,False,0.07142857142857142,0.21428571428571427,0.0
858,1,1,2014,2014,3,3,0,3,37.285011102182,127.440130550186,경기도 이천시 중리동((청자아파트앞교차로) 부근),경기도,이천시,교차로·사거리,False,0.07142857142857142,0.21428571428571427,0.0
857,1,1,2014,2014,3,3,0,2,37.727721342467,126.815966990186,경기도 파주시 조리읍(그린씨티동문아파트 부근),경기도,파주시,기타,False,0.07142857142857142,0.21428571428571427,0.0
854,1,1,2014,2014,3,3,0,2,37.327733884312,127.108878058377,경기도 용인시 수지구 죽전동(POLO(죽전점) 부근),경기도,용인시 수지구,기타,False,0.07142857142857142,0.21428571428571427,0.0
1904,1,1,2016,2016,3,3,0,2,37.466270376977,126.652345769743,인천광역시 남구 숭의동(숭의삼거리 부근),인천광역시,남구,교차로·사거리,False,0.07142857142857142,0.21428571428571427,0.0
1903,1,1,2016,2016,3,3,1,0,37.455712142802,126.656372781879,인천광역시 남구 용현동(독정이삼거리 부근),인천광역시,남구,교차로·사거리,False,0.07142857142857142,0.21428571428571427,0.07142857142857142
2850,1,1,2018,2018,3,3,1,1,37.530019423658,127.006841497938,서울특별시 용산구 한남동(라멘81번옥 부근),서울특별시,용산구,기타,False,0.07142857142857142,0.21428571428571427,0.07142857142857142
2843,1,1,2018,2018,3,3,0,2,37.57411093887,126.983181792707,서울특별시 종로구 견지동(안국동사거리~우정국로 부근),서울특별시,종로구,교차로·사거리,False,0.07142857142857142,0.21428571428571427,0.0
2842,1,1,2018,2018,3,3,1,1,37.571970235839,127.008193319267,서울특별시 종로구 종로6가(동대문역 부근),서울특별시,종로구,기타,False,0.07142857142857142,0.21428571428571427,0.07142857142857142
2841,1,1,2018,2018,3,3,1,1,37.578100046381,126.972084928478,서울특별시 종로구 내자동(우리은행효자동지점 부근),서울특별시,종로구,은행,False,0.07142857142857142,0.21428571428571427,0.07142857142857142
848,1,1,2014,2014,3,3,2,1,37.353491907526,126.733552855281,경기도 시흥시 정왕동(정왕동삼성아파트 부근),경기도,시흥시,기타,False,0.07142857142857142,0.21428571428571427,0.14285714285714285
4741,1,1,2021,2021,3,3,0,3,37.405099607462,126.915845177714,경기도 안양시 만안구 안양동(안양지구축산업협동조합 부근),경기도,안양시 만안구,기타,False,0.07142857142857142,0.21428571428571427,0.0
4727,1,1,2021,2021,3,3,1,2,37.286575397338,127.033140856366,경기도 수원시 팔달구 우만동(수원명가 부근),경기도,수원시 팔달구,기타,False,0.07142857142857142,0.21428571428571427,0.07142857142857142
4781,1,1,2021,2021,3,3,0,0,37.681863309645,127.304537097011,경기도 남양주시 화도읍(화도읍가곡리27734 부근),경기도,남양주시,기타,False,0.07142857142857142,0.21428571428571427,0.0
4780,1,1,2021,2021,3,3,0,1,37.607857408693,127.161221546738,경기도 남양주시 다산동(다산동40914 부근),경기도,남양주시,기타,False,0.07142857142857142,0.21428571428571427,0.0
4777,1,1,2021,2021,3,3,1,1,37.644260315762,127.229382103502,경기도 남양주시 평내동(평내주공아파트입구 부근),경기도,남양주시,기타,False,0.07142857142857142,0.21428571428571427,0.07142857142857142
4766,1,1,2021,2021,3,3,0,3,37.69346198928,126.779599877933,경기도 고양시 일산동구 중산동(중산마을사거리 부근),경기도,고양시 일산동구,교차로·사거리,False,0.07142857142857142,0.21428571428571427,0.0
4763,1,1,2021,2021,3,3,0,3,37.329539981086,126.790968079314,경기도 안산시 단원구 원곡동(부동산세상 부근),경기도,안산시 단원구,기타,False,0.07142857142857142,0.21428571428571427,0.0
4760,1,1,2021,2021,3,3,0,1,37.07679592879,127.057976849653,경기도 평택시 지산동(섬김과나눔교회 부근),경기도,평택시,기타,False,0.07142857142857142,0.21428571428571427,0.0
4752,1,1,2021,2021,3,3,0,1,37.492517508177,126.786851095403,경기도 부천시 원미동(북교사거리 부근),경기도,부천시,교차로·사거리,False,0.07142857142857142,0.21428571428571427,0.0
4749,1,1,2021,2021,3,3,1,1,37.496037664208,126.763366139237,경기도 부천시 중동(부흥로197 부근),경기도,부천시,기타,False,0.07142857142857142,0.21428571428571427,0.07142857142857142
4743,1,1,2021,2021,2,3,1,2,37.403834930439,126.96080189829,경기도 안양시 동안구 관양동(한음교회 부근),경기도,안양시 동안구,기타,False,0.07142857142857142,0.21428571428571427,0.07142857142857142
4742,1,1,2021,2021,3,3,0,1,37.404163841289,126.919651699467,경기도 안양시 만안구 안양동(유쾌한교회 부근),경기도,안양시 만안구,기타,False,0.07142857142857142,0.21428571428571427,0.0
871,1,1,2014,2014,3,3,1,2,37.924269467063,127.721156740292,강원도 춘천시 사농동(위도마트 부근),강원특별자치도,춘천시,마트·상가,False,0.07142857142857142,0.21428571428571427,0.07142857142857142
866,1,1,2014,2014,3,3,0,2,37.829481651858,127.51384087186,경기도 가평군 가평읍((훼미리마트) 부근),경기도,가평군,마트·상가,False,0.07142857142857142,0.21428571428571427,0.0
864,1,1,2014,2014,3,3,1,1,37.206432811426,127.662428328905,경기도 여주군 점동면(점동중학교 인근),경기도,여주군,학교,False,0.07142857142857142,0.21428571428571427,0.07142857142857142
4805,1,1,2021,2021,3,3,0,2,37.427669766048,127.241677083232,경기도 광주시 회덕동(회덕교 부근),경기도,광주시,기타,False,0.07142857142857142,0.21428571428571427,0.0
4802,1,1,2021,2021,3,3,0,2,37.644638742385,126.629192311777,경기도 김포시 구래동(구래역사거리 부근),경기도,김포시,교차로·사거리,False,0.07142857142857142,0.21428571428571427,0.0
4791,1,1,2021,2021,3,3,0,3,37.266495100869,127.105773523131,경기도 용인시 기흥구 상갈동(도립박물관입구삼거리 부근),경기도,용인시 기흥구,교차로·사거리,False,0.07142857142857142,0.21428571428571427,0.0
4790,1,1,2021,2021,3,3,0,2,37.268186883919,127.21471655043,경기도 용인시 처인구 포곡읍(둔전역삼거리 부근),경기도,용인시 처인구,교차로·사거리,False,0.07142857142857142,0.21428571428571427,0.0
845,1,1,2014,2014,3,3,0,3,37.157902871221,127.067032920134,경기도 오산시 궐동((화성세차장앞교차로) 부근),경기도,오산시,교차로·사거리,False,0.07142857142857142,0.21428571428571427,0.0
837,1,1,2014,2014,3,3,1,1,37.624699496485,126.836380827214,경기도 고양시 덕양구 행신동(햇빛22단지 부근),경기도,고양시 덕양구,기타,False,0.07142857142857142,0.21428571428571427,0.07142857142857142
833,1,1,2014,2014,3,3,1,2,36.992327713554,127.100000933198,경기도 평택시 합정동(평택여중사거리 부근),경기도,평택시,교차로·사거리,False,0.07142857142857142,0.21428571428571427,0.07142857142857142
826,1,1,2014,2014,3,3,0,3,37.476662154736,126.86915592131,경기도 광명시 철산동(중앙로사거리 부근),경기도,광명시,교차로·사거리,False,0.07142857142857142,0.21428571428571427,0.0
816,1,1,2014,2014,3,3,1,1,37.406793313262,126.897707955559,경기도 안양시 만안구 석수동(신성전기 부근),경기도,안양시 만안구,기타,False,0.07142857142857142,0.21428571428571427,0.07142857142857142
815,1,1,2014,2014,3,3,1,1,37.382982907736,126.929368345374,경기도 안양시 만안구 안양동(대흥빌라 부근),경기도,안양시 만안구,기타,False,0.07142857142857142,0.21428571428571427,0.07142857142857142
429,1,1,2013,2013,3,3,0,1,35.804504390766,126.886216906786,전라북도 김제시 요촌동(최용호치과 부근),전북특별자치도,김제시,기타,False,0.07142857142857142,0.21428571428571427,0.0
427,1,1,2013,2013,3,3,1,1,35.414012422636,127.386269184277,전라북도 남원시 향교동(향교오거리 부근),전북특별자치도,남원시,교차로·사거리,False,0.07142857142857142,0.21428571428571427,0.07142857142857142
424,1,1,2013,2013,3,3,0,2,35.558240935871,126.870427629233,전라북도 정읍시 상동(멍림서적 부근),전북특별자치도,정읍시,기타,False,0.07142857142857142,0.21428571428571427,0.0
421,1,1,2013,2013,3,3,0,3,35.932509126196,126.950345607665,전라북도 익산시 인화동1가((화성예식장) 부근),전북특별자치도,익산시,기타,False,0.07142857142857142,0.21428571428571427,0.0
420,1,1,2013,2013,3,3,0,2,35.958540338267,126.986753103074,전라북도 익산시 부송동((부송동주공아파트101동) 부근),전북특별자치도,익산시,기타,False,0.07142857142857142,0.21428571428571427,0.0
409,1,1,2013,2013,3,3,0,1,35.843731216723,127.14294447281,전라북도 전주시 덕진구 금암동(거목빌딩 부근),전북특별자치도,전주시 덕진구,기타,False,0.07142857142857142,0.21428571428571427,0.0
461,1,1,2013,2013,3,3,0,3,36.562653463787,128.701120456445,경상북도 안동시 옥동(옥동사거리 부근),경상북도,안동시,교차로·사거리,False,0.07142857142857142,0.21428571428571427,0.0
460,1,1,2013,2013,3,3,0,2,36.119578685109,128.143390634371,경상북도 김천시 지좌동(진양천막사 부근),경상북도,김천시,기타,False,0.07142857142857142,0.21428571428571427,0.0
452,1,1,2013,2013,3,3,1,2,34.483062789517,126.265210931241,전라남도 진도군 진도읍(복주신용협동조합 부근),전남광주통합특별시,진도군,기타,False,0.07142857142857142,0.21428571428571427,0.07142857142857142
448,1,1,2013,2013,3,3,0,1,34.780148993582,127.334251679472,전라남도 고흥군 동강면(남도유선방송 부근),전남광주통합특별시,고흥군,기타,False,0.07142857142857142,0.21428571428571427,0.0
2016,1,1,2016,2016,3,3,0,2,37.484588424017,126.763795629366,경기도 부천시 소사구 송내동(중동고가차도 부근),경기도,부천시 소사구,기타,False,0.07142857142857142,0.21428571428571427,0.0
2516,1,1,2017,2017,3,3,1,2,37.477479863306,126.644805170224,인천광역시 동구 송림동(송림오거리 부근),인천광역시,동구,교차로·사거리,False,0.07142857142857142,0.21428571428571427,0.07142857142857142
2515,1,1,2017,2017,3,3,0,1,35.839107766111,128.552928215466,대구광역시 달서구 성당동(세강병원북편 부근),대구광역시,달서구,병원·의원,False,0.07142857142857142,0.21428571428571427,0.0
2514,1,1,2017,2017,3,3,0,2,35.813823531831,128.524191625045,대구광역시 달서구 진천동(진천네거리 부근),대구광역시,달서구,기타,False,0.07142857142857142,0.21428571428571427,0.0
4811,1,1,2021,2021,3,3,0,3,37.898140455519,127.199470311407,경기도 포천시 신읍동(막썰어수산 부근),경기도,포천시,기타,False,0.07142857142857142,0.21428571428571427,0.0
2818,1,1,2017,2017,3,3,0,3,35.187847726392,128.084674289188,경상남도 진주시 망경동(진주교차로 부근),경상남도,진주시,교차로·사거리,False,0.07142857142857142,0.21428571428571427,0.0
2814,1,1,2017,2017,3,3,0,3,35.158413416747,128.70015102595,경상남도 창원시 진해구 석동(돌리사거리 부근),경상남도,창원시 진해구,교차로·사거리,False,0.07142857142857142,0.21428571428571427,0.0
2812,1,1,2017,2017,3,3,0,0,35.228221507218,128.575183268694,경상남도 창원시 마산회원구 석전동(- 인근),경상남도,창원시 마산회원구,기타,False,0.07142857142857142,0.21428571428571427,0.0
2811,1,1,2017,2017,3,3,0,2,35.211843517265,128.575727164278,경상남도 창원시 마산합포구 상남동(상남광장(육호광장) 부근),경상남도,창원시 마산합포구,기타,False,0.07142857142857142,0.21428571428571427,0.0
2810,1,1,2017,2017,3,3,0,3,35.202975326851,128.572104073645,경상남도 창원시 마산합포구 신포동2가(서성광장 부근),경상남도,창원시 마산합포구,기타,False,0.07142857142857142,0.21428571428571427,0.0
2801,1,1,2017,2017,3,3,0,1,36.598649484287,128.201883589757,경상북도 문경시 흥덕동(동양알루미늄문집 부근),경상북도,문경시,기타,False,0.07142857142857142,0.21428571428571427,0.0
1943,1,1,2016,2016,3,3,0,3,35.179036455869,126.901107123996,광주광역시 북구 용봉동(티엔지학원 부근),전남광주통합특별시,북구,기타,False,0.07142857142857142,0.21428571428571427,0.0
1942,1,1,2016,2016,3,3,1,0,35.158929610514,126.900927743422,광주광역시 북구 유동(잉크충전 부근),전남광주통합특별시,북구,기타,False,0.07142857142857142,0.21428571428571427,0.07142857142857142
1941,1,1,2016,2016,3,3,1,1,35.172563935278,126.905866507135,광주광역시 북구 중흥동(깻잎통닭 부근),전남광주통합특별시,북구,기타,False,0.07142857142857142,0.21428571428571427,0.07142857142857142
4809,1,1,2021,2021,3,3,0,0,37.842919698686,127.062525137626,경기도 양주시 덕정동(양주시립도서관앞 부근),경기도,양주시,기타,False,0.07142857142857142,0.21428571428571427,0.0
4808,1,1,2021,2021,3,3,0,1,37.774769383401,127.045315203735,경기도 양주시 남방동(양주역 부근),경기도,양주시,기타,False,0.07142857142857142,0.21428571428571427,0.0
4862,1,1,2021,2021,3,3,0,2,36.451084985385,126.799977257346,충청남도 청양군 청양읍(팔팔종합싱크 부근),충청남도,청양군,기타,False,0.07142857142857142,0.21428571428571427,0.0
4855,1,1,2021,2021,3,3,0,1,36.891624768569,126.640112746107,충청남도 당진시 읍내리(한우목장정육점입구 부근),충청남도,당진시,기타,False,0.07142857142857142,0.21428571428571427,0.0
4849,1,1,2021,2021,3,3,0,2,36.755671717876,127.03170634957,충청남도 아산시 좌부동(좌부교차로 부근),충청남도,아산시,교차로·사거리,False,0.07142857142857142,0.21428571428571427,0.0
808,1,1,2014,2014,3,3,0,3,37.416703859297,127.128640295214,경기도 성남시 분당구 야탑동(야탑사거리 부근),경기도,성남시 분당구,교차로·사거리,False,0.07142857142857142,0.21428571428571427,0.0
807,1,1,2014,2014,3,3,0,2,37.439792491431,127.1592509136,경기도 성남시 중원구 상대원동(한독약국 부근),경기도,성남시 중원구,약국,False,0.07142857142857142,0.21428571428571427,0.0
794,1,1,2014,2014,3,3,0,2,37.300435854832,126.972373002014,경기도 수원시 장안구 율전동((주)코레일개발(성균관대역) 부근),경기도,수원시 장안구,기타,False,0.07142857142857142,0.21428571428571427,0.0
793,1,1,2014,2014,3,3,0,2,37.299293330024,127.017740166876,경기도 수원시 장안구 조원동(조원동삼거리 부근),경기도,수원시 장안구,교차로·사거리,False,0.07142857142857142,0.21428571428571427,0.0
4842,1,1,2021,2021,3,3,0,2,36.821443606938,127.117643890654,충청남도 천안시 서북구 백석동(천안용암초등학교주차장 부근),충청남도,천안시 서북구,학교,False,0.07142857142857142,0.21428571428571427,0.0
4836,1,1,2021,2021,3,3,0,2,36.485161672774,127.721775867763,충청북도 보은군 보은읍(동다리사거리 부근),충청북도,보은군,교차로·사거리,False,0.07142857142857142,0.21428571428571427,0.0
4824,1,1,2021,2021,3,3,0,1,38.104180572676,127.706568673706,강원도 화천군 화천읍(화천대교오거리 부근),강원특별자치도,화천군,교차로·사거리,False,0.07142857142857142,0.21428571428571427,0.0
773,1,1,2014,2014,3,3,0,2,35.164106967064,126.802206015696,광주광역시 광산구 산정동(구두종합병원 부근),전남광주통합특별시,광산구,병원·의원,False,0.07142857142857142,0.21428571428571427,0.0
770,1,1,2014,2014,3,3,0,1,35.166783437607,126.919864395427,광주광역시 북구 풍향동(서방삼거리 부근),전남광주통합특별시,북구,교차로·사거리,False,0.07142857142857142,0.21428571428571427,0.0
1940,1,1,2016,2016,3,3,2,1,35.181293724527,126.93359963042,광주광역시 북구 각화동(문화금호타운아파트A 부근),전남광주통합특별시,북구,기타,False,0.07142857142857142,0.21428571428571427,0.14285714285714285
1935,1,1,2016,2016,3,3,0,3,35.138222081885,126.902273381013,광주광역시 남구 주월동(벽산아파트 부근),전남광주통합특별시,남구,기타,False,0.07142857142857142,0.21428571428571427,0.0
1925,1,1,2016,2016,3,3,1,2,37.739924828769,126.488413157242,인천광역시 강화군 강화읍(강화지역자활센터 부근),인천광역시,강화군,기타,False,0.07142857142857142,0.21428571428571427,0.07142857142857142
2794,1,1,2017,2017,3,3,0,3,36.126630709041,128.330242432343,경상북도 구미시 원평동(고향추어탕 부근),경상북도,구미시,기타,False,0.07142857142857142,0.21428571428571427,0.0
2786,1,1,2017,2017,3,3,0,3,35.84482901285,129.203648726708,경상북도 경주시 성건동(엔비빌 부근),경상북도,경주시,기타,False,0.07142857142857142,0.21428571428571427,0.0
2777,1,1,2017,2017,3,3,0,3,35.976208948885,129.41385472122,경상북도 포항시 남구 오천읍(GS25시 부근),경상북도,포항시 남구,기타,False,0.07142857142857142,0.21428571428571427,0.0
2771,1,1,2017,2017,3,3,0,1,35.046882082143,126.842608245675,전라남도 나주시 남평읍(제실 부근),전남광주통합특별시,나주시,기타,False,0.07142857142857142,0.21428571428571427,0.0
769,1,1,2014,2014,3,3,0,2,35.202639386899,126.898571979215,광주광역시 북구 일곡동(국제고사거리B 부근),전남광주통합특별시,북구,교차로·사거리,False,0.07142857142857142,0.21428571428571427,0.0
768,1,1,2014,2014,3,3,0,3,35.211269721022,126.873886903859,광주광역시 북구 양산동(용두삼익아파트B 부근),전남광주통합특별시,북구,기타,False,0.07142857142857142,0.21428571428571427,0.0
767,1,1,2014,2014,3,3,1,1,35.162228509939,126.929076214996,광주광역시 북구 풍향동(꽃세상화훼유통 부근),전남광주통합특별시,북구,기타,False,0.07142857142857142,0.21428571428571427,0.07142857142857142
4880,1,1,2021,2021,3,3,0,3,35.792006057235,127.427342506353,전라북도 진안군 진안읍(군상리4324 부근),전북특별자치도,진안군,기타,False,0.07142857142857142,0.21428571428571427,0.0
4874,1,1,2021,2021,3,3,0,2,35.960445951321,126.953364630874,전라북도 익산시 신동(그린원룸 부근),전북특별자치도,익산시,기타,False,0.07142857142857142,0.21428571428571427,0.0
2512,1,1,2017,2017,3,3,0,2,35.821733035052,128.534286049163,대구광역시 달서구 상인동(상인고가차도 부근),대구광역시,달서구,기타,False,0.07142857142857142,0.21428571428571427,0.0
2511,1,1,2017,2017,3,3,0,3,35.852324900774,128.555379800638,대구광역시 달서구 두류동(장애인교육훈련장 부근),대구광역시,달서구,기타,False,0.07142857142857142,0.21428571428571427,0.0
2502,1,1,2017,2017,3,3,1,2,35.859084587485,128.646372499293,대구광역시 수성구 만촌동(만촌네거리 부근),대구광역시,수성구,기타,False,0.07142857142857142,0.21428571428571427,0.07142857142857142
2492,1,1,2017,2017,3,3,0,3,35.859669305995,128.542787189378,대구광역시 서구 중리동(대륙철물 부근),대구광역시,서구,기타,False,0.07142857142857142,0.21428571428571427,0.0
2488,1,1,2017,2017,3,3,0,3,35.891374710475,128.639310309424,대구광역시 동구 지저동(싱싱(주) 부근),대구광역시,동구,기타,False,0.07142857142857142,0.21428571428571427,0.0
444,1,1,2013,2013,3,3,0,2,34.948482037417,127.486989025724,전라남도 순천시 장천동(대승사 부근),전남광주통합특별시,순천시,기타,False,0.07142857142857142,0.21428571428571427,0.0
439,1,1,2013,2013,3,3,1,2,34.727348775527,127.744731482973,전라남도 여수시 돌산읍(낚시휴게소 부근),전남광주통합특별시,여수시,기타,False,0.07142857142857142,0.21428571428571427,0.07142857142857142
438,1,1,2013,2013,3,3,1,0,34.754596222638,127.708844670746,전라남도 여수시 여서동(여수지방해양수산청 부근),전남광주통합특별시,여수시,기타,False,0.07142857142857142,0.21428571428571427,0.07142857142857142
485,1,1,2013,2013,3,3,0,2,35.184764697534,128.087005165557,경상남도 진주시 강남동(상록속셈학원 부근),경상남도,진주시,기타,False,0.07142857142857142,0.21428571428571427,0.0
483,1,1,2013,2013,3,3,0,3,35.158535374709,128.660151900891,경상남도 창원시 진해구 여좌동(- 인근),경상남도,창원시 진해구,기타,False,0.07142857142857142,0.21428571428571427,0.0
481,1,1,2013,2013,3,3,0,2,35.242332703792,128.586976996892,경상남도 창원시 마산회원구 합성동(- 인근),경상남도,창원시 마산회원구,기타,False,0.07142857142857142,0.21428571428571427,0.0
471,1,1,2013,2013,3,3,0,2,36.41925633871,128.162651442511,경상북도 상주시 복룡동(상주화약사 부근),경상북도,상주시,기타,False,0.07142857142857142,0.21428571428571427,0.0
2526,1,1,2017,2017,3,3,0,3,37.454536076879,126.718986235727,인천광역시 남동구 구월동(모래마을사거리 부근),인천광역시,남동구,교차로·사거리,False,0.07142857142857142,0.21428571428571427,0.0
2522,1,1,2017,2017,3,3,0,0,37.460633134113,126.692677121453,인천광역시 남구 주안동(남가빌라 부근),인천광역시,남구,기타,False,0.07142857142857142,0.21428571428571427,0.0
4940,1,1,2021,2021,3,3,0,2,35.808421938323,128.738852131622,경상북도 경산시 백천동(백천동599 부근),경상북도,경산시,기타,False,0.07142857142857142,0.21428571428571427,0.0
4926,1,1,2021,2021,3,3,1,0,36.13169809829,128.331657441838,경상북도 구미시 원평동(송월타월구미점앞 부근),경상북도,구미시,기타,False,0.07142857142857142,0.21428571428571427,0.07142857142857142
4914,1,1,2021,2021,3,3,0,2,35.842263354971,129.203004505455,경상북도 경주시 성건동(운담사 부근),경상북도,경주시,기타,False,0.07142857142857142,0.21428571428571427,0.0
4906,1,1,2021,2021,3,3,0,1,34.318462853978,126.747350438473,전라남도 완도군 완도읍(완도농협본점 부근),전남광주통합특별시,완도군,은행,False,0.07142857142857142,0.21428571428571427,0.0
4905,1,1,2021,2021,3,3,0,1,35.217979172502,126.375256544455,전라남도 영광군 염산면(염산면봉남리71033 부근),전남광주통합특별시,영광군,기타,False,0.07142857142857142,0.21428571428571427,0.0
4896,1,1,2021,2021,3,3,0,1,34.950835216073,127.48372509284,전라남도 순천시 저전동(남교오거리 부근),전남광주통합특별시,순천시,교차로·사거리,False,0.07142857142857142,0.21428571428571427,0.0
784,1,1,2014,2014,3,3,0,2,36.344543073305,127.380725218195,대전광역시 서구 탄방동(국민연금관리공단대전지사 부근),대전광역시,서구,기타,False,0.07142857142857142,0.21428571428571427,0.0
774,1,1,2014,2014,3,3,0,2,35.136299519308,126.798336824686,광주광역시 광산구 송정동(모세통신 부근),전남광주통합특별시,광산구,기타,False,0.07142857142857142,0.21428571428571427,0.0
4945,1,1,2021,2021,3,3,0,2,35.982160310551,128.398600490122,경상북도 칠곡군 왜관읍(왜관리84139 부근),경상북도,칠곡군,기타,False,0.07142857142857142,0.21428571428571427,0.0
4943,1,1,2021,2021,3,3,1,2,35.9981376939,128.400837586986,경상북도 칠곡군 왜관읍(왜관지하도동측 부근),경상북도,칠곡군,기타,False,0.07142857142857142,0.21428571428571427,0.07142857142857142
2766,1,1,2017,2017,3,3,0,1,34.738773889604,127.724838409166,전라남도 여수시 봉강동(영웅체육관 부근),전남광주통합특별시,여수시,기타,False,0.07142857142857142,0.21428571428571427,0.0
2751,1,1,2017,2017,3,3,0,2,35.951810761758,126.983924623724,전라북도 익산시 어양동((익산터질목우편취급소) 부근),전북특별자치도,익산시,기타,False,0.07142857142857142,0.21428571428571427,0.0
2747,1,1,2017,2017,3,3,0,2,35.837148462632,127.158110205423,전라북도 전주시 덕진구 인후동1가(기아자동차카클리닉인후동지점 부근),전북특별자치도,전주시 덕진구,기타,False,0.07142857142857142,0.21428571428571427,0.0
2746,1,1,2017,2017,3,3,0,3,35.82489048281,127.131980135376,전라북도 전주시 덕진구 진북동(신성닥트공사 부근),전북특별자치도,전주시 덕진구,기타,False,0.07142857142857142,0.21428571428571427,0.0
2741,1,1,2017,2017,3,3,0,2,35.80018469337,127.144690912157,전라북도 전주시 완산구 서서학동(777타이어백화점 부근),전북특별자치도,전주시 완산구,마트·상가,False,0.07142857142857142,0.21428571428571427,0.0
2738,1,1,2017,2017,3,3,1,0,35.80790904147,127.116161216168,전라북도 전주시 완산구 효자동1가(호산나공인중개사 부근),전북특별자치도,전주시 완산구,기타,False,0.07142857142857142,0.21428571428571427,0.07142857142857142
2737,1,1,2017,2017,3,3,0,1,36.604962677387,126.662389204999,충청남도 홍성군 홍성읍(덕산통사거리 부근),충청남도,홍성군,교차로·사거리,False,0.07142857142857142,0.21428571428571427,0.0
1963,1,1,2016,2016,3,3,1,1,36.354724016701,127.330588400835,대전광역시 유성구 구암동(영진 부근),대전광역시,유성구,기타,False,0.07142857142857142,0.21428571428571427,0.07142857142857142
1962,1,1,2016,2016,3,3,2,1,36.348605123029,127.332407086319,대전광역시 유성구 구암동(한경자원 부근),대전광역시,유성구,기타,False,0.07142857142857142,0.21428571428571427,0.14285714285714285
1960,1,1,2016,2016,3,3,0,1,36.362230691094,127.377518243873,대전광역시 서구 월평동(백합사거리 부근),대전광역시,서구,교차로·사거리,False,0.07142857142857142,0.21428571428571427,0.0
4983,1,1,2021,2021,3,3,0,1,33.50394593166,126.526879204413,제주특별자치도 제주시 이도일동(KAL사거리 부근),제주특별자치도,제주시,교차로·사거리,False,0.07142857142857142,0.21428571428571427,0.0
4979,1,1,2021,2021,3,3,1,1,35.028915473971,127.903333480956,경상남도 하동군 진교면(상평삼거리 부근),경상남도,하동군,교차로·사거리,False,0.07142857142857142,0.21428571428571427,0.07142857142857142
760,1,1,2014,2014,3,3,0,3,35.145583656961,126.86919782612,광주광역시 서구 쌍촌동(쌍촌시영아파트 부근),전남광주통합특별시,서구,기타,False,0.07142857142857142,0.21428571428571427,0.0
759,1,1,2014,2014,3,3,0,3,35.14930364235,126.887744681373,광주광역시 서구 농성동(건강협회사거리 부근),전남광주통합특별시,서구,교차로·사거리,False,0.07142857142857142,0.21428571428571427,0.0
753,1,1,2014,2014,3,3,0,1,37.527858480485,126.736265295108,인천광역시 계양구 작전동(우주빌딩 부근),인천광역시,계양구,기타,False,0.07142857142857142,0.21428571428571427,0.0
751,1,1,2014,2014,3,3,0,1,37.51684848627,126.746776715974,인천광역시 부평구 삼산동(삼산2지구주공아파트5블럭 부근),인천광역시,부평구,기타,False,0.07142857142857142,0.21428571428571427,0.0
4963,1,1,2021,2021,3,3,0,1,34.828799633597,128.424032251888,경상남도 통영시 도남동(동서복음교회 부근),경상남도,통영시,기타,False,0.07142857142857142,0.21428571428571427,0.0
4956,1,1,2021,2021,3,3,0,2,35.191793098074,128.122613460444,경상남도 진주시 하대동(미술관 부근),경상남도,진주시,기타,False,0.07142857142857142,0.21428571428571427,0.0
4951,1,1,2021,2021,3,3,0,2,35.142142181717,128.707047091251,경상남도 창원시 진해구 자은동(자은본동사거리 부근),경상남도,창원시 진해구,교차로·사거리,False,0.07142857142857142,0.21428571428571427,0.0
4950,1,1,2021,2021,3,3,0,3,35.232465563536,128.564272017341,경상남도 창원시 마산회원구 회성동(서마산IC사거리 부근),경상남도,창원시 마산회원구,교차로·사거리,False,0.07142857142857142,0.21428571428571427,0.0
4949,1,1,2021,2021,3,3,0,0,35.191687096783,128.563860733087,경상남도 창원시 마산합포구 중앙동2가(중앙동1가131 부근),경상남도,창원시 마산합포구,기타,False,0.07142857142857142,0.21428571428571427,0.0
4948,1,1,2021,2021,3,3,0,1,35.1966420384,128.565364297026,경상남도 창원시 마산합포구 중앙동3가(월포교 부근),경상남도,창원시 마산합포구,기타,False,0.07142857142857142,0.21428571428571427,0.0
4946,1,1,2021,2021,3,3,1,2,35.263951324795,128.618254708089,경상남도 창원시 의창구 서상동(여수룬교회 부근),경상남도,창원시 의창구,기타,False,0.07142857142857142,0.21428571428571427,0.07142857142857142
2521,1,1,2017,2017,3,3,0,2,37.444497265937,126.696686058116,인천광역시 남구 관교동(119안전센터 부근),인천광역시,남구,기타,False,0.07142857142857142,0.21428571428571427,0.0
2520,1,1,2017,2017,3,3,0,3,37.464255923473,126.668952811624,인천광역시 남구 도화동(도화초등교사거리 부근),인천광역시,남구,교차로·사거리,False,0.07142857142857142,0.21428571428571427,0.0
2031,1,1,2016,2016,3,3,0,2,37.323879833389,126.80535594692,경기도 안산시 단원구 초지동(이화연립 부근),경기도,안산시 단원구,기타,False,0.07142857142857142,0.21428571428571427,0.0
2028,1,1,2016,2016,3,3,1,1,37.336673887391,126.862979611321,경기도 안산시 상록구 부곡동(정재초교사거리 부근),경기도,안산시 상록구,학교,False,0.07142857142857142,0.21428571428571427,0.07142857142857142
2025,1,1,2016,2016,3,3,0,2,37.06637022141,127.05842483434,경기도 평택시 서정동(플랜광고기획 부근),경기도,평택시,기타,False,0.07142857142857142,0.21428571428571427,0.0
2024,1,1,2016,2016,3,3,0,2,37.070040244063,127.054658664267,경기도 평택시 서정동(서정고가 부근),경기도,평택시,기타,False,0.07142857142857142,0.21428571428571427,0.0
2018,1,1,2016,2016,3,3,0,3,37.520041830467,126.770157969516,경기도 부천시 오정구 삼정동(삼정사거리입구B 부근),경기도,부천시 오정구,교차로·사거리,False,0.07142857142857142,0.21428571428571427,0.0
466,1,1,2013,2013,3,3,0,2,36.127519218538,128.334885281332,경상북도 구미시 원평동(한성모피 부근),경상북도,구미시,기타,False,0.07142857142857142,0.21428571428571427,0.0
523,1,1,2014,2014,3,3,0,2,37.549612574462,127.070870539545,서울특별시 광진구 군자동(화양삼거리 부근),서울특별시,광진구,교차로·사거리,False,0.07142857142857142,0.21428571428571427,0.0
515,1,1,2014,2014,3,3,0,2,37.563987485535,126.980957387075,서울특별시 중구 소공동(롯데명품관 부근),서울특별시,중구,기타,False,0.07142857142857142,0.21428571428571427,0.0
514,1,1,2014,2014,3,3,0,2,37.561425913276,126.994858993049,서울특별시 중구 충무로4가(진양상가 부근),서울특별시,중구,마트·상가,False,0.07142857142857142,0.21428571428571427,0.0
503,1,1,2013,2013,3,3,0,2,33.511142355236,126.538785252538,제주특별자치도 제주시 일도이동(장원장여관 부근),제주특별자치도,제주시,기타,False,0.07142857142857142,0.21428571428571427,0.0
502,1,1,2013,2013,3,3,1,2,35.520741889228,128.013399241683,경상남도 합천군 대병면(대병우체국 부근),경상남도,합천군,기타,False,0.07142857142857142,0.21428571428571427,0.07142857142857142
494,1,1,2013,2013,3,3,0,2,35.267714061256,128.865043954316,경상남도 김해시 삼계동((삼계초교앞교차로) 부근),경상남도,김해시,학교,False,0.07142857142857142,0.21428571428571427,0.0
557,1,1,2014,2014,3,3,0,3,37.630742666342,127.01780762952,서울특별시 강북구 수유동(삼각산지구대 부근),서울특별시,강북구,기타,False,0.07142857142857142,0.21428571428571427,0.0
549,1,1,2014,2014,3,3,0,1,37.601924131494,127.018772266628,서울특별시 성북구 정릉동(미진미싱 부근),서울특별시,성북구,기타,False,0.07142857142857142,0.21428571428571427,0.0
739,1,1,2014,2014,3,3,0,1,35.832941325283,128.538387369583,대구광역시 달서구 본동(학산공원삼거리 부근),대구광역시,달서구,교차로·사거리,False,0.07142857142857142,0.21428571428571427,0.0
722,1,1,2014,2014,3,3,0,1,35.878076935403,128.548414424587,대구광역시 서구 평리동(대복식품 부근),대구광역시,서구,기타,False,0.07142857142857142,0.21428571428571427,0.0
721,1,1,2014,2014,3,3,0,2,35.864556558339,128.555993484513,대구광역시 서구 평리동(남평리네거리 부근),대구광역시,서구,기타,False,0.07142857142857142,0.21428571428571427,0.0
1959,1,1,2016,2016,3,3,0,2,36.335318435698,127.388126914726,대전광역시 서구 용문동(대전선민교회 부근),대전광역시,서구,기타,False,0.07142857142857142,0.21428571428571427,0.0
1956,1,1,2016,2016,3,3,1,0,36.32376256649,127.404178734962,대전광역시 중구 오류동(B&G미용실 부근),대전광역시,중구,기타,False,0.07142857142857142,0.21428571428571427,0.07142857142857142
1950,1,1,2016,2016,3,3,0,2,36.347220209346,127.440343841496,대전광역시 동구 가양동(목원어린이집 부근),대전광역시,동구,기타,False,0.07142857142857142,0.21428571428571427,0.0
1949,1,1,2016,2016,3,3,0,3,36.337332579836,127.428127484097,대전광역시 동구 삼성동(삼성사거리 부근),대전광역시,동구,교차로·사거리,False,0.07142857142857142,0.21428571428571427,0.0
2727,1,1,2017,2017,3,3,0,2,36.712064262756,126.544357442043,충청남도 서산시 해미면((제일화재앞교차로) 부근),충청남도,서산시,교차로·사거리,False,0.07142857142857142,0.21428571428571427,0.0
2724,1,1,2017,2017,3,3,1,2,36.78527660823,127.010066726699,충청남도 아산시 권곡동((진흥종합보일러) 부근),충청남도,아산시,기타,False,0.07142857142857142,0.21428571428571427,0.07142857142857142
2716,1,1,2017,2017,3,3,0,1,36.813661659059,127.137045047892,충청남도 천안시 서북구 성정동((번지없는주막) 부근),충청남도,천안시 서북구,기타,False,0.07142857142857142,0.21428571428571427,0.0
2711,1,1,2017,2017,3,3,0,2,36.992715489529,127.592929272469,충청북도 음성군 금왕읍(크라운모텔.목욕탕 부근),충청북도,음성군,기타,False,0.07142857142857142,0.21428571428571427,0.0
2708,1,1,2017,2017,3,3,0,3,37.143138313583,128.199012221738,충청북도 제천시 하소동((하소주공아파트2단지208동) 부근),충청북도,제천시,기타,False,0.07142857142857142,0.21428571428571427,0.0
2704,1,1,2017,2017,3,3,0,1,36.987306634894,127.928436167296,충청북도 충주시 연수동(두레고속관광(주) 부근),충청북도,충주시,기타,False,0.07142857142857142,0.21428571428571427,0.0
2702,1,1,2017,2017,3,3,0,2,36.666487928176,127.479946995059,충청북도 청주시 청원구 율량동((신동아아파트3동) 부근),충청북도,청주시 청원구,기타,False,0.07142857142857142,0.21428571428571427,0.0
693,1,1,2014,2014,3,3,0,2,35.174721676865,129.085868087743,부산광역시 연제구 연산동(연산시장 부근),부산광역시,연제구,전통시장,False,0.07142857142857142,0.21428571428571427,0.0
709,1,1,2014,2014,3,3,0,0,35.866293865071,128.603472125339,대구광역시 중구 삼덕동2가(은난초플라워 부근),대구광역시,중구,기타,False,0.07142857142857142,0.21428571428571427,0.0
703,1,1,2014,2014,3,3,0,1,35.141034975984,128.98890820565,부산광역시 사상구 학장동((주)세원 부근),부산광역시,사상구,기타,False,0.07142857142857142,0.21428571428571427,0.0
702,1,1,2014,2014,3,3,0,1,35.133534661596,128.974064698328,부산광역시 사상구 엄궁동(삼원FA(주) 부근),부산광역시,사상구,기타,False,0.07142857142857142,0.21428571428571427,0.0
2698,1,1,2017,2017,3,3,0,1,36.61022703525,127.504763600761,충청북도 청주시 상당구 용암동((현대3차아파트305동) 부근),충청북도,청주시 상당구,기타,False,0.07142857142857142,0.21428571428571427,0.0
2686,1,1,2017,2017,3,3,0,1,37.711902915188,129.008061838884,강원도 강릉시 강동면(등명낙가사 부근),강원특별자치도,강릉시,기타,False,0.07142857142857142,0.21428571428571427,0.0
2684,1,1,2017,2017,3,3,0,1,37.330225679073,127.949249101866,강원도 원주시 단구동(667교차로 부근),강원특별자치도,원주시,교차로·사거리,False,0.07142857142857142,0.21428571428571427,0.0
1988,1,1,2016,2016,3,3,2,1,37.439060104241,127.165607791268,경기도 성남시 중원구 상대원동(슬리민속학원 부근),경기도,성남시 중원구,기타,False,0.07142857142857142,0.21428571428571427,0.14285714285714285
1986,1,1,2016,2016,3,3,0,2,37.445052099975,127.14032541139,경기도 성남시 수정구 태평동(예일병원사거리 부근),경기도,성남시 수정구,병원·의원,False,0.07142857142857142,0.21428571428571427,0.0
1981,1,1,2016,2016,3,3,0,3,37.264013489132,127.045341070935,경기도 수원시 영통구 매탄동(태백장&숯불갈비 부근),경기도,수원시 영통구,기타,False,0.07142857142857142,0.21428571428571427,0.0
1980,1,1,2016,2016,3,3,0,3,37.277958100687,127.033150831647,경기도 수원시 팔달구 인계동(민화통신(주) 부근),경기도,수원시 팔달구,기타,False,0.07142857142857142,0.21428571428571427,0.0
1979,1,1,2016,2016,3,3,1,1,37.265079339541,127.024623249564,경기도 수원시 팔달구 인계동(시청지하차도 부근),경기도,수원시 팔달구,주민센터·행정,False,0.07142857142857142,0.21428571428571427,0.07142857142857142
743,1,1,2014,2014,3,3,0,2,37.442263751972,126.666092939639,인천광역시 남구 학익동(선거사무실 부근),인천광역시,남구,기타,False,0.07142857142857142,0.21428571428571427,0.0
742,1,1,2014,2014,3,3,0,2,37.458871578062,126.680093243509,인천광역시 남구 주안동(시민회관사거리 부근),인천광역시,남구,교차로·사거리,False,0.07142857142857142,0.21428571428571427,0.0
650,1,1,2014,2014,3,3,1,2,35.1153194943,129.013754477288,부산광역시 서구 서대신동3가(경남상고 부근),부산광역시,서구,기타,False,0.07142857142857142,0.21428571428571427,0.07142857142857142
638,1,1,2014,2014,3,3,0,3,37.494220976118,127.142106966564,서울특별시 송파구 거여동(거여사거리_오금로_진입 부근),서울특별시,송파구,교차로·사거리,False,0.07142857142857142,0.21428571428571427,0.0
1976,1,1,2016,2016,3,3,0,1,37.259235901017,127.012531782817,경기도 수원시 권선구 세류동(유천사거리 부근),경기도,수원시 권선구,교차로·사거리,False,0.07142857142857142,0.21428571428571427,0.0
1975,1,1,2016,2016,3,3,0,1,37.295365555377,127.009031899304,경기도 수원시 장안구 영화동(운동장사거리 부근),경기도,수원시 장안구,교차로·사거리,False,0.07142857142857142,0.21428571428571427,0.0
2677,1,1,2017,2017,3,3,0,1,37.87572178953,127.719875207276,강원도 춘천시 중앙로3가((춘천중학교앞교차로) 부근),강원특별자치도,춘천시,학교,False,0.07142857142857142,0.21428571428571427,0.0
2676,1,1,2017,2017,3,3,0,3,37.872052148189,127.720580617503,강원도 춘천시 효자동(온의교 부근),강원특별자치도,춘천시,기타,False,0.07142857142857142,0.21428571428571427,0.0
2675,1,1,2017,2017,3,3,1,1,37.864975644711,127.725982551854,강원도 춘천시 퇴계동((진성경정비앞교차로) 부근),강원특별자치도,춘천시,교차로·사거리,False,0.07142857142857142,0.21428571428571427,0.07142857142857142
2674,1,1,2017,2017,3,3,1,0,37.490279222409,127.495106373961,경기도 양평군 양평읍((양평현대아파트입구) 부근),경기도,양평군,기타,False,0.07142857142857142,0.21428571428571427,0.07142857142857142
2673,1,1,2017,2017,3,3,0,1,38.02376885385,127.069099075663,경기도 연천군 전곡읍(역전이발관 부근),경기도,연천군,기타,False,0.07142857142857142,0.21428571428571427,0.0
2671,1,1,2017,2017,3,3,0,1,37.831908377071,127.149546812337,경기도 포천시 소흘읍((대방노블랜드앞) 부근),경기도,포천시,기타,False,0.07142857142857142,0.21428571428571427,0.0
2668,1,1,2017,2017,3,3,0,3,37.345374100635,127.176534864394,경기도 광주시 오포읍(청도체육관 부근),경기도,광주시,기타,False,0.07142857142857142,0.21428571428571427,0.0
630,1,1,2014,2014,3,3,1,1,37.484240704746,126.939399183826,서울특별시 관악구 봉천동(도원맨션 부근),서울특별시,관악구,기타,False,0.07142857142857142,0.21428571428571427,0.07142857142857142
618,1,1,2014,2014,3,3,0,1,37.513979634553,126.911342694011,서울특별시 영등포구 영등포동(신길2 승리교회 부근),서울특별시,영등포구,기타,False,0.07142857142857142,0.21428571428571427,0.0
694,1,1,2014,2014,3,3,0,1,35.183123320586,129.079221952132,부산광역시 연제구 연산동(부산중앙라이온스클럽 부근),부산광역시,연제구,기타,False,0.07142857142857142,0.21428571428571427,0.0
2009,1,1,2016,2016,3,3,0,2,37.403788193571,126.954542658218,경기도 안양시 동안구 관양동(IGA마트 부근),경기도,안양시 동안구,마트·상가,False,0.07142857142857142,0.21428571428571427,0.0
2008,1,1,2016,2016,3,3,0,3,37.395655840146,126.94828621234,경기도 안양시 동안구 호계동(주공아파트 부근),경기도,안양시 동안구,기타,False,0.07142857142857142,0.21428571428571427,0.0
2004,1,1,2016,2016,3,3,1,1,37.416094572208,126.915696529672,경기도 안양시 만안구 석수동(관악회관 부근),경기도,안양시 만안구,기타,False,0.07142857142857142,0.21428571428571427,0.07142857142857142
2661,1,1,2017,2017,3,3,0,1,37.782613309857,126.846509337437,경기도 파주시 광탄면(광신교 부근),경기도,파주시,기타,False,0.07142857142857142,0.21428571428571427,0.0
2657,1,1,2017,2017,3,3,0,3,37.236289430114,127.203722351007,경기도 용인시 처인구 김량장동(용인주방 부근),경기도,용인시 처인구,기타,False,0.07142857142857142,0.21428571428571427,0.0
2652,1,1,2017,2017,3,3,0,3,37.388072332173,126.982779690531,경기도 의왕시 내손동((대우아파트앞교차로) 부근),경기도,의왕시,교차로·사거리,False,0.07142857142857142,0.21428571428571427,0.0
2651,1,1,2017,2017,3,3,0,3,37.36434532258,126.943500531226,경기도 군포시 금정동(금정고가사거리 부근),경기도,군포시,교차로·사거리,False,0.07142857142857142,0.21428571428571427,0.0
2650,1,1,2017,2017,3,3,1,2,37.327781740836,126.916831248364,경기도 군포시 대야미동(GS25 대야미역점 부근),경기도,군포시,기타,False,0.07142857142857142,0.21428571428571427,0.07142857142857142
2648,1,1,2017,2017,3,3,0,2,37.444243254224,126.790214902497,경기도 시흥시 대야동(이화실버케어 부근),경기도,시흥시,기타,False,0.07142857142857142,0.21428571428571427,0.0
2646,1,1,2017,2017,2,3,1,2,37.71537767614,127.180648303178,경기도 남양주시 진접읍((장현주공2단지아파트입구) 부근),경기도,남양주시,기타,False,0.07142857142857142,0.21428571428571427,0.07142857142857142
2645,1,1,2017,2017,3,3,0,3,37.65283918708,127.303944337662,경기도 남양주시 화도읍(마석5리회관 부근),경기도,남양주시,기타,False,0.07142857142857142,0.21428571428571427,0.0
2634,1,1,2017,2017,3,3,0,2,37.321982107389,126.826332064374,경기도 안산시 단원구 고잔동(세무서사거리 부근),경기도,안산시 단원구,교차로·사거리,False,0.07142857142857142,0.21428571428571427,0.0
2631,1,1,2017,2017,3,3,0,3,37.078663769418,127.063354989742,경기도 평택시 지산동(미주2차아파트 부근),경기도,평택시,기타,False,0.07142857142857142,0.21428571428571427,0.0
657,1,1,2014,2014,3,3,1,1,35.135021776035,129.044323541599,부산광역시 동구 수정동(하승희음악학원 부근),부산광역시,동구,기타,False,0.07142857142857142,0.21428571428571427,0.07142857142857142
651,1,1,2014,2014,3,3,0,3,35.111142446468,129.012514151208,부산광역시 서구 서대신동2가(서대신사거리 부근),부산광역시,서구,교차로·사거리,False,0.07142857142857142,0.21428571428571427,0.0
1995,1,1,2016,2016,3,3,0,2,37.352147055943,127.109052159031,경기도 성남시 분당구 구미동(청솔마을 부근),경기도,성남시 분당구,기타,False,0.07142857142857142,0.21428571428571427,0.0
1994,1,1,2016,2016,3,3,0,2,37.376748834292,127.115486826257,경기도 성남시 분당구 수내동(정상제이엘에스 (영재관) 부근),경기도,성남시 분당구,기타,False,0.07142857142857142,0.21428571428571427,0.0
2588,1,1,2017,2017,3,3,1,2,37.27622861446,126.979590818662,경기도 수원시 권선구 서둔동(웃거리삼거리 부근),경기도,수원시 권선구,교차로·사거리,False,0.07142857142857142,0.21428571428571427,0.07142857142857142
2571,1,1,2017,2017,3,3,1,1,36.353362613994,127.415306793075,대전광역시 대덕구 오정동((주)대전개인택시제3충전소 부근),대전광역시,대덕구,기타,False,0.07142857142857142,0.21428571428571427,0.07142857142857142
2568,1,1,2017,2017,3,3,1,2,36.356480353986,127.342555121723,대전광역시 유성구 봉명동(신뜸부대찌게 부근),대전광역시,유성구,기타,False,0.07142857142857142,0.21428571428571427,0.07142857142857142
2567,1,1,2017,2017,3,3,0,1,36.345965009379,127.387443032471,대전광역시 서구 탄방동(대전 I.C 부근),대전광역시,서구,기타,False,0.07142857142857142,0.21428571428571427,0.0
563,1,1,2014,2014,3,3,0,2,37.683459887765,127.046270091293,서울특별시 도봉구 도봉동(이화창고 부근),서울특별시,도봉구,기타,False,0.07142857142857142,0.21428571428571427,0.0
615,1,1,2014,2014,3,3,0,3,37.496593756398,126.902609945094,서울특별시 영등포구 대림동(영등포소방서 부근),서울특별시,영등포구,기타,False,0.07142857142857142,0.21428571428571427,0.0
605,1,1,2014,2014,3,3,0,2,37.502221414288,126.850284743547,서울특별시 구로구 고척동(상암빌딩 부근),서울특별시,구로구,기타,False,0.07142857142857142,0.21428571428571427,0.0
604,1,1,2014,2014,3,3,1,1,37.48902143779,126.835262144334,서울특별시 구로구 오류동(대성그린빌라 부근),서울특별시,구로구,기타,False,0.07142857142857142,0.21428571428571427,0.07142857142857142
601,1,1,2014,2014,3,3,0,3,37.53998685541,126.833917684854,서울특별시 강서구 화곡동(까치산식당 부근),서울특별시,강서구,기타,False,0.07142857142857142,0.21428571428571427,0.0
2621,1,1,2017,2017,2,3,1,1,37.509003824168,126.7697159923,경기도 부천시 원미구 중동(중동덕유마을 부근),경기도,부천시 원미구,기타,False,0.07142857142857142,0.21428571428571427,0.07142857142857142
2619,1,1,2017,2017,3,3,0,3,37.502918653274,126.782317202878,경기도 부천시 원미구 춘의동(안남사거리 부근),경기도,부천시 원미구,교차로·사거리,False,0.07142857142857142,0.21428571428571427,0.0
2608,1,1,2017,2017,3,3,1,1,37.754229896693,127.044579832594,경기도 의정부시 가능동((LPG충전소앞) 부근),경기도,의정부시,기타,False,0.07142857142857142,0.21428571428571427,0.07142857142857142
2607,1,1,2017,2017,3,3,1,1,37.749144517407,127.059336138053,경기도 의정부시 금오동(강원어닝천막사 부근),경기도,의정부시,기타,False,0.07142857142857142,0.21428571428571427,0.07142857142857142
2011,1,1,2016,2016,3,3,1,2,37.488274295423,126.765139455722,경기도 부천시 원미구 상동(중동사거리 부근),경기도,부천시 원미구,교차로·사거리,False,0.07142857142857142,0.21428571428571427,0.07142857142857142
2566,1,1,2017,2017,3,3,0,2,36.341988290028,127.38765850104,대전광역시 서구 괴정동(탄방지하차도 부근),대전광역시,서구,기타,False,0.07142857142857142,0.21428571428571427,0.0
2565,1,1,2017,2017,3,3,0,3,36.332392177558,127.377959322666,대전광역시 서구 내동(네동사거리 부근),대전광역시,서구,교차로·사거리,False,0.07142857142857142,0.21428571428571427,0.0
2558,1,1,2017,2017,3,3,0,2,36.335517604055,127.439193917966,대전광역시 동구 소제동(대성여상삼거리 부근),대전광역시,동구,교차로·사거리,False,0.07142857142857142,0.21428571428571427,0.0
2535,1,1,2017,2017,3,3,1,2,37.531306874214,126.710882465454,인천광역시 계양구 효성동(구일주유소 부근),인천광역시,계양구,기타,False,0.07142857142857142,0.21428571428571427,0.07142857142857142
2532,1,1,2017,2017,3,3,0,3,37.501133731937,126.730722514334,인천광역시 부평구 부평동(다사롬병원 부근),인천광역시,부평구,병원·의원,False,0.07142857142857142,0.21428571428571427,0.0
534,1,1,2014,2014,3,3,0,2,37.583831667698,127.050137370344,서울특별시 동대문구 청량리동(떡전교사거리_일반국도6호선_진 부근),서울특별시,동대문구,교차로·사거리,False,0.07142857142857142,0.21428571428571427,0.0
533,1,1,2014,2014,3,3,0,2,37.581624725102,127.072326452905,서울특별시 동대문구 장안동(경찰수사연구소B 부근),서울특별시,동대문구,기타,False,0.07142857142857142,0.21428571428571427,0.0
524,1,1,2014,2014,3,3,0,2,37.54514928771,127.085587139936,서울특별시 광진구 구의동(구의사거리 부근),서울특별시,광진구,교차로·사거리,False,0.07142857142857142,0.21428571428571427,0.0
587,1,1,2014,2014,3,3,0,2,37.567206446022,126.930162689558,서울특별시 서대문구 연희동(연희프라자 부근),서울특별시,서대문구,기타,False,0.07142857142857142,0.21428571428571427,0.0
586,1,1,2014,2014,3,3,0,3,37.56644065891,126.92532391247,서울특별시 서대문구 연희동(두꺼비주유소앞 부근),서울특별시,서대문구,기타,False,0.07142857142857142,0.21428571428571427,0.0
579,1,1,2014,2014,3,3,0,1,37.611485885366,126.917316918242,서울특별시 은평구 갈현동(구산역 부근),서울특별시,은평구,기타,False,0.07142857142857142,0.21428571428571427,0.0
2001,1,1,2016,2016,3,3,0,0,37.735700123163,127.061531987512,경기도 의정부시 용현동(고흥빌딩 부근),경기도,의정부시,기타,False,0.07142857142857142,0.21428571428571427,0.0
1999,1,1,2016,2016,3,3,1,0,37.725631059926,127.055620561141,경기도 의정부시 장암동((발곡중학교앞) 부근),경기도,의정부시,학교,False,0.07142857142857142,0.21428571428571427,0.07142857142857142
2247,1,1,2016,2016,3,3,0,2,33.505487822006,126.541173235857,제주특별자치도 제주시 일도이동(동남빌딩 부근),제주특별자치도,제주시,기타,False,0.07142857142857142,0.21428571428571427,0.0
4,1,1,2013,2013,3,3,0,1,37.56637998345,126.995341511702,서울특별시 중구 인현동1가(대림상가앞 부근),서울특별시,중구,마트·상가,False,0.07142857142857142,0.21428571428571427,0.0
9,1,1,2013,2013,3,3,0,3,37.541184637262,126.996185654945,서울특별시 용산구 이태원동(그랜드하얏트서울호텔 부근),서울특별시,용산구,기타,False,0.07142857142857142,0.21428571428571427,0.0
30,1,1,2013,2013,3,3,0,3,37.606335533659,127.061388006952,서울특별시 성북구 석관동(석관동제일은행 부근),서울특별시,성북구,은행,False,0.07142857142857142,0.21428571428571427,0.0
32,1,1,2013,2013,3,3,2,1,37.58049919838,127.02271926968,서울특별시 성북구 안암동3가(제삼주유소 부근),서울특별시,성북구,기타,False,0.07142857142857142,0.21428571428571427,0.14285714285714285
66,1,1,2013,2013,3,3,0,2,37.572820510659,126.922059340167,서울특별시 서대문구 남가좌동(중암교사거리 부근),서울특별시,서대문구,교차로·사거리,False,0.07142857142857142,0.21428571428571427,0.0
126,1,1,2013,2013,3,3,0,2,37.530598660801,127.121293158753,서울특별시 강동구 성내동(성내초등교 부근),서울특별시,강동구,기타,False,0.07142857142857142,0.21428571428571427,0.0
119,1,1,2013,2013,3,3,0,1,37.504692977,127.105809334135,서울특별시 송파구 석촌동(석촌역_백제고분로_진출_2 부근),서울특별시,송파구,기타,False,0.07142857142857142,0.21428571428571427,0.0
117,1,1,2013,2013,3,3,0,2,37.496174184892,127.062504848921,서울특별시 강남구 대치동(은마상가 부근),서울특별시,강남구,마트·상가,False,0.07142857142857142,0.21428571428571427,0.0
116,1,1,2013,2013,3,3,0,1,37.519597734449,127.0290718324,서울특별시 강남구 논현동(강남을지병원사거리_도산대로_진 부근),서울특별시,강남구,병원·의원,False,0.07142857142857142,0.21428571428571427,0.0
2271,1,1,2017,2017,3,3,1,1,37.561867412952,127.082950471588,서울특별시 광진구 중곡동(용마사거리 부근),서울특별시,광진구,교차로·사거리,False,0.07142857142857142,0.21428571428571427,0.07142857142857142
2267,1,1,2017,2017,3,3,0,3,37.546510793839,127.036104503821,서울특별시 성동구 성수동1가(응봉교_광나룻길_진출_1 부근),서울특별시,성동구,기타,False,0.07142857142857142,0.21428571428571427,0.0
2234,1,1,2016,2016,3,3,0,1,35.495324063356,128.752233877293,경상남도 밀양시 내일동(밀양택시(주) 부근),경상남도,밀양시,기타,False,0.07142857142857142,0.21428571428571427,0.0
2229,1,1,2016,2016,3,3,1,1,35.233394710698,128.852899756719,경상남도 김해시 외동(럭키종합장식 부근),경상남도,김해시,기타,False,0.07142857142857142,0.21428571428571427,0.07142857142857142
3637,1,1,2019,2019,3,3,0,3,36.338073955749,127.384757750371,대전광역시 서구 괴정동(다정빌딩 부근),대전광역시,서구,기타,False,0.07142857142857142,0.21428571428571427,0.0
3633,1,1,2019,2019,3,3,0,1,36.304754233122,127.453430392799,대전광역시 동구 가오동(가오동네거리 부근),대전광역시,동구,기타,False,0.07142857142857142,0.21428571428571427,0.0
3632,1,1,2019,2019,3,3,0,3,36.324186552768,127.465128186717,대전광역시 동구 용운동(용운국제수영장입구 부근),대전광역시,동구,기타,False,0.07142857142857142,0.21428571428571427,0.0
1483,1,1,2015,2015,3,3,0,1,37.269931646929,127.134561933388,경기도 용인시 기흥구 중동(강남마을계룡리슈빌7단지아파트 부근),경기도,용인시 기흥구,기타,False,0.07142857142857142,0.21428571428571427,0.0
1476,1,1,2015,2015,3,3,0,3,37.605990905357,127.158361367184,경기도 남양주시 가운동((동양레미콘입구) 부근),경기도,남양주시,기타,False,0.07142857142857142,0.21428571428571427,0.0
1472,1,1,2015,2015,3,3,0,1,37.596984691491,127.137869141649,경기도 구리시 수택동(세무서사거리 부근),경기도,구리시,교차로·사거리,False,0.07142857142857142,0.21428571428571427,0.0
48,1,1,2013,2013,3,3,0,2,37.631702136845,127.061184562319,서울특별시 노원구 월계동(월계4동사무소앞 부근),서울특별시,노원구,기타,False,0.07142857142857142,0.21428571428571427,0.0
44,1,1,2013,2013,3,3,0,3,37.652304150717,127.041392325896,서울특별시 도봉구 창동(창원초교 부근),서울특별시,도봉구,학교,False,0.07142857142857142,0.21428571428571427,0.0
95,1,1,2013,2013,3,3,1,2,37.517635433529,126.876546085834,서울특별시 영등포구 문래동5가(신정동현대아파트 부근),서울특별시,영등포구,기타,False,0.07142857142857142,0.21428571428571427,0.07142857142857142
80,1,1,2013,2013,3,3,0,3,37.500553313086,126.863307045485,서울특별시 구로구 고척동(고척동청구아파트 부근),서울특별시,구로구,기타,False,0.07142857142857142,0.21428571428571427,0.0
79,1,1,2013,2013,3,3,0,2,37.485932921268,126.892435586534,서울특별시 구로구 구로동(한국인력관리공단 부근),서울특별시,구로구,기타,False,0.07142857142857142,0.21428571428571427,0.0
74,1,1,2013,2013,3,3,0,2,37.556112538764,126.85240952588,서울특별시 강서구 화곡동(강서구청입구 부근),서울특별시,강서구,주민센터·행정,False,0.07142857142857142,0.21428571428571427,0.0
2206,1,1,2016,2016,3,3,0,3,36.650578945463,128.448593812555,경상북도 예천군 예천읍(예천교 부근),경상북도,예천군,기타,False,0.07142857142857142,0.21428571428571427,0.0
2248,1,1,2016,2016,3,3,0,1,33.493921296731,126.527931120726,제주특별자치도 제주시 도남동(오일삼삼 부근),제주특별자치도,제주시,기타,False,0.07142857142857142,0.21428571428571427,0.0
53,1,1,2013,2013,2,2,2,0,37.588954197079,126.884938988145,서울특별시 은평구 수색동(수색차량사무소입구 부근),서울특별시,은평구,기타,False,0.07142857142857142,0.14285714285714285,0.14285714285714285
3634,1,1,2019,2019,2,2,1,1,36.339301503363,127.432950249655,대전광역시 동구 삼성동(솔브릿지국제대학입구 부근),대전광역시,동구,학교,False,0.07142857142857142,0.14285714285714285,0.07142857142857142
2260,1,1,2017,2017,2,2,2,0,37.563621112525,126.975258576623,서울특별시 중구 서소문동(제일화재해상보험(주)_서소문로_ 부근),서울특별시,중구,기타,False,0.07142857142857142,0.14285714285714285,0.14285714285714285
2270,1,1,2017,2017,2,2,1,1,37.565881889439,127.037455139844,서울특별시 성동구 마장동(도선사거리_마장로_진입_1 부근),서울특별시,성동구,교차로·사거리,False,0.07142857142857142,0.14285714285714285,0.07142857142857142
2536,1,1,2017,2017,2,2,1,1,37.528154105628,126.733623434075,인천광역시 계양구 작전동(화전사거리 부근),인천광역시,계양구,교차로·사거리,False,0.07142857142857142,0.14285714285714285,0.07142857142857142
2544,1,1,2017,2017,2,2,1,0,35.125259081243,126.911467396704,광주광역시 남구 봉선동(노상무 부근),전남광주통합특별시,남구,기타,False,0.07142857142857142,0.14285714285714285,0.07142857142857142
2551,1,1,2017,2017,2,2,1,1,35.158942493302,126.89894536244,광주광역시 북구 임동(임동5거리 부근),전남광주통합특별시,북구,기타,False,0.07142857142857142,0.14285714285714285,0.07142857142857142
2633,1,1,2017,2017,2,2,1,1,37.330134788191,126.847935083938,경기도 안산시 상록구 월피동(월피3차주공아파트 부근),경기도,안산시 상록구,기타,False,0.07142857142857142,0.14285714285714285,0.07142857142857142
2669,1,1,2017,2017,2,2,1,1,37.408768495171,127.253618236394,경기도 광주시 역동(광주중학교 부근),경기도,광주시,학교,False,0.07142857142857142,0.14285714285714285,0.07142857142857142
1969,1,1,2016,2016,2,2,2,0,35.553215254481,129.269678115953,울산광역시 남구 무거동(삼호교남단 부근),울산광역시,남구,기타,False,0.07142857142857142,0.14285714285714285,0.14285714285714285
2699,1,1,2017,2017,2,2,1,1,36.621419211428,127.487894723963,충청북도 청주시 서원구 모충동(- 인근),충청북도,청주시 서원구,기타,False,0.07142857142857142,0.14285714285714285,0.07142857142857142
2700,1,1,2017,2017,2,2,2,0,36.620977561566,127.38185529099,충청북도 청주시 흥덕구 석소동(청주IC입구 인근),충청북도,청주시 흥덕구,기타,False,0.07142857142857142,0.14285714285714285,0.14285714285714285
4985,1,1,2021,2021,2,2,1,1,33.448715803892,126.915746034653,제주특별자치도 서귀포시 성산읍(고성리교차로 부근),제주특별자치도,서귀포시,교차로·사거리,False,0.07142857142857142,0.14285714285714285,0.07142857142857142
4986,1,1,2021,2021,2,2,1,0,33.256976259847,126.568175313741,제주특별자치도 서귀포시 동홍동(천태종서귀포해운사 부근),제주특별자치도,서귀포시,기타,False,0.07142857142857142,0.14285714285714285,0.07142857142857142
4968,1,1,2021,2021,2,2,1,0,34.994790019045,128.060959399758,경상남도 사천시 용현면(남양관광안내소 부근),경상남도,사천시,기타,False,0.07142857142857142,0.14285714285714285,0.07142857142857142
4974,1,1,2021,2021,2,2,1,1,35.469696886103,128.762466056864,경상남도 밀양시 상남면(예림사거리 부근),경상남도,밀양시,교차로·사거리,False,0.07142857142857142,0.14285714285714285,0.07142857142857142
4976,1,1,2021,2021,2,2,1,0,35.337124187332,129.025987802196,경상남도 양산시 중부동(롯데시네마 부근),경상남도,양산시,기타,False,0.07142857142857142,0.14285714285714285,0.07142857142857142
2742,1,1,2017,2017,2,2,1,0,35.797034852977,127.125326071342,전라북도 전주시 완산구 삼천동1가(전북은행(주)삼천동지점 부근),전북특별자치도,전주시 완산구,은행,False,0.07142857142857142,0.14285714285714285,0.07142857142857142
2757,1,1,2017,2017,2,2,2,0,35.665576250544,126.672942569345,전라북도 부안군 상서면(비손복지관 부근),전북특별자치도,부안군,기타,False,0.07142857142857142,0.14285714285714285,0.14285714285714285
2760,1,1,2017,2017,2,2,1,1,34.801726779968,126.400361630186,전라남도 목포시 용당동(청운이발관 부근),전남광주통합특별시,목포시,기타,False,0.07142857142857142,0.14285714285714285,0.07142857142857142
4942,1,1,2021,2021,2,2,1,1,35.860481945986,128.18404252964,경상북도 성주군 수륜면,경상북도,성주군,기타,False,0.07142857142857142,0.14285714285714285,0.07142857142857142
4893,1,1,2021,2021,2,2,1,1,34.764876487161,127.673791494983,전라남도 여수시 신기동(다세대주택입구 부근),전남광주통합특별시,여수시,기타,False,0.07142857142857142,0.14285714285714285,0.07142857142857142
4910,1,1,2021,2021,2,2,1,1,36.06165819587,129.380118286931,경상북도 포항시 북구 두호동(누벨마리에웨딩컨벤션 부근),경상북도,포항시 북구,기타,False,0.07142857142857142,0.14285714285714285,0.07142857142857142
4922,1,1,2021,2021,2,2,1,1,36.120051366079,128.181453422838,경상북도 김천시 율곡동(율곡사거리 부근),경상북도,김천시,교차로·사거리,False,0.07142857142857142,0.14285714285714285,0.07142857142857142
4923,1,1,2021,2021,2,2,1,1,36.123858894174,128.092598865047,경상북도 김천시 부곡동(부곡동125445 부근),경상북도,김천시,기타,False,0.07142857142857142,0.14285714285714285,0.07142857142857142
4925,1,1,2021,2021,2,2,1,1,36.570090498279,128.696595025641,경상북도 안동시 송현동(안동봉화축협송현지점 부근),경상북도,안동시,기타,False,0.07142857142857142,0.14285714285714285,0.07142857142857142
4927,1,1,2021,2021,2,2,1,0,36.120205123169,128.338542359144,경상북도 구미시 송정동(비둘기아파트입구 부근),경상북도,구미시,기타,False,0.07142857142857142,0.14285714285714285,0.07142857142857142
4937,1,1,2021,2021,2,2,1,0,36.412663433971,128.153885903413,경상북도 상주시 낙양동(태광패밀리2차아파트입구 부근),경상북도,상주시,기타,False,0.07142857142857142,0.14285714285714285,0.07142857142857142
4938,1,1,2021,2021,2,2,1,0,36.596076043675,128.202598151485,경상북도 문경시 점촌동(점촌사거리 부근),경상북도,문경시,교차로·사거리,False,0.07142857142857142,0.14285714285714285,0.07142857142857142
2523,1,1,2017,2017,2,2,1,1,37.456902512442,126.649957383528,인천광역시 남구 용현동(용현사거리 부근),인천광역시,남구,교차로·사거리,False,0.07142857142857142,0.14285714285714285,0.07142857142857142
2493,1,1,2017,2017,2,2,1,1,35.858555259119,128.559192287595,대구광역시 서구 내당동(두류네거리 부근),대구광역시,서구,기타,False,0.07142857142857142,0.14285714285714285,0.07142857142857142
2778,1,1,2017,2017,2,2,1,1,36.015900679374,129.359264026715,경상북도 포항시 남구 상도동(성우빌리지 부근),경상북도,포항시 남구,기타,False,0.07142857142857142,0.14285714285714285,0.07142857142857142
2782,1,1,2017,2017,2,2,2,0,36.032429992851,129.358831847613,경상북도 포항시 북구 용흥동((최영준동물병원앞교차로) 부근),경상북도,포항시 북구,병원·의원,False,0.07142857142857142,0.14285714285714285,0.14285714285714285
4817,1,1,2021,2021,2,2,1,0,37.878172580601,127.730033130725,강원도 춘천시 운교동(엠백화점 부근),강원특별자치도,춘천시,마트·상가,False,0.07142857142857142,0.14285714285714285,0.07142857142857142
4823,1,1,2021,2021,2,2,1,1,37.178226048494,128.477302398088,강원도 영월군 영월읍(정양리산3013 부근),강원특별자치도,영월군,기타,False,0.07142857142857142,0.14285714285714285,0.07142857142857142
4835,1,1,2021,2021,2,2,1,1,37.165320492048,128.208339635667,충청북도 제천시 모산동,충청북도,제천시,기타,False,0.07142857142857142,0.14285714285714285,0.07142857142857142
4860,1,1,2021,2021,2,2,1,1,36.070843212945,126.652962485232,충청남도 서천군 마서면(장천로749번길9 부근),충청남도,서천군,기타,False,0.07142857142857142,0.14285714285714285,0.07142857142857142
4869,1,1,2021,2021,2,2,1,1,35.846122952014,127.120221323356,전라북도 전주시 덕진구 덕진동2가(덕진동2가기린대로5411 부근),전북특별자치도,전주시 덕진구,기타,False,0.07142857142857142,0.14285714285714285,0.07142857142857142
4871,1,1,2021,2021,2,2,1,1,35.981704782351,126.71378036887,전라북도 군산시 선양동(동행교회 부근),전북특별자치도,군산시,기타,False,0.07142857142857142,0.14285714285714285,0.07142857142857142
1945,1,1,2016,2016,2,2,1,1,35.172848434009,126.884449433196,광주광역시 북구 운암동(동운고가 부근),전남광주통합특별시,북구,기타,False,0.07142857142857142,0.14285714285714285,0.07142857142857142
2819,1,1,2017,2017,2,2,1,1,35.193301739585,128.082169781611,경상남도 진주시 중안동(진주우체국 부근),경상남도,진주시,기타,False,0.07142857142857142,0.14285714285714285,0.07142857142857142
4812,1,1,2021,2021,2,2,1,1,37.955819800544,127.316562345777,경기도 포천시 일동면(일동면기산리899 부근),경기도,포천시,기타,False,0.07142857142857142,0.14285714285714285,0.07142857142857142
4813,1,1,2021,2021,2,2,1,0,37.2613818408,127.641433574801,경기도 여주시 점봉동(코카콜라사거리 부근),경기도,여주시,교차로·사거리,False,0.07142857142857142,0.14285714285714285,0.07142857142857142
419,1,1,2013,2013,2,2,2,0,35.93720829253,126.969431181105,전라북도 익산시 마동((우림그린맨션) 부근),전북특별자치도,익산시,기타,False,0.07142857142857142,0.14285714285714285,0.14285714285714285
426,1,1,2013,2013,2,2,2,0,35.407549459141,127.388112943758,전라북도 남원시 죽항동(현대자동차그린서비스죽향점 부근),전북특별자치도,남원시,기타,False,0.07142857142857142,0.14285714285714285,0.14285714285714285
4782,1,1,2021,2021,2,2,1,0,37.653526175593,127.328598606741,경기도 남양주시 화도읍(월산리입구 부근),경기도,남양주시,기타,False,0.07142857142857142,0.14285714285714285,0.07142857142857142
4792,1,1,2021,2021,2,2,1,1,37.242961861901,127.103753903921,경기도 용인시 기흥구 공세동(한일마을입구삼거리 부근),경기도,용인시 기흥구,교차로·사거리,False,0.07142857142857142,0.14285714285714285,0.07142857142857142
4796,1,1,2021,2021,2,2,2,0,37.728136926379,126.813035409857,경기도 파주시 조리읍(바위재길앞 부근),경기도,파주시,기타,False,0.07142857142857142,0.14285714285714285,0.14285714285714285
4797,1,1,2021,2021,2,2,1,1,37.753187229908,126.742877389581,경기도 파주시 교하동(북진로삼거리 부근),경기도,파주시,교차로·사거리,False,0.07142857142857142,0.14285714285714285,0.07142857142857142
4798,1,1,2021,2021,2,2,1,1,37.762716268242,126.795151282107,경기도 파주시 아동동(풍원세차장 부근),경기도,파주시,기타,False,0.07142857142857142,0.14285714285714285,0.07142857142857142
4806,1,1,2021,2021,2,2,1,0,37.414540040092,127.25240359675,경기도 광주시 경안동(공설운동장앞교차로 부근),경기도,광주시,교차로·사거리,False,0.07142857142857142,0.14285714285714285,0.07142857142857142
4762,1,1,2021,2021,2,2,1,0,36.969045401625,127.062206889138,경기도 평택시 팽성읍(객사리1723 부근),경기도,평택시,기타,False,0.07142857142857142,0.14285714285714285,0.07142857142857142
4769,1,1,2021,2021,2,2,1,1,37.689569525614,126.763747406818,경기도 고양시 일산서구 일산동(탄현동1621 부근),경기도,고양시 일산서구,기타,False,0.07142857142857142,0.14285714285714285,0.07142857142857142
4771,1,1,2021,2021,2,2,1,1,37.429155167278,126.991487998573,경기도 과천시 별양동(소방서삼거리 부근),경기도,과천시,교차로·사거리,False,0.07142857142857142,0.14285714285714285,0.07142857142857142
4728,1,1,2021,2021,2,2,2,0,37.255681371099,127.07537132173,경기도 수원시 영통구 영통동(느티나무사거리 부근),경기도,수원시 영통구,교차로·사거리,False,0.07142857142857142,0.14285714285714285,0.14285714285714285
2836,1,1,2017,2017,2,2,1,1,33.510859948329,126.515960290836,제주특별자치도 제주시 용담일동(우아미 부근),제주특별자치도,제주시,기타,False,0.07142857142857142,0.14285714285714285,0.07142857142857142
2856,1,1,2018,2018,2,2,1,1,37.558100934412,127.039394505353,서울특별시 성동구 행당동(행당과선교 부근),서울특별시,성동구,기타,False,0.07142857142857142,0.14285714285714285,0.07142857142857142
2877,1,1,2018,2018,2,2,1,1,37.591999427433,127.08271607229,서울특별시 중랑구 면목동(우림목재합판 부근),서울특별시,중랑구,기타,False,0.07142857142857142,0.14285714285714285,0.07142857142857142
4701,1,1,2021,2021,2,2,1,1,36.32049248584,127.446814639885,대전광역시 동구 신흥동(신흥동208 부근),대전광역시,동구,기타,False,0.07142857142857142,0.14285714285714285,0.07142857142857142
4716,1,1,2021,2021,2,2,1,1,35.522134778998,129.344643531475,울산광역시 남구 여천동(경남냉동앞 부근),울산광역시,남구,기타,False,0.07142857142857142,0.14285714285714285,0.07142857142857142
4724,1,1,2021,2021,2,2,1,0,37.263578948411,127.008178199865,경기도 수원시 권선구 세류동(동립말사거리 부근),경기도,수원시 권선구,교차로·사거리,False,0.07142857142857142,0.14285714285714285,0.07142857142857142
4691,1,1,2021,2021,2,2,1,1,35.129059685457,126.897872107013,광주광역시 남구 주월동(주월동12171 부근),전남광주통합특별시,남구,기타,False,0.07142857142857142,0.14285714285714285,0.07142857142857142
4695,1,1,2021,2021,2,2,1,1,35.171081504509,126.895045389434,광주광역시 북구 신안동(신안교교차로 부근),전남광주통합특별시,북구,교차로·사거리,False,0.07142857142857142,0.14285714285714285,0.07142857142857142
4663,1,1,2021,2021,2,2,1,1,35.879249234965,128.648917229947,대구광역시 수성구 만촌동(유성청자아파트 부근),대구광역시,수성구,기타,False,0.07142857142857142,0.14285714285714285,0.07142857142857142
4665,1,1,2021,2021,2,2,1,1,35.818590508846,128.540109925634,대구광역시 달서구 상인동(상인동15191 부근),대구광역시,달서구,기타,False,0.07142857142857142,0.14285714285714285,0.07142857142857142
4666,1,1,2021,2021,2,2,1,0,35.851458402184,128.509691602087,대구광역시 달서구 이곡동(성서경찰서교차로 부근),대구광역시,달서구,교차로·사거리,False,0.07142857142857142,0.14285714285714285,0.07142857142857142
4670,1,1,2021,2021,2,2,1,1,37.461930346809,126.671532382015,인천광역시 미추홀구 도화동(도화IC 부근),인천광역시,미추홀구,기타,False,0.07142857142857142,0.14285714285714285,0.07142857142857142
4671,1,1,2021,2021,2,2,1,1,37.451890866771,126.673012796504,인천광역시 미추홀구 주안동(능력교회 부근),인천광역시,미추홀구,기타,False,0.07142857142857142,0.14285714285714285,0.07142857142857142
2919,1,1,2018,2018,2,2,1,1,37.588902610168,126.937405895867,서울특별시 서대문구 홍제동(7호포차 부근),서울특별시,서대문구,기타,False,0.07142857142857142,0.14285714285714285,0.07142857142857142
4631,1,1,2021,2021,2,2,1,1,35.183172209531,129.107028811731,부산광역시 연제구 연산동(부산은행토곡지점 부근),부산광역시,연제구,은행,False,0.07142857142857142,0.14285714285714285,0.07142857142857142
4639,1,1,2021,2021,2,2,1,1,35.166078713563,128.975688317263,부산광역시 사상구 괘법동(창진초등학교 부근),부산광역시,사상구,학교,False,0.07142857142857142,0.14285714285714285,0.07142857142857142
4640,1,1,2021,2021,2,2,1,0,35.151531649767,128.977975334595,부산광역시 사상구 학장동(감전동174 부근),부산광역시,사상구,기타,False,0.07142857142857142,0.14285714285714285,0.07142857142857142
4615,1,1,2021,2021,2,2,1,1,35.213791350791,129.014915256535,부산광역시 북구 덕천동(덕천IC고가 부근),부산광역시,북구,기타,False,0.07142857142857142,0.14285714285714285,0.07142857142857142
2939,1,1,2018,2018,2,2,1,1,37.501538572548,126.846696838889,서울특별시 구로구 개봉동(개봉1동사거리 부근),서울특별시,구로구,교차로·사거리,False,0.07142857142857142,0.14285714285714285,0.07142857142857142
4573,1,1,2021,2021,2,2,1,0,37.489081830863,127.008046212664,서울특별시 서초구 서초동(서초동17411 부근),서울특별시,서초구,기타,False,0.07142857142857142,0.14285714285714285,0.07142857142857142
4595,1,1,2021,2021,2,2,1,0,35.139373705133,129.056383837845,부산광역시 동구 범일동(갈매기식당 부근),부산광역시,동구,기타,False,0.07142857142857142,0.14285714285714285,0.07142857142857142
362,1,1,2013,2013,2,2,2,0,37.689206932455,127.875021780632,강원도 홍천군 북방면(현대자동차 부근),강원특별자치도,홍천군,기타,False,0.07142857142857142,0.14285714285714285,0.14285714285714285
2436,1,1,2017,2017,2,2,1,0,35.224177541062,129.077678811729,부산광역시 동래구 사직동(우리집원 우리집고아원 부근),부산광역시,동래구,기타,False,0.07142857142857142,0.14285714285714285,0.07142857142857142
4547,1,1,2021,2021,2,2,1,1,37.573379066991,126.816915794729,서울특별시 강서구 방화동(신방화사거리 부근),서울특별시,강서구,교차로·사거리,False,0.07142857142857142,0.14285714285714285,0.07142857142857142
4548,1,1,2021,2021,2,2,1,1,37.552109607773,126.850033038595,서울특별시 강서구 화곡동(우장공원입구교차로 부근),서울특별시,강서구,교차로·사거리,False,0.07142857142857142,0.14285714285714285,0.07142857142857142
4558,1,1,2021,2021,2,2,1,1,37.515844078442,126.91731819438,서울특별시 영등포구 신길동(엔씨티오피스텔 부근),서울특별시,영등포구,기타,False,0.07142857142857142,0.14285714285714285,0.07142857142857142
972,1,1,2014,2014,2,2,2,0,34.964562428214,127.603977396141,전라남도 광양시 광양읍(경찰서삼거리 부근),전남광주통합특별시,광양시,교차로·사거리,False,0.07142857142857142,0.14285714285714285,0.14285714285714285
2956,1,1,2018,2018,2,2,1,0,37.482703893771,126.982236624122,서울특별시 동작구 사당동(밝은서울정신건강의학과의원 부근),서울특별시,동작구,병원·의원,False,0.07142857142857142,0.14285714285714285,0.07142857142857142
2963,1,1,2018,2018,2,2,1,1,37.481043881971,126.909605125577,서울특별시 관악구 신림동(금천경찰서 부근),서울특별시,관악구,기타,False,0.07142857142857142,0.14285714285714285,0.07142857142857142
4493,1,1,2021,2021,2,2,2,0,37.545287404691,127.083341569659,서울특별시 광진구 구의동(구의사거리 부근),서울특별시,광진구,교차로·사거리,False,0.07142857142857142,0.14285714285714285,0.14285714285714285
4538,1,1,2021,2021,2,2,1,1,37.554699457415,126.914755479083,서울특별시 마포구 서교동(서교동감리교회 부근),서울특별시,마포구,기타,False,0.07142857142857142,0.14285714285714285,0.07142857142857142
3008,1,1,2018,2018,2,2,1,1,35.213553826349,129.004158846854,부산광역시 북구 덕천동(현대오일뱅크북부산새마을금고주유소 부근),부산광역시,북구,은행,False,0.07142857142857142,0.14285714285714285,0.07142857142857142
3016,1,1,2018,2018,2,2,1,1,35.104393178403,128.964663293577,부산광역시 사하구 하단동(하단지구대 부근),부산광역시,사하구,기타,False,0.07142857142857142,0.14285714285714285,0.07142857142857142
3025,1,1,2018,2018,2,2,1,1,35.162254897846,129.111776354396,부산광역시 수영구 광안동(남부산농협신광안지점 부근),부산광역시,수영구,은행,False,0.07142857142857142,0.14285714285714285,0.07142857142857142
3030,1,1,2018,2018,2,2,1,1,35.860233912966,128.604067033168,대구광역시 중구 대봉동(웨딩쿨 부근),대구광역시,중구,기타,False,0.07142857142857142,0.14285714285714285,0.07142857142857142
4444,1,1,2020,2020,2,2,1,1,35.225354920894,128.570814516878,경상남도 창원시 마산회원구 회원동(석진사거리 부근),경상남도,창원시 마산회원구,교차로·사거리,False,0.07142857142857142,0.14285714285714285,0.07142857142857142
4459,1,1,2020,2020,2,2,1,1,35.235204141259,128.899288105363,경상남도 김해시 어방동(활천로36번길75 부근),경상남도,김해시,기타,False,0.07142857142857142,0.14285714285714285,0.07142857142857142
4477,1,1,2020,2020,2,2,1,1,33.496531829881,126.532139396617,제주특별자치도 제주시 이도이동(영도갤럭시타운 부근),제주특별자치도,제주시,기타,False,0.07142857142857142,0.14285714285714285,0.07142857142857142
3031,1,1,2018,2018,2,2,1,0,35.87772974853,128.581919776278,대구광역시 중구 달성동(달성네거리 부근),대구광역시,중구,기타,False,0.07142857142857142,0.14285714285714285,0.07142857142857142
2399,1,1,2017,2017,2,2,1,1,37.483620603309,127.009078940142,서울특별시 서초구 서초동(탑스벤쳐타운입구 부근),서울특별시,서초구,기타,False,0.07142857142857142,0.14285714285714285,0.07142857142857142
3061,1,1,2018,2018,2,2,1,1,37.463292024708,126.695306892001,인천광역시 남구 주안동(간석역입구교차로 부근),인천광역시,남구,교차로·사거리,False,0.07142857142857142,0.14285714285714285,0.07142857142857142
3065,1,1,2018,2018,2,2,1,0,37.457190291899,126.697960026935,인천광역시 남동구 간석동(이진호내과 부근),인천광역시,남동구,기타,False,0.07142857142857142,0.14285714285714285,0.07142857142857142
4338,1,1,2020,2020,2,2,1,1,37.138134596336,128.203913275079,충청북도 제천시 서부동(제일공구상사 부근),충청북도,제천시,기타,False,0.07142857142857142,0.14285714285714285,0.07142857142857142
4339,1,1,2020,2020,2,2,1,1,36.7868898337,127.582000758629,충청북도 증평군 증평읍(군청사거리증평대교남측 부근),충청북도,증평군,주민센터·행정,False,0.07142857142857142,0.14285714285714285,0.07142857142857142
4369,1,1,2020,2020,2,2,1,0,35.869340498366,127.070839852878,전라북도 전주시 덕진구 여의동(호남제일문광장 부근),전북특별자치도,전주시 덕진구,기타,False,0.07142857142857142,0.14285714285714285,0.07142857142857142
4379,1,1,2020,2020,2,2,1,1,35.569873961515,126.840780584058,전라북도 정읍시 연지동(정읍시수방자재창고입구 부근),전북특별자치도,정읍시,기타,False,0.07142857142857142,0.14285714285714285,0.07142857142857142
4335,1,1,2020,2020,2,2,1,0,36.634436086857,127.447129126509,충청북도 청주시 흥덕구 복대동(산업단지육거리 부근),충청북도,청주시 흥덕구,기타,False,0.07142857142857142,0.14285714285714285,0.07142857142857142
3080,1,1,2018,2018,2,2,1,0,35.137858893374,126.878533453557,광주광역시 서구 화정동(염주종합체육관앞교차로 부근),전남광주통합특별시,서구,교차로·사거리,False,0.07142857142857142,0.14285714285714285,0.07142857142857142
3083,1,1,2018,2018,2,2,2,0,35.109725167084,126.889438557145,광주광역시 남구 송하동,전남광주통합특별시,남구,기타,False,0.07142857142857142,0.14285714285714285,0.14285714285714285
3089,1,1,2018,2018,2,2,1,1,35.172200153215,126.809050200907,광주광역시 광산구 월곡동(사암로입구교차로 부근),전남광주통합특별시,광산구,교차로·사거리,False,0.07142857142857142,0.14285714285714285,0.07142857142857142
3102,1,1,2018,2018,2,2,1,1,36.438963684527,127.42610981102,대전광역시 대덕구 덕암동(덕암119안전센터 부근),대전광역시,대덕구,기타,False,0.07142857142857142,0.14285714285714285,0.07142857142857142
4302,1,1,2020,2020,2,2,2,0,37.010565356707,127.219915387286,경기도 안성시 대덕면(내리사거리 부근),경기도,안성시,교차로·사거리,False,0.07142857142857142,0.14285714285714285,0.14285714285714285
4316,1,1,2020,2020,2,2,1,1,37.867400334759,127.729313966268,강원도 춘천시 효자동(어린이보호구역 부근),강원특별자치도,춘천시,기타,False,0.07142857142857142,0.14285714285714285,0.07142857142857142
4320,1,1,2020,2020,2,2,1,0,37.490248390951,129.108351102023,강원도 동해시 동회동(그린옥사우나이용소 부근),강원특별자치도,동해시,기타,False,0.07142857142857142,0.14285714285714285,0.07142857142857142
4326,1,1,2020,2020,2,2,1,1,37.442324815938,129.160138488302,강원도 삼척시 성북동(죽서루길75 부근),강원특별자치도,삼척시,기타,False,0.07142857142857142,0.14285714285714285,0.07142857142857142
4328,1,1,2020,2020,2,2,1,0,37.183894132709,128.472565214714,강원도 영월군 영월읍(영월경찰서영월지구대입구 부근),강원특별자치도,영월군,기타,False,0.07142857142857142,0.14285714285714285,0.07142857142857142
262,1,1,2013,2013,2,2,2,0,36.313961203548,127.399092624526,대전광역시 중구 유천동(동양국제결혼상담소 부근),대전광역시,중구,기타,False,0.07142857142857142,0.14285714285714285,0.14285714285714285
4278,1,1,2020,2020,2,2,2,0,37.561341022671,127.233745632056,경기도 남양주시 와부읍(동막골입구 부근),경기도,남양주시,기타,False,0.07142857142857142,0.14285714285714285,0.14285714285714285
4286,1,1,2020,2020,2,2,1,1,37.383165916175,126.977519660205,경기도 의왕시 내손동(공용주차장앞교차로 부근),경기도,의왕시,교차로·사거리,False,0.07142857142857142,0.14285714285714285,0.07142857142857142
3126,1,1,2018,2018,2,2,1,0,37.461268746157,127.167584676493,경기도 성남시 중원구 은행동(한솥도시락성남을지대옆점 부근),경기도,성남시 중원구,은행,False,0.07142857142857142,0.14285714285714285,0.07142857142857142
4260,1,1,2020,2020,2,2,1,1,36.995408227009,127.090592698096,경기도 평택시 비전동(평택경찰서오거리 부근),경기도,평택시,교차로·사거리,False,0.07142857142857142,0.14285714285714285,0.07142857142857142
3137,1,1,2018,2018,2,2,1,0,37.745333039489,127.050654210724,경기도 의정부시 의정부동(진흥건강원 부근),경기도,의정부시,기타,False,0.07142857142857142,0.14285714285714285,0.07142857142857142
3153,1,1,2018,2018,2,2,1,1,37.515685016251,126.770273129502,경기도 부천시 삼정동(신흥시장사거리 부근),경기도,부천시,전통시장,False,0.07142857142857142,0.14285714285714285,0.07142857142857142
1133,1,1,2015,2015,2,2,1,1,37.617943814456,127.075884446111,서울특별시 노원구 공릉동(태릉입구역 부근),서울특별시,노원구,기타,False,0.07142857142857142,0.14285714285714285,0.07142857142857142
3160,1,1,2018,2018,2,2,1,1,37.328004450746,126.789543692588,경기도 안산시 단원구 원곡동(안산역삼거리 부근),경기도,안산시 단원구,교차로·사거리,False,0.07142857142857142,0.14285714285714285,0.07142857142857142
3171,1,1,2018,2018,2,2,1,1,37.156091722056,127.072707188087,경기도 오산시 오산동(운동장사거리 부근),경기도,오산시,교차로·사거리,False,0.07142857142857142,0.14285714285714285,0.07142857142857142
3173,1,1,2018,2018,2,2,2,0,37.352041506112,126.741894700381,경기도 시흥시 정왕동(정왕역 부근),경기도,시흥시,기타,False,0.07142857142857142,0.14285714285714285,0.14285714285714285
3205,1,1,2018,2018,2,2,1,1,37.869254790777,127.728855096187,강원도 춘천시 효자동(효자사거리 부근),강원특별자치도,춘천시,교차로·사거리,False,0.07142857142857142,0.14285714285714285,0.07142857142857142
3208,1,1,2018,2018,2,2,1,1,37.350471629763,127.944842062312,강원도 원주시 일산동(CU원주시청점 부근),강원특별자치도,원주시,주민센터·행정,False,0.07142857142857142,0.14285714285714285,0.07142857142857142
4172,1,1,2020,2020,2,2,1,1,37.462616934225,126.69923100281,인천광역시 남동구 간석동(주원삼거리 부근),인천광역시,남동구,교차로·사거리,False,0.07142857142857142,0.14285714285714285,0.07142857142857142
4194,1,1,2020,2020,2,2,1,0,35.179995059425,126.936292524382,광주광역시 북구 각화동(각화사거리 부근),전남광주통합특별시,북구,교차로·사거리,False,0.07142857142857142,0.14285714285714285,0.07142857142857142
4203,1,1,2020,2020,2,2,1,0,36.32429592202,127.428045409269,대전광역시 중구 목동(대흥사거리 부근),대전광역시,중구,교차로·사거리,False,0.07142857142857142,0.14285714285714285,0.07142857142857142
2393,1,1,2017,2017,2,2,1,1,37.486334924518,126.937338306419,서울특별시 관악구 봉천동(진아빌리지 부근),서울특별시,관악구,기타,False,0.07142857142857142,0.14285714285714285,0.07142857142857142
3221,1,1,2018,2018,2,2,1,0,36.606156961775,127.50404900396,충청북도 청주시 상당구 용암동(롯데시네마청주용암점 부근),충청북도,청주시 상당구,기타,False,0.07142857142857142,0.14285714285714285,0.07142857142857142
3229,1,1,2018,2018,2,2,1,1,36.641097823007,127.479083568553,충청북도 청주시 서원구 사직동(충북원예농협하나로마트청주점 부근),충청북도,청주시 서원구,은행,False,0.07142857142857142,0.14285714285714285,0.07142857142857142
3270,1,1,2018,2018,2,2,1,0,35.845049425891,127.122093579656,전라북도 전주시 덕진구 덕진동1가(중고백화점 부근),전북특별자치도,전주시 덕진구,마트·상가,False,0.07142857142857142,0.14285714285714285,0.07142857142857142
4121,1,1,2020,2020,2,2,1,1,35.180255961744,129.08115967458,부산광역시 연제구 연산동(누보빌입구 부근),부산광역시,연제구,기타,False,0.07142857142857142,0.14285714285714285,0.07142857142857142
3275,1,1,2018,2018,2,2,1,1,35.992495268243,126.7044242234,전라북도 군산시 해망동(항구수산 부근),전북특별자치도,군산시,기타,False,0.07142857142857142,0.14285714285714285,0.07142857142857142
3282,1,1,2018,2018,2,2,1,1,35.944767499921,126.958038979516,전라북도 익산시 남중동(찬미맛집 부근),전북특별자치도,익산시,기타,False,0.07142857142857142,0.14285714285714285,0.07142857142857142
4082,1,1,2020,2020,2,2,1,0,35.155600662042,129.041728990302,부산광역시 부산진구 가야동(가야삼거리 부근),부산광역시,부산진구,교차로·사거리,False,0.07142857142857142,0.14285714285714285,0.07142857142857142
4083,1,1,2020,2020,2,2,1,0,35.157209967367,129.065415124809,부산광역시 부산진구 전포동(전포사거리 부근),부산광역시,부산진구,교차로·사거리,False,0.07142857142857142,0.14285714285714285,0.07142857142857142
3320,1,1,2018,2018,2,2,1,1,36.017440645171,129.353916212664,경상북도 포항시 북구 죽도동(대학약국 부근),경상북도,포항시 북구,약국,False,0.07142857142857142,0.14285714285714285,0.07142857142857142
3325,1,1,2018,2018,2,2,1,0,35.84180254775,129.220824430604,경상북도 경주시 황오동(짬뽕상회경주점 부근),경상북도,경주시,기타,False,0.07142857142857142,0.14285714285714285,0.07142857142857142
249,1,1,2013,2013,2,2,2,0,35.134138200219,126.913521160474,광주광역시 남구 방림동(원어린이집 부근),전남광주통합특별시,남구,기타,False,0.07142857142857142,0.14285714285714285,0.14285714285714285
2153,1,1,2016,2016,2,2,2,0,34.808317973297,126.372745369304,전라남도 목포시 산정동((무안기사식당) 부근),전남광주통합특별시,목포시,기타,False,0.07142857142857142,0.14285714285714285,0.14285714285714285
2154,1,1,2016,2016,2,2,1,0,34.793452095339,126.397237016676,전라남도 목포시 산정동((목포오일총판) 부근),전남광주통합특별시,목포시,기타,False,0.07142857142857142,0.14285714285714285,0.07142857142857142
2349,1,1,2017,2017,2,2,1,1,37.545319525776,126.947353267341,서울특별시 마포구 염리동(서울여고 부근),서울특별시,마포구,기타,False,0.07142857142857142,0.14285714285714285,0.07142857142857142
2358,1,1,2017,2017,2,2,1,1,37.549702484183,126.874691574957,서울특별시 강서구 염창동(태진아파트앞 부근),서울특별시,강서구,기타,False,0.07142857142857142,0.14285714285714285,0.07142857142857142
1286,1,1,2015,2015,2,2,1,1,35.142731322194,129.108638520852,부산광역시 수영구 남천동(KBS삼거리 부근),부산광역시,수영구,교차로·사거리,False,0.07142857142857142,0.14285714285714285,0.07142857142857142
4010,1,1,2020,2020,2,2,1,0,37.549236534639,126.847336530258,서울특별시 강서구 화곡동(해바라기주유소입구 부근),서울특별시,강서구,기타,False,0.07142857142857142,0.14285714285714285,0.07142857142857142
3897,1,1,2019,2019,2,2,1,1,35.240740490982,128.915490434337,경상남도 김해시 삼방동(한일아파트사거리 부근),경상남도,김해시,교차로·사거리,False,0.07142857142857142,0.14285714285714285,0.07142857142857142
3903,1,1,2019,2019,2,2,1,0,35.313861924889,128.998928644343,경상남도 양산시 물금읍(물금부영사랑으로2차아파트입구 부근),경상남도,양산시,기타,False,0.07142857142857142,0.14285714285714285,0.07142857142857142
3399,1,1,2019,2019,2,2,1,0,37.535734395827,126.999370497851,서울특별시 용산구 한남동(가봉대사관 부근),서울특별시,용산구,기타,False,0.07142857142857142,0.14285714285714285,0.07142857142857142
3400,1,1,2019,2019,2,2,1,0,37.5334432587,126.988952377152,서울특별시 용산구 이태원동(한스양복 부근),서울특별시,용산구,기타,False,0.07142857142857142,0.14285714285714285,0.07142857142857142
1594,1,1,2015,2015,2,2,2,0,35.677522889571,129.334281487102,경상북도 경주시 외동읍(모화 부근),경상북도,경주시,기타,False,0.07142857142857142,0.14285714285714285,0.14285714285714285
3890,1,1,2019,2019,2,2,2,0,34.84679164402,128.421987875241,경상남도 통영시 문화동(통영문화관 부근),경상남도,통영시,기타,False,0.07142857142857142,0.14285714285714285,0.14285714285714285
3434,1,1,2019,2019,2,2,1,0,37.62907074482,127.012847354023,서울특별시 강북구 수유동(프레비스타 부근),서울특별시,강북구,기타,False,0.07142857142857142,0.14285714285714285,0.07142857142857142
3824,1,1,2019,2019,2,2,1,1,34.812225160664,126.399373573832,전라남도 목포시 용해동(종원빌딩 부근),전남광주통합특별시,목포시,기타,False,0.07142857142857142,0.14285714285714285,0.07142857142857142
3456,1,1,2019,2019,2,2,1,0,37.556545940044,126.941911099119,서울특별시 서대문구 대현동(CGV신촌아트레온 부근),서울특별시,서대문구,기타,False,0.07142857142857142,0.14285714285714285,0.07142857142857142
3477,1,1,2019,2019,2,2,1,1,37.517112984078,126.894522091922,서울특별시 영등포구 문래동3가(문래근린공원입구 부근),서울특별시,영등포구,기타,False,0.07142857142857142,0.14285714285714285,0.07142857142857142
1558,1,1,2015,2015,2,2,2,0,35.986874099861,126.694372155552,전라북도 군산시 해망동((주)유니드합판(창고) 부근),전북특별자치도,군산시,기타,False,0.07142857142857142,0.14285714285714285,0.14285714285714285
1563,1,1,2015,2015,2,2,2,0,35.888277228612,126.972164290051,전라북도 김제시 백구면(제실 부근),전북특별자치도,김제시,기타,False,0.07142857142857142,0.14285714285714285,0.14285714285714285
2307,1,1,2017,2017,2,2,1,1,37.585513041095,127.031949741189,서울특별시 성북구 안암동5가(고대앞사거리_안암로_진입_2 부근),서울특별시,성북구,교차로·사거리,False,0.07142857142857142,0.14285714285714285,0.07142857142857142
3781,1,1,2019,2019,2,2,2,0,36.849742216731,127.182538509046,충청남도 천안시 서북구 성거읍(요방리삼거리 부근),충청남도,천안시 서북구,교차로·사거리,False,0.07142857142857142,0.14285714285714285,0.14285714285714285
3791,1,1,2019,2019,2,2,1,1,36.128358034197,127.103205836381,충청남도 논산시 연무읍(마산사거리 부근),충청남도,논산시,교차로·사거리,False,0.07142857142857142,0.14285714285714285,0.07142857142857142
1565,1,1,2015,2015,2,2,2,0,35.937161992733,127.173711152349,전라북도 완주군 용진면 완주군민체육센타 부근,전북특별자치도,완주군,기타,False,0.07142857142857142,0.14285714285714285,0.14285714285714285
1391,1,1,2015,2015,2,2,2,0,36.439814980978,127.423725680397,대전광역시 대덕구 덕암동(천섬냉동기계 부근),대전광역시,대덕구,기타,False,0.07142857142857142,0.14285714285714285,0.14285714285714285
3546,1,1,2019,2019,2,2,1,1,35.160112576935,129.16252891328,부산광역시 북구 구포동(노보텔앰버서더부산 부근),부산광역시,북구,기타,False,0.07142857142857142,0.14285714285714285,0.07142857142857142
3547,1,1,2019,2019,2,2,1,0,35.205983227245,128.996802596664,부산광역시 북구 구포동(구포역앞 부근),부산광역시,북구,역·터미널,False,0.07142857142857142,0.14285714285714285,0.07142857142857142
1493,1,1,2015,2015,2,2,2,0,37.210996166641,127.035313017683,경기도 화성시 병점동((기아큐서비스태안점앞교차로) 부근),경기도,화성시,교차로·사거리,False,0.07142857142857142,0.14285714285714285,0.14285714285714285
3562,1,1,2019,2019,2,2,2,0,35.174234546488,129.089481581711,부산광역시 연제구 연산동(김성규내과의원 부근),부산광역시,연제구,병원·의원,False,0.07142857142857142,0.14285714285714285,0.14285714285714285
3573,1,1,2019,2019,2,2,1,0,35.886916041743,128.557015341886,대구광역시 서구 비산동(두곡식당 부근),대구광역시,서구,기타,False,0.07142857142857142,0.14285714285714285,0.07142857142857142
3582,1,1,2019,2019,2,2,1,1,35.902460803524,128.596257410452,대구광역시 북구 산격동(연암네거리 부근),대구광역시,북구,기타,False,0.07142857142857142,0.14285714285714285,0.07142857142857142
3585,1,1,2019,2019,2,2,1,1,35.838102734155,128.7119580839,대구광역시 수성구 신매동(유니클로 대구신매점 부근),대구광역시,수성구,기타,False,0.07142857142857142,0.14285714285714285,0.07142857142857142
3598,1,1,2019,2019,2,2,2,0,37.416221978263,126.673154199608,인천광역시 연수구 동춘동(나래병원 부근),인천광역시,연수구,병원·의원,False,0.07142857142857142,0.14285714285714285,0.14285714285714285
3602,1,1,2019,2019,2,2,1,1,37.49292334164,126.729847337286,인천광역시 부평구 부평동(부평힘찬병원 부근),인천광역시,부평구,병원·의원,False,0.07142857142857142,0.14285714285714285,0.07142857142857142
3638,1,1,2019,2019,2,2,1,0,36.339216333968,127.374986634327,대전광역시 서구 괴정동(현대오일뱅크 금강주유소 부근),대전광역시,서구,기타,False,0.07142857142857142,0.14285714285714285,0.07142857142857142
3645,1,1,2019,2019,2,2,1,1,35.535461931324,129.320015079234,울산광역시 남구 달동(굿모닝병원 부근),울산광역시,남구,병원·의원,False,0.07142857142857142,0.14285714285714285,0.07142857142857142
3622,1,1,2019,2019,2,2,1,0,35.129830515067,126.911032399127,광주광역시 남구 봉선동(라인광장2.3차아파트정문 부근),전남광주통합특별시,남구,기타,False,0.07142857142857142,0.14285714285714285,0.07142857142857142
3626,1,1,2019,2019,2,2,2,0,35.158386572883,126.902751753791,광주광역시 북구 유동(광주북성중학교정문 부근),전남광주통합특별시,북구,학교,False,0.07142857142857142,0.14285714285714285,0.14285714285714285
2217,1,1,2016,2016,2,2,2,0,35.19808804213,128.098944208909,경상남도 진주시 초전동(선덕사 부근),경상남도,진주시,기타,False,0.07142857142857142,0.14285714285714285,0.14285714285714285
